"Idp","Vel:0","Vel:1","Vel:2","Rhop","Type","Mk","Points:0","Points:1","Points:2"
0,0.0,0.0,0.0,1000.0,0,10,-0.49,0.0,-0.04
1,0.0,0.0,0.0,1000.0,0,10,-0.48,0.0,-0.04
2,0.0,0.0,0.0,1000.0,0,10,-0.47,0.0,-0.04
3,0.0,0.0,0.0,1000.0,0,10,-0.45999999999999996,0.0,-0.04
4,0.0,0.0,0.0,1000.0,0,10,-0.45,0.0,-0.04
5,0.0,0.0,0.0,1000.0,0,10,-0.44,0.0,-0.04
6,0.0,0.0,0.0,1000.0,0,10,-0.43,0.0,-0.04
7,0.0,0.0,0.0,1000.0,0,10,-0.42,0.0,-0.04
8,0.0,0.0,0.0,1000.0,0,10,-0.41,0.0,-0.04
9,0.0,0.0,0.0,1000.0,0,10,-0.4,0.0,-0.04
10,0.0,0.0,0.0,1000.0,0,10,-0.39,0.0,-0.04
11,0.0,0.0,0.0,1000.0,0,10,-0.38,0.0,-0.04
12,0.0,0.0,0.0,1000.0,0,10,-0.37,0.0,-0.04
13,0.0,0.0,0.0,1000.0,0,10,-0.36,0.0,-0.04
14,0.0,0.0,0.0,1000.0,0,10,-0.35,0.0,-0.04
15,0.0,0.0,0.0,1000.0,0,10,-0.33999999999999997,0.0,-0.04
16,0.0,0.0,0.0,1000.0,0,10,-0.32999999999999996,0.0,-0.04
17,0.0,0.0,0.0,1000.0,0,10,-0.31999999999999995,0.0,-0.04
18,0.0,0.0,0.0,1000.0,0,10,-0.31,0.0,-0.04
19,0.0,0.0,0.0,1000.0,0,10,-0.3,0.0,-0.04
20,0.0,0.0,0.0,1000.0,0,10,-0.29,0.0,-0.04
21,0.0,0.0,0.0,1000.0,0,10,-0.28,0.0,-0.04
22,0.0,0.0,0.0,1000.0,0,10,-0.27,0.0,-0.04
23,0.0,0.0,0.0,1000.0,0,10,-0.26,0.0,-0.04
24,0.0,0.0,0.0,1000.0,0,10,-0.25,0.0,-0.04
25,0.0,0.0,0.0,1000.0,0,10,-0.24,0.0,-0.04
26,0.0,0.0,0.0,1000.0,0,10,-0.22999999999999998,0.0,-0.04
27,0.0,0.0,0.0,1000.0,0,10,-0.21999999999999997,0.0,-0.04
28,0.0,0.0,0.0,1000.0,0,10,-0.20999999999999996,0.0,-0.04
29,0.0,0.0,0.0,1000.0,0,10,-0.2,0.0,-0.04
30,0.0,0.0,0.0,1000.0,0,10,-0.19,0.0,-0.04
31,0.0,0.0,0.0,1000.0,0,10,-0.18,0.0,-0.04
32,0.0,0.0,0.0,1000.0,0,10,-0.16999999999999998,0.0,-0.04
33,0.0,0.0,0.0,1000.0,0,10,-0.15999999999999998,0.0,-0.04
34,0.0,0.0,0.0,1000.0,0,10,-0.14999999999999997,0.0,-0.04
35,0.0,0.0,0.0,1000.0,0,10,-0.13999999999999996,0.0,-0.04
36,0.0,0.0,0.0,1000.0,0,10,-0.13,0.0,-0.04
37,0.0,0.0,0.0,1000.0,0,10,-0.12,0.0,-0.04
38,0.0,0.0,0.0,1000.0,0,10,-0.10999999999999999,0.0,-0.04
39,0.0,0.0,0.0,1000.0,0,10,-0.09999999999999998,0.0,-0.04
40,0.0,0.0,0.0,1000.0,0,10,-0.08999999999999997,0.0,-0.04
41,0.0,0.0,0.0,1000.0,0,10,-0.07999999999999996,0.0,-0.04
42,0.0,0.0,0.0,1000.0,0,10,-0.07,0.0,-0.04
43,0.0,0.0,0.0,1000.0,0,10,-0.06,0.0,-0.04
44,0.0,0.0,0.0,1000.0,0,10,-0.04999999999999999,0.0,-0.04
45,0.0,0.0,0.0,1000.0,0,10,-0.03999999999999998,0.0,-0.04
46,0.0,0.0,0.0,1000.0,0,10,-0.02999999999999997,0.0,-0.04
47,0.0,0.0,0.0,1000.0,0,10,-0.019999999999999962,0.0,-0.04
48,0.0,0.0,0.0,1000.0,0,10,-0.010000000000000009,0.0,-0.04
49,0.0,0.0,0.0,1000.0,0,10,0.0,0.0,-0.04
50,0.0,0.0,0.0,1000.0,0,10,0.010000000000000009,0.0,-0.04
51,0.0,0.0,0.0,1000.0,0,10,0.020000000000000018,0.0,-0.04
52,0.0,0.0,0.0,1000.0,0,10,0.030000000000000027,0.0,-0.04
53,0.0,0.0,0.0,1000.0,0,10,0.040000000000000036,0.0,-0.04
54,0.0,0.0,0.0,1000.0,0,10,0.050000000000000044,0.0,-0.04
55,0.0,0.0,0.0,1000.0,0,10,0.06000000000000005,0.0,-0.04
56,0.0,0.0,0.0,1000.0,0,10,0.07000000000000006,0.0,-0.04
57,0.0,0.0,0.0,1000.0,0,10,0.08000000000000007,0.0,-0.04
58,0.0,0.0,0.0,1000.0,0,10,0.08999999999999997,0.0,-0.04
59,0.0,0.0,0.0,1000.0,0,10,0.09999999999999998,0.0,-0.04
60,0.0,0.0,0.0,1000.0,0,10,0.10999999999999999,0.0,-0.04
61,0.0,0.0,0.0,1000.0,0,10,0.12,0.0,-0.04
62,0.0,0.0,0.0,1000.0,0,10,0.13,0.0,-0.04
63,0.0,0.0,0.0,1000.0,0,10,0.14,0.0,-0.04
64,0.0,0.0,0.0,1000.0,0,10,0.15000000000000002,0.0,-0.04
65,0.0,0.0,0.0,1000.0,0,10,0.16000000000000003,0.0,-0.04
66,0.0,0.0,0.0,1000.0,0,10,0.17000000000000004,0.0,-0.04
67,0.0,0.0,0.0,1000.0,0,10,0.18000000000000005,0.0,-0.04
68,0.0,0.0,0.0,1000.0,0,10,0.19000000000000006,0.0,-0.04
69,0.0,0.0,0.0,1000.0,0,10,0.20000000000000007,0.0,-0.04
70,0.0,0.0,0.0,1000.0,0,10,0.21000000000000008,0.0,-0.04
71,0.0,0.0,0.0,1000.0,0,10,0.21999999999999997,0.0,-0.04
72,0.0,0.0,0.0,1000.0,0,10,0.22999999999999998,0.0,-0.04
73,0.0,0.0,0.0,1000.0,0,10,0.24,0.0,-0.04
74,0.0,0.0,0.0,1000.0,0,10,0.25,0.0,-0.04
75,0.0,0.0,0.0,1000.0,0,10,0.26,0.0,-0.04
76,0.0,0.0,0.0,1000.0,0,10,0.27,0.0,-0.04
77,0.0,0.0,0.0,1000.0,0,10,0.28,0.0,-0.04
78,0.0,0.0,0.0,1000.0,0,10,0.29000000000000004,0.0,-0.04
79,0.0,0.0,0.0,1000.0,0,10,0.30000000000000004,0.0,-0.04
80,0.0,0.0,0.0,1000.0,0,10,0.31000000000000005,0.0,-0.04
81,0.0,0.0,0.0,1000.0,0,10,0.32000000000000006,0.0,-0.04
82,0.0,0.0,0.0,1000.0,0,10,0.33000000000000007,0.0,-0.04
83,0.0,0.0,0.0,1000.0,0,10,0.3400000000000001,0.0,-0.04
84,0.0,0.0,0.0,1000.0,0,10,0.35,0.0,-0.04
85,0.0,0.0,0.0,1000.0,0,10,0.36,0.0,-0.04
86,0.0,0.0,0.0,1000.0,0,10,0.37,0.0,-0.04
87,0.0,0.0,0.0,1000.0,0,10,0.38,0.0,-0.04
88,0.0,0.0,0.0,1000.0,0,10,0.39,0.0,-0.04
89,0.0,0.0,0.0,1000.0,0,10,0.4,0.0,-0.04
90,0.0,0.0,0.0,1000.0,0,10,0.41000000000000003,0.0,-0.04
91,0.0,0.0,0.0,1000.0,0,10,0.42000000000000004,0.0,-0.04
92,0.0,0.0,0.0,1000.0,0,10,0.43000000000000005,0.0,-0.04
93,0.0,0.0,0.0,1000.0,0,10,0.44000000000000006,0.0,-0.04
94,0.0,0.0,0.0,1000.0,0,10,0.45000000000000007,0.0,-0.04
95,0.0,0.0,0.0,1000.0,0,10,0.4600000000000001,0.0,-0.04
96,0.0,0.0,0.0,1000.0,0,10,0.47,0.0,-0.04
97,0.0,0.0,0.0,1000.0,0,10,0.48,0.0,-0.04
98,0.0,0.0,0.0,1000.0,0,10,0.49,0.0,-0.04
99,0.0,0.0,0.0,1000.0,0,10,-0.49,0.0,-0.03
100,0.0,0.0,0.0,1000.0,0,10,-0.48,0.0,-0.03
101,0.0,0.0,0.0,1000.0,0,10,-0.47,0.0,-0.03
102,0.0,0.0,0.0,1000.0,0,10,-0.45999999999999996,0.0,-0.03
103,0.0,0.0,0.0,1000.0,0,10,-0.45,0.0,-0.03
104,0.0,0.0,0.0,1000.0,0,10,-0.44,0.0,-0.03
105,0.0,0.0,0.0,1000.0,0,10,-0.43,0.0,-0.03
106,0.0,0.0,0.0,1000.0,0,10,-0.42,0.0,-0.03
107,0.0,0.0,0.0,1000.0,0,10,-0.41,0.0,-0.03
108,0.0,0.0,0.0,1000.0,0,10,-0.4,0.0,-0.03
109,0.0,0.0,0.0,1000.0,0,10,-0.39,0.0,-0.03
110,0.0,0.0,0.0,1000.0,0,10,-0.38,0.0,-0.03
111,0.0,0.0,0.0,1000.0,0,10,-0.37,0.0,-0.03
112,0.0,0.0,0.0,1000.0,0,10,-0.36,0.0,-0.03
113,0.0,0.0,0.0,1000.0,0,10,-0.35,0.0,-0.03
114,0.0,0.0,0.0,1000.0,0,10,-0.33999999999999997,0.0,-0.03
115,0.0,0.0,0.0,1000.0,0,10,-0.32999999999999996,0.0,-0.03
116,0.0,0.0,0.0,1000.0,0,10,-0.31999999999999995,0.0,-0.03
117,0.0,0.0,0.0,1000.0,0,10,-0.31,0.0,-0.03
118,0.0,0.0,0.0,1000.0,0,10,-0.3,0.0,-0.03
119,0.0,0.0,0.0,1000.0,0,10,-0.29,0.0,-0.03
120,0.0,0.0,0.0,1000.0,0,10,-0.28,0.0,-0.03
121,0.0,0.0,0.0,1000.0,0,10,-0.27,0.0,-0.03
122,0.0,0.0,0.0,1000.0,0,10,-0.26,0.0,-0.03
123,0.0,0.0,0.0,1000.0,0,10,-0.25,0.0,-0.03
124,0.0,0.0,0.0,1000.0,0,10,-0.24,0.0,-0.03
125,0.0,0.0,0.0,1000.0,0,10,-0.22999999999999998,0.0,-0.03
126,0.0,0.0,0.0,1000.0,0,10,-0.21999999999999997,0.0,-0.03
127,0.0,0.0,0.0,1000.0,0,10,-0.20999999999999996,0.0,-0.03
128,0.0,0.0,0.0,1000.0,0,10,-0.2,0.0,-0.03
129,0.0,0.0,0.0,1000.0,0,10,-0.19,0.0,-0.03
130,0.0,0.0,0.0,1000.0,0,10,-0.18,0.0,-0.03
131,0.0,0.0,0.0,1000.0,0,10,-0.16999999999999998,0.0,-0.03
132,0.0,0.0,0.0,1000.0,0,10,-0.15999999999999998,0.0,-0.03
133,0.0,0.0,0.0,1000.0,0,10,-0.14999999999999997,0.0,-0.03
134,0.0,0.0,0.0,1000.0,0,10,-0.13999999999999996,0.0,-0.03
135,0.0,0.0,0.0,1000.0,0,10,-0.13,0.0,-0.03
136,0.0,0.0,0.0,1000.0,0,10,-0.12,0.0,-0.03
137,0.0,0.0,0.0,1000.0,0,10,-0.10999999999999999,0.0,-0.03
138,0.0,0.0,0.0,1000.0,0,10,-0.09999999999999998,0.0,-0.03
139,0.0,0.0,0.0,1000.0,0,10,-0.08999999999999997,0.0,-0.03
140,0.0,0.0,0.0,1000.0,0,10,-0.07999999999999996,0.0,-0.03
141,0.0,0.0,0.0,1000.0,0,10,-0.07,0.0,-0.03
142,0.0,0.0,0.0,1000.0,0,10,-0.06,0.0,-0.03
143,0.0,0.0,0.0,1000.0,0,10,-0.04999999999999999,0.0,-0.03
144,0.0,0.0,0.0,1000.0,0,10,-0.03999999999999998,0.0,-0.03
145,0.0,0.0,0.0,1000.0,0,10,-0.02999999999999997,0.0,-0.03
146,0.0,0.0,0.0,1000.0,0,10,-0.019999999999999962,0.0,-0.03
147,0.0,0.0,0.0,1000.0,0,10,-0.010000000000000009,0.0,-0.03
148,0.0,0.0,0.0,1000.0,0,10,0.0,0.0,-0.03
149,0.0,0.0,0.0,1000.0,0,10,0.010000000000000009,0.0,-0.03
150,0.0,0.0,0.0,1000.0,0,10,0.020000000000000018,0.0,-0.03
151,0.0,0.0,0.0,1000.0,0,10,0.030000000000000027,0.0,-0.03
152,0.0,0.0,0.0,1000.0,0,10,0.040000000000000036,0.0,-0.03
153,0.0,0.0,0.0,1000.0,0,10,0.050000000000000044,0.0,-0.03
154,0.0,0.0,0.0,1000.0,0,10,0.06000000000000005,0.0,-0.03
155,0.0,0.0,0.0,1000.0,0,10,0.07000000000000006,0.0,-0.03
156,0.0,0.0,0.0,1000.0,0,10,0.08000000000000007,0.0,-0.03
157,0.0,0.0,0.0,1000.0,0,10,0.08999999999999997,0.0,-0.03
158,0.0,0.0,0.0,1000.0,0,10,0.09999999999999998,0.0,-0.03
159,0.0,0.0,0.0,1000.0,0,10,0.10999999999999999,0.0,-0.03
160,0.0,0.0,0.0,1000.0,0,10,0.12,0.0,-0.03
161,0.0,0.0,0.0,1000.0,0,10,0.13,0.0,-0.03
162,0.0,0.0,0.0,1000.0,0,10,0.14,0.0,-0.03
163,0.0,0.0,0.0,1000.0,0,10,0.15000000000000002,0.0,-0.03
164,0.0,0.0,0.0,1000.0,0,10,0.16000000000000003,0.0,-0.03
165,0.0,0.0,0.0,1000.0,0,10,0.17000000000000004,0.0,-0.03
166,0.0,0.0,0.0,1000.0,0,10,0.18000000000000005,0.0,-0.03
167,0.0,0.0,0.0,1000.0,0,10,0.19000000000000006,0.0,-0.03
168,0.0,0.0,0.0,1000.0,0,10,0.20000000000000007,0.0,-0.03
169,0.0,0.0,0.0,1000.0,0,10,0.21000000000000008,0.0,-0.03
170,0.0,0.0,0.0,1000.0,0,10,0.21999999999999997,0.0,-0.03
171,0.0,0.0,0.0,1000.0,0,10,0.22999999999999998,0.0,-0.03
172,0.0,0.0,0.0,1000.0,0,10,0.24,0.0,-0.03
173,0.0,0.0,0.0,1000.0,0,10,0.25,0.0,-0.03
174,0.0,0.0,0.0,1000.0,0,10,0.26,0.0,-0.03
175,0.0,0.0,0.0,1000.0,0,10,0.27,0.0,-0.03
176,0.0,0.0,0.0,1000.0,0,10,0.28,0.0,-0.03
177,0.0,0.0,0.0,1000.0,0,10,0.29000000000000004,0.0,-0.03
178,0.0,0.0,0.0,1000.0,0,10,0.30000000000000004,0.0,-0.03
179,0.0,0.0,0.0,1000.0,0,10,0.31000000000000005,0.0,-0.03
180,0.0,0.0,0.0,1000.0,0,10,0.32000000000000006,0.0,-0.03
181,0.0,0.0,0.0,1000.0,0,10,0.33000000000000007,0.0,-0.03
182,0.0,0.0,0.0,1000.0,0,10,0.3400000000000001,0.0,-0.03
183,0.0,0.0,0.0,1000.0,0,10,0.35,0.0,-0.03
184,0.0,0.0,0.0,1000.0,0,10,0.36,0.0,-0.03
185,0.0,0.0,0.0,1000.0,0,10,0.37,0.0,-0.03
186,0.0,0.0,0.0,1000.0,0,10,0.38,0.0,-0.03
187,0.0,0.0,0.0,1000.0,0,10,0.39,0.0,-0.03
188,0.0,0.0,0.0,1000.0,0,10,0.4,0.0,-0.03
189,0.0,0.0,0.0,1000.0,0,10,0.41000000000000003,0.0,-0.03
190,0.0,0.0,0.0,1000.0,0,10,0.42000000000000004,0.0,-0.03
191,0.0,0.0,0.0,1000.0,0,10,0.43000000000000005,0.0,-0.03
192,0.0,0.0,0.0,1000.0,0,10,0.44000000000000006,0.0,-0.03
193,0.0,0.0,0.0,1000.0,0,10,0.45000000000000007,0.0,-0.03
194,0.0,0.0,0.0,1000.0,0,10,0.4600000000000001,0.0,-0.03
195,0.0,0.0,0.0,1000.0,0,10,0.47,0.0,-0.03
196,0.0,0.0,0.0,1000.0,0,10,0.48,0.0,-0.03
197,0.0,0.0,0.0,1000.0,0,10,0.49,0.0,-0.03
198,0.0,0.0,0.0,1000.0,0,10,-0.49,0.0,-0.02
199,0.0,0.0,0.0,1000.0,0,10,-0.48,0.0,-0.02
200,0.0,0.0,0.0,1000.0,0,10,-0.47,0.0,-0.02
201,0.0,0.0,0.0,1000.0,0,10,-0.45999999999999996,0.0,-0.02
202,0.0,0.0,0.0,1000.0,0,10,-0.45,0.0,-0.02
203,0.0,0.0,0.0,1000.0,0,10,-0.44,0.0,-0.02
204,0.0,0.0,0.0,1000.0,0,10,-0.43,0.0,-0.02
205,0.0,0.0,0.0,1000.0,0,10,-0.42,0.0,-0.02
206,0.0,0.0,0.0,1000.0,0,10,-0.41,0.0,-0.02
207,0.0,0.0,0.0,1000.0,0,10,-0.4,0.0,-0.02
208,0.0,0.0,0.0,1000.0,0,10,-0.39,0.0,-0.02
209,0.0,0.0,0.0,1000.0,0,10,-0.38,0.0,-0.02
210,0.0,0.0,0.0,1000.0,0,10,-0.37,0.0,-0.02
211,0.0,0.0,0.0,1000.0,0,10,-0.36,0.0,-0.02
212,0.0,0.0,0.0,1000.0,0,10,-0.35,0.0,-0.02
213,0.0,0.0,0.0,1000.0,0,10,-0.33999999999999997,0.0,-0.02
214,0.0,0.0,0.0,1000.0,0,10,-0.32999999999999996,0.0,-0.02
215,0.0,0.0,0.0,1000.0,0,10,-0.31999999999999995,0.0,-0.02
216,0.0,0.0,0.0,1000.0,0,10,-0.31,0.0,-0.02
217,0.0,0.0,0.0,1000.0,0,10,-0.3,0.0,-0.02
218,0.0,0.0,0.0,1000.0,0,10,-0.29,0.0,-0.02
219,0.0,0.0,0.0,1000.0,0,10,-0.28,0.0,-0.02
220,0.0,0.0,0.0,1000.0,0,10,-0.27,0.0,-0.02
221,0.0,0.0,0.0,1000.0,0,10,-0.26,0.0,-0.02
222,0.0,0.0,0.0,1000.0,0,10,-0.25,0.0,-0.02
223,0.0,0.0,0.0,1000.0,0,10,-0.24,0.0,-0.02
224,0.0,0.0,0.0,1000.0,0,10,-0.22999999999999998,0.0,-0.02
225,0.0,0.0,0.0,1000.0,0,10,-0.21999999999999997,0.0,-0.02
226,0.0,0.0,0.0,1000.0,0,10,-0.20999999999999996,0.0,-0.02
227,0.0,0.0,0.0,1000.0,0,10,-0.2,0.0,-0.02
228,0.0,0.0,0.0,1000.0,0,10,-0.19,0.0,-0.02
229,0.0,0.0,0.0,1000.0,0,10,-0.18,0.0,-0.02
230,0.0,0.0,0.0,1000.0,0,10,-0.16999999999999998,0.0,-0.02
231,0.0,0.0,0.0,1000.0,0,10,-0.15999999999999998,0.0,-0.02
232,0.0,0.0,0.0,1000.0,0,10,-0.14999999999999997,0.0,-0.02
233,0.0,0.0,0.0,1000.0,0,10,-0.13999999999999996,0.0,-0.02
234,0.0,0.0,0.0,1000.0,0,10,-0.13,0.0,-0.02
235,0.0,0.0,0.0,1000.0,0,10,-0.12,0.0,-0.02
236,0.0,0.0,0.0,1000.0,0,10,-0.10999999999999999,0.0,-0.02
237,0.0,0.0,0.0,1000.0,0,10,-0.09999999999999998,0.0,-0.02
238,0.0,0.0,0.0,1000.0,0,10,-0.08999999999999997,0.0,-0.02
239,0.0,0.0,0.0,1000.0,0,10,-0.07999999999999996,0.0,-0.02
240,0.0,0.0,0.0,1000.0,0,10,-0.07,0.0,-0.02
241,0.0,0.0,0.0,1000.0,0,10,-0.06,0.0,-0.02
242,0.0,0.0,0.0,1000.0,0,10,-0.04999999999999999,0.0,-0.02
243,0.0,0.0,0.0,1000.0,0,10,-0.03999999999999998,0.0,-0.02
244,0.0,0.0,0.0,1000.0,0,10,-0.02999999999999997,0.0,-0.02
245,0.0,0.0,0.0,1000.0,0,10,-0.019999999999999962,0.0,-0.02
246,0.0,0.0,0.0,1000.0,0,10,-0.010000000000000009,0.0,-0.02
247,0.0,0.0,0.0,1000.0,0,10,0.0,0.0,-0.02
248,0.0,0.0,0.0,1000.0,0,10,0.010000000000000009,0.0,-0.02
249,0.0,0.0,0.0,1000.0,0,10,0.020000000000000018,0.0,-0.02
250,0.0,0.0,0.0,1000.0,0,10,0.030000000000000027,0.0,-0.02
251,0.0,0.0,0.0,1000.0,0,10,0.040000000000000036,0.0,-0.02
252,0.0,0.0,0.0,1000.0,0,10,0.050000000000000044,0.0,-0.02
253,0.0,0.0,0.0,1000.0,0,10,0.06000000000000005,0.0,-0.02
254,0.0,0.0,0.0,1000.0,0,10,0.07000000000000006,0.0,-0.02
255,0.0,0.0,0.0,1000.0,0,10,0.08000000000000007,0.0,-0.02
256,0.0,0.0,0.0,1000.0,0,10,0.08999999999999997,0.0,-0.02
257,0.0,0.0,0.0,1000.0,0,10,0.09999999999999998,0.0,-0.02
258,0.0,0.0,0.0,1000.0,0,10,0.10999999999999999,0.0,-0.02
259,0.0,0.0,0.0,1000.0,0,10,0.12,0.0,-0.02
260,0.0,0.0,0.0,1000.0,0,10,0.13,0.0,-0.02
261,0.0,0.0,0.0,1000.0,0,10,0.14,0.0,-0.02
262,0.0,0.0,0.0,1000.0,0,10,0.15000000000000002,0.0,-0.02
263,0.0,0.0,0.0,1000.0,0,10,0.16000000000000003,0.0,-0.02
264,0.0,0.0,0.0,1000.0,0,10,0.17000000000000004,0.0,-0.02
265,0.0,0.0,0.0,1000.0,0,10,0.18000000000000005,0.0,-0.02
266,0.0,0.0,0.0,1000.0,0,10,0.19000000000000006,0.0,-0.02
267,0.0,0.0,0.0,1000.0,0,10,0.20000000000000007,0.0,-0.02
268,0.0,0.0,0.0,1000.0,0,10,0.21000000000000008,0.0,-0.02
269,0.0,0.0,0.0,1000.0,0,10,0.21999999999999997,0.0,-0.02
270,0.0,0.0,0.0,1000.0,0,10,0.22999999999999998,0.0,-0.02
271,0.0,0.0,0.0,1000.0,0,10,0.24,0.0,-0.02
272,0.0,0.0,0.0,1000.0,0,10,0.25,0.0,-0.02
273,0.0,0.0,0.0,1000.0,0,10,0.26,0.0,-0.02
274,0.0,0.0,0.0,1000.0,0,10,0.27,0.0,-0.02
275,0.0,0.0,0.0,1000.0,0,10,0.28,0.0,-0.02
276,0.0,0.0,0.0,1000.0,0,10,0.29000000000000004,0.0,-0.02
277,0.0,0.0,0.0,1000.0,0,10,0.30000000000000004,0.0,-0.02
278,0.0,0.0,0.0,1000.0,0,10,0.31000000000000005,0.0,-0.02
279,0.0,0.0,0.0,1000.0,0,10,0.32000000000000006,0.0,-0.02
280,0.0,0.0,0.0,1000.0,0,10,0.33000000000000007,0.0,-0.02
281,0.0,0.0,0.0,1000.0,0,10,0.3400000000000001,0.0,-0.02
282,0.0,0.0,0.0,1000.0,0,10,0.35,0.0,-0.02
283,0.0,0.0,0.0,1000.0,0,10,0.36,0.0,-0.02
284,0.0,0.0,0.0,1000.0,0,10,0.37,0.0,-0.02
285,0.0,0.0,0.0,1000.0,0,10,0.38,0.0,-0.02
286,0.0,0.0,0.0,1000.0,0,10,0.39,0.0,-0.02
287,0.0,0.0,0.0,1000.0,0,10,0.4,0.0,-0.02
288,0.0,0.0,0.0,1000.0,0,10,0.41000000000000003,0.0,-0.02
289,0.0,0.0,0.0,1000.0,0,10,0.42000000000000004,0.0,-0.02
290,0.0,0.0,0.0,1000.0,0,10,0.43000000000000005,0.0,-0.02
291,0.0,0.0,0.0,1000.0,0,10,0.44000000000000006,0.0,-0.02
292,0.0,0.0,0.0,1000.0,0,10,0.45000000000000007,0.0,-0.02
293,0.0,0.0,0.0,1000.0,0,10,0.4600000000000001,0.0,-0.02
294,0.0,0.0,0.0,1000.0,0,10,0.47,0.0,-0.02
295,0.0,0.0,0.0,1000.0,0,10,0.48,0.0,-0.02
296,0.0,0.0,0.0,1000.0,0,10,0.49,0.0,-0.02
297,0.0,0.0,0.0,1000.0,0,10,-0.49,0.0,-0.010000000000000002
298,0.0,0.0,0.0,1000.0,0,10,-0.48,0.0,-0.010000000000000002
299,0.0,0.0,0.0,1000.0,0,10,-0.47,0.0,-0.010000000000000002
300,0.0,0.0,0.0,1000.0,0,10,-0.45999999999999996,0.0,-0.010000000000000002
301,0.0,0.0,0.0,1000.0,0,10,-0.45,0.0,-0.010000000000000002
302,0.0,0.0,0.0,1000.0,0,10,-0.44,0.0,-0.010000000000000002
303,0.0,0.0,0.0,1000.0,0,10,-0.43,0.0,-0.010000000000000002
304,0.0,0.0,0.0,1000.0,0,10,-0.42,0.0,-0.010000000000000002
305,0.0,0.0,0.0,1000.0,0,10,-0.41,0.0,-0.010000000000000002
306,0.0,0.0,0.0,1000.0,0,10,-0.4,0.0,-0.010000000000000002
307,0.0,0.0,0.0,1000.0,0,10,-0.39,0.0,-0.010000000000000002
308,0.0,0.0,0.0,1000.0,0,10,-0.38,0.0,-0.010000000000000002
309,0.0,0.0,0.0,1000.0,0,10,-0.37,0.0,-0.010000000000000002
310,0.0,0.0,0.0,1000.0,0,10,-0.36,0.0,-0.010000000000000002
311,0.0,0.0,0.0,1000.0,0,10,-0.35,0.0,-0.010000000000000002
312,0.0,0.0,0.0,1000.0,0,10,-0.33999999999999997,0.0,-0.010000000000000002
313,0.0,0.0,0.0,1000.0,0,10,-0.32999999999999996,0.0,-0.010000000000000002
314,0.0,0.0,0.0,1000.0,0,10,-0.31999999999999995,0.0,-0.010000000000000002
315,0.0,0.0,0.0,1000.0,0,10,-0.31,0.0,-0.010000000000000002
316,0.0,0.0,0.0,1000.0,0,10,-0.3,0.0,-0.010000000000000002
317,0.0,0.0,0.0,1000.0,0,10,-0.29,0.0,-0.010000000000000002
318,0.0,0.0,0.0,1000.0,0,10,-0.28,0.0,-0.010000000000000002
319,0.0,0.0,0.0,1000.0,0,10,-0.27,0.0,-0.010000000000000002
320,0.0,0.0,0.0,1000.0,0,10,-0.26,0.0,-0.010000000000000002
321,0.0,0.0,0.0,1000.0,0,10,-0.25,0.0,-0.010000000000000002
322,0.0,0.0,0.0,1000.0,0,10,-0.24,0.0,-0.010000000000000002
323,0.0,0.0,0.0,1000.0,0,10,-0.22999999999999998,0.0,-0.010000000000000002
324,0.0,0.0,0.0,1000.0,0,10,-0.21999999999999997,0.0,-0.010000000000000002
325,0.0,0.0,0.0,1000.0,0,10,-0.20999999999999996,0.0,-0.010000000000000002
326,0.0,0.0,0.0,1000.0,0,10,-0.2,0.0,-0.010000000000000002
327,0.0,0.0,0.0,1000.0,0,10,-0.19,0.0,-0.010000000000000002
328,0.0,0.0,0.0,1000.0,0,10,-0.18,0.0,-0.010000000000000002
329,0.0,0.0,0.0,1000.0,0,10,-0.16999999999999998,0.0,-0.010000000000000002
330,0.0,0.0,0.0,1000.0,0,10,-0.15999999999999998,0.0,-0.010000000000000002
331,0.0,0.0,0.0,1000.0,0,10,-0.14999999999999997,0.0,-0.010000000000000002
332,0.0,0.0,0.0,1000.0,0,10,-0.13999999999999996,0.0,-0.010000000000000002
333,0.0,0.0,0.0,1000.0,0,10,-0.13,0.0,-0.010000000000000002
334,0.0,0.0,0.0,1000.0,0,10,-0.12,0.0,-0.010000000000000002
335,0.0,0.0,0.0,1000.0,0,10,-0.10999999999999999,0.0,-0.010000000000000002
336,0.0,0.0,0.0,1000.0,0,10,-0.09999999999999998,0.0,-0.010000000000000002
337,0.0,0.0,0.0,1000.0,0,10,-0.08999999999999997,0.0,-0.010000000000000002
338,0.0,0.0,0.0,1000.0,0,10,-0.07999999999999996,0.0,-0.010000000000000002
339,0.0,0.0,0.0,1000.0,0,10,-0.07,0.0,-0.010000000000000002
340,0.0,0.0,0.0,1000.0,0,10,-0.06,0.0,-0.010000000000000002
341,0.0,0.0,0.0,1000.0,0,10,-0.04999999999999999,0.0,-0.010000000000000002
342,0.0,0.0,0.0,1000.0,0,10,-0.03999999999999998,0.0,-0.010000000000000002
343,0.0,0.0,0.0,1000.0,0,10,-0.02999999999999997,0.0,-0.010000000000000002
344,0.0,0.0,0.0,1000.0,0,10,-0.019999999999999962,0.0,-0.010000000000000002
345,0.0,0.0,0.0,1000.0,0,10,-0.010000000000000009,0.0,-0.010000000000000002
346,0.0,0.0,0.0,1000.0,0,10,0.0,0.0,-0.010000000000000002
347,0.0,0.0,0.0,1000.0,0,10,0.010000000000000009,0.0,-0.010000000000000002
348,0.0,0.0,0.0,1000.0,0,10,0.020000000000000018,0.0,-0.010000000000000002
349,0.0,0.0,0.0,1000.0,0,10,0.030000000000000027,0.0,-0.010000000000000002
350,0.0,0.0,0.0,1000.0,0,10,0.040000000000000036,0.0,-0.010000000000000002
351,0.0,0.0,0.0,1000.0,0,10,0.050000000000000044,0.0,-0.010000000000000002
352,0.0,0.0,0.0,1000.0,0,10,0.06000000000000005,0.0,-0.010000000000000002
353,0.0,0.0,0.0,1000.0,0,10,0.07000000000000006,0.0,-0.010000000000000002
354,0.0,0.0,0.0,1000.0,0,10,0.08000000000000007,0.0,-0.010000000000000002
355,0.0,0.0,0.0,1000.0,0,10,0.08999999999999997,0.0,-0.010000000000000002
356,0.0,0.0,0.0,1000.0,0,10,0.09999999999999998,0.0,-0.010000000000000002
357,0.0,0.0,0.0,1000.0,0,10,0.10999999999999999,0.0,-0.010000000000000002
358,0.0,0.0,0.0,1000.0,0,10,0.12,0.0,-0.010000000000000002
359,0.0,0.0,0.0,1000.0,0,10,0.13,0.0,-0.010000000000000002
360,0.0,0.0,0.0,1000.0,0,10,0.14,0.0,-0.010000000000000002
361,0.0,0.0,0.0,1000.0,0,10,0.15000000000000002,0.0,-0.010000000000000002
362,0.0,0.0,0.0,1000.0,0,10,0.16000000000000003,0.0,-0.010000000000000002
363,0.0,0.0,0.0,1000.0,0,10,0.17000000000000004,0.0,-0.010000000000000002
364,0.0,0.0,0.0,1000.0,0,10,0.18000000000000005,0.0,-0.010000000000000002
365,0.0,0.0,0.0,1000.0,0,10,0.19000000000000006,0.0,-0.010000000000000002
366,0.0,0.0,0.0,1000.0,0,10,0.20000000000000007,0.0,-0.010000000000000002
367,0.0,0.0,0.0,1000.0,0,10,0.21000000000000008,0.0,-0.010000000000000002
368,0.0,0.0,0.0,1000.0,0,10,0.21999999999999997,0.0,-0.010000000000000002
369,0.0,0.0,0.0,1000.0,0,10,0.22999999999999998,0.0,-0.010000000000000002
370,0.0,0.0,0.0,1000.0,0,10,0.24,0.0,-0.010000000000000002
371,0.0,0.0,0.0,1000.0,0,10,0.25,0.0,-0.010000000000000002
372,0.0,0.0,0.0,1000.0,0,10,0.26,0.0,-0.010000000000000002
373,0.0,0.0,0.0,1000.0,0,10,0.27,0.0,-0.010000000000000002
374,0.0,0.0,0.0,1000.0,0,10,0.28,0.0,-0.010000000000000002
375,0.0,0.0,0.0,1000.0,0,10,0.29000000000000004,0.0,-0.010000000000000002
376,0.0,0.0,0.0,1000.0,0,10,0.30000000000000004,0.0,-0.010000000000000002
377,0.0,0.0,0.0,1000.0,0,10,0.31000000000000005,0.0,-0.010000000000000002
378,0.0,0.0,0.0,1000.0,0,10,0.32000000000000006,0.0,-0.010000000000000002
379,0.0,0.0,0.0,1000.0,0,10,0.33000000000000007,0.0,-0.010000000000000002
380,0.0,0.0,0.0,1000.0,0,10,0.3400000000000001,0.0,-0.010000000000000002
381,0.0,0.0,0.0,1000.0,0,10,0.35,0.0,-0.010000000000000002
382,0.0,0.0,0.0,1000.0,0,10,0.36,0.0,-0.010000000000000002
383,0.0,0.0,0.0,1000.0,0,10,0.37,0.0,-0.010000000000000002
384,0.0,0.0,0.0,1000.0,0,10,0.38,0.0,-0.010000000000000002
385,0.0,0.0,0.0,1000.0,0,10,0.39,0.0,-0.010000000000000002
386,0.0,0.0,0.0,1000.0,0,10,0.4,0.0,-0.010000000000000002
387,0.0,0.0,0.0,1000.0,0,10,0.41000000000000003,0.0,-0.010000000000000002
388,0.0,0.0,0.0,1000.0,0,10,0.42000000000000004,0.0,-0.010000000000000002
389,0.0,0.0,0.0,1000.0,0,10,0.43000000000000005,0.0,-0.010000000000000002
390,0.0,0.0,0.0,1000.0,0,10,0.44000000000000006,0.0,-0.010000000000000002
391,0.0,0.0,0.0,1000.0,0,10,0.45000000000000007,0.0,-0.010000000000000002
392,0.0,0.0,0.0,1000.0,0,10,0.4600000000000001,0.0,-0.010000000000000002
393,0.0,0.0,0.0,1000.0,0,10,0.47,0.0,-0.010000000000000002
394,0.0,0.0,0.0,1000.0,0,10,0.48,0.0,-0.010000000000000002
395,0.0,0.0,0.0,1000.0,0,10,0.49,0.0,-0.010000000000000002
396,0.0,0.0,0.0,1000.0,0,10,-0.49,0.0,0.0
397,0.0,0.0,0.0,1000.0,0,10,-0.48,0.0,0.0
398,0.0,0.0,0.0,1000.0,0,10,-0.47,0.0,0.0
399,0.0,0.0,0.0,1000.0,0,10,-0.45999999999999996,0.0,0.0
400,0.0,0.0,0.0,1000.0,0,10,-0.45,0.0,0.0
401,0.0,0.0,0.0,1000.0,0,10,-0.44,0.0,0.0
402,0.0,0.0,0.0,1000.0,0,10,-0.43,0.0,0.0
403,0.0,0.0,0.0,1000.0,0,10,-0.42,0.0,0.0
404,0.0,0.0,0.0,1000.0,0,10,-0.41,0.0,0.0
405,0.0,0.0,0.0,1000.0,0,10,-0.4,0.0,0.0
406,0.0,0.0,0.0,1000.0,0,10,-0.39,0.0,0.0
407,0.0,0.0,0.0,1000.0,0,10,-0.38,0.0,0.0
408,0.0,0.0,0.0,1000.0,0,10,-0.37,0.0,0.0
409,0.0,0.0,0.0,1000.0,0,10,-0.36,0.0,0.0
410,0.0,0.0,0.0,1000.0,0,10,-0.35,0.0,0.0
411,0.0,0.0,0.0,1000.0,0,10,-0.33999999999999997,0.0,0.0
412,0.0,0.0,0.0,1000.0,0,10,-0.32999999999999996,0.0,0.0
413,0.0,0.0,0.0,1000.0,0,10,-0.31999999999999995,0.0,0.0
414,0.0,0.0,0.0,1000.0,0,10,-0.31,0.0,0.0
415,0.0,0.0,0.0,1000.0,0,10,-0.3,0.0,0.0
416,0.0,0.0,0.0,1000.0,0,10,-0.29,0.0,0.0
417,0.0,0.0,0.0,1000.0,0,10,-0.28,0.0,0.0
418,0.0,0.0,0.0,1000.0,0,10,-0.27,0.0,0.0
419,0.0,0.0,0.0,1000.0,0,10,-0.26,0.0,0.0
420,0.0,0.0,0.0,1000.0,0,10,-0.25,0.0,0.0
421,0.0,0.0,0.0,1000.0,0,10,-0.24,0.0,0.0
422,0.0,0.0,0.0,1000.0,0,10,-0.22999999999999998,0.0,0.0
423,0.0,0.0,0.0,1000.0,0,10,-0.21999999999999997,0.0,0.0
424,0.0,0.0,0.0,1000.0,0,10,-0.20999999999999996,0.0,0.0
425,0.0,0.0,0.0,1000.0,0,10,-0.2,0.0,0.0
426,0.0,0.0,0.0,1000.0,0,10,-0.19,0.0,0.0
427,0.0,0.0,0.0,1000.0,0,10,-0.18,0.0,0.0
428,0.0,0.0,0.0,1000.0,0,10,-0.16999999999999998,0.0,0.0
429,0.0,0.0,0.0,1000.0,0,10,-0.15999999999999998,0.0,0.0
430,0.0,0.0,0.0,1000.0,0,10,-0.14999999999999997,0.0,0.0
431,0.0,0.0,0.0,1000.0,0,10,-0.13999999999999996,0.0,0.0
432,0.0,0.0,0.0,1000.0,0,10,-0.13,0.0,0.0
433,0.0,0.0,0.0,1000.0,0,10,-0.12,0.0,0.0
434,0.0,0.0,0.0,1000.0,0,10,-0.10999999999999999,0.0,0.0
435,0.0,0.0,0.0,1000.0,0,10,-0.09999999999999998,0.0,0.0
436,0.0,0.0,0.0,1000.0,0,10,-0.08999999999999997,0.0,0.0
437,0.0,0.0,0.0,1000.0,0,10,-0.07999999999999996,0.0,0.0
438,0.0,0.0,0.0,1000.0,0,10,-0.07,0.0,0.0
439,0.0,0.0,0.0,1000.0,0,10,-0.06,0.0,0.0
440,0.0,0.0,0.0,1000.0,0,10,-0.04999999999999999,0.0,0.0
441,0.0,0.0,0.0,1000.0,0,10,-0.03999999999999998,0.0,0.0
442,0.0,0.0,0.0,1000.0,0,10,-0.02999999999999997,0.0,0.0
443,0.0,0.0,0.0,1000.0,0,10,-0.019999999999999962,0.0,0.0
444,0.0,0.0,0.0,1000.0,0,10,-0.010000000000000009,0.0,0.0
445,0.0,0.0,0.0,1000.0,0,10,0.0,0.0,0.0
446,0.0,0.0,0.0,1000.0,0,10,0.010000000000000009,0.0,0.0
447,0.0,0.0,0.0,1000.0,0,10,0.020000000000000018,0.0,0.0
448,0.0,0.0,0.0,1000.0,0,10,0.030000000000000027,0.0,0.0
449,0.0,0.0,0.0,1000.0,0,10,0.040000000000000036,0.0,0.0
450,0.0,0.0,0.0,1000.0,0,10,0.050000000000000044,0.0,0.0
451,0.0,0.0,0.0,1000.0,0,10,0.06000000000000005,0.0,0.0
452,0.0,0.0,0.0,1000.0,0,10,0.07000000000000006,0.0,0.0
453,0.0,0.0,0.0,1000.0,0,10,0.08000000000000007,0.0,0.0
454,0.0,0.0,0.0,1000.0,0,10,0.08999999999999997,0.0,0.0
455,0.0,0.0,0.0,1000.0,0,10,0.09999999999999998,0.0,0.0
456,0.0,0.0,0.0,1000.0,0,10,0.10999999999999999,0.0,0.0
457,0.0,0.0,0.0,1000.0,0,10,0.12,0.0,0.0
458,0.0,0.0,0.0,1000.0,0,10,0.13,0.0,0.0
459,0.0,0.0,0.0,1000.0,0,10,0.14,0.0,0.0
460,0.0,0.0,0.0,1000.0,0,10,0.15000000000000002,0.0,0.0
461,0.0,0.0,0.0,1000.0,0,10,0.16000000000000003,0.0,0.0
462,0.0,0.0,0.0,1000.0,0,10,0.17000000000000004,0.0,0.0
463,0.0,0.0,0.0,1000.0,0,10,0.18000000000000005,0.0,0.0
464,0.0,0.0,0.0,1000.0,0,10,0.19000000000000006,0.0,0.0
465,0.0,0.0,0.0,1000.0,0,10,0.20000000000000007,0.0,0.0
466,0.0,0.0,0.0,1000.0,0,10,0.21000000000000008,0.0,0.0
467,0.0,0.0,0.0,1000.0,0,10,0.21999999999999997,0.0,0.0
468,0.0,0.0,0.0,1000.0,0,10,0.22999999999999998,0.0,0.0
469,0.0,0.0,0.0,1000.0,0,10,0.24,0.0,0.0
470,0.0,0.0,0.0,1000.0,0,10,0.25,0.0,0.0
471,0.0,0.0,0.0,1000.0,0,10,0.26,0.0,0.0
472,0.0,0.0,0.0,1000.0,0,10,0.27,0.0,0.0
473,0.0,0.0,0.0,1000.0,0,10,0.28,0.0,0.0
474,0.0,0.0,0.0,1000.0,0,10,0.29000000000000004,0.0,0.0
475,0.0,0.0,0.0,1000.0,0,10,0.30000000000000004,0.0,0.0
476,0.0,0.0,0.0,1000.0,0,10,0.31000000000000005,0.0,0.0
477,0.0,0.0,0.0,1000.0,0,10,0.32000000000000006,0.0,0.0
478,0.0,0.0,0.0,1000.0,0,10,0.33000000000000007,0.0,0.0
479,0.0,0.0,0.0,1000.0,0,10,0.3400000000000001,0.0,0.0
480,0.0,0.0,0.0,1000.0,0,10,0.35,0.0,0.0
481,0.0,0.0,0.0,1000.0,0,10,0.36,0.0,0.0
482,0.0,0.0,0.0,1000.0,0,10,0.37,0.0,0.0
483,0.0,0.0,0.0,1000.0,0,10,0.38,0.0,0.0
484,0.0,0.0,0.0,1000.0,0,10,0.39,0.0,0.0
485,0.0,0.0,0.0,1000.0,0,10,0.4,0.0,0.0
486,0.0,0.0,0.0,1000.0,0,10,0.41000000000000003,0.0,0.0
487,0.0,0.0,0.0,1000.0,0,10,0.42000000000000004,0.0,0.0
488,0.0,0.0,0.0,1000.0,0,10,0.43000000000000005,0.0,0.0
489,0.0,0.0,0.0,1000.0,0,10,0.44000000000000006,0.0,0.0
490,0.0,0.0,0.0,1000.0,0,10,0.45000000000000007,0.0,0.0
491,0.0,0.0,0.0,1000.0,0,10,0.4600000000000001,0.0,0.0
492,0.0,0.0,0.0,1000.0,0,10,0.47,0.0,0.0
493,0.0,0.0,0.0,1000.0,0,10,0.48,0.0,0.0
494,0.0,0.0,0.0,1000.0,0,10,0.49,0.0,0.0
495,0.0,0.0,0.0,1000.0,0,10,-0.49,0.0,0.010000000000000002
496,0.0,0.0,0.0,1000.0,0,10,-0.48,0.0,0.010000000000000002
497,0.0,0.0,0.0,1000.0,0,10,-0.47,0.0,0.010000000000000002
498,0.0,0.0,0.0,1000.0,0,10,-0.45999999999999996,0.0,0.010000000000000002
499,0.0,0.0,0.0,1000.0,0,10,-0.45,0.0,0.010000000000000002
500,0.0,0.0,0.0,1000.0,0,10,0.45000000000000007,0.0,0.010000000000000002
501,0.0,0.0,0.0,1000.0,0,10,0.4600000000000001,0.0,0.010000000000000002
502,0.0,0.0,0.0,1000.0,0,10,0.47,0.0,0.010000000000000002
503,0.0,0.0,0.0,1000.0,0,10,0.48,0.0,0.010000000000000002
504,0.0,0.0,0.0,1000.0,0,10,0.49,0.0,0.010000000000000002
505,0.0,0.0,0.0,1000.0,0,10,-0.49,0.0,0.019999999999999997
506,0.0,0.0,0.0,1000.0,0,10,-0.48,0.0,0.019999999999999997
507,0.0,0.0,0.0,1000.0,0,10,-0.47,0.0,0.019999999999999997
508,0.0,0.0,0.0,1000.0,0,10,-0.45999999999999996,0.0,0.019999999999999997
509,0.0,0.0,0.0,1000.0,0,10,-0.45,0.0,0.019999999999999997
510,0.0,0.0,0.0,1000.0,0,10,0.45000000000000007,0.0,0.019999999999999997
511,0.0,0.0,0.0,1000.0,0,10,0.4600000000000001,0.0,0.019999999999999997
512,0.0,0.0,0.0,1000.0,0,10,0.47,0.0,0.019999999999999997
513,0.0,0.0,0.0,1000.0,0,10,0.48,0.0,0.019999999999999997
514,0.0,0.0,0.0,1000.0,0,10,0.49,0.0,0.019999999999999997
515,0.0,0.0,0.0,1000.0,0,10,-0.49,0.0,0.030000000000000006
516,0.0,0.0,0.0,1000.0,0,10,-0.48,0.0,0.030000000000000006
517,0.0,0.0,0.0,1000.0,0,10,-0.47,0.0,0.030000000000000006
518,0.0,0.0,0.0,1000.0,0,10,-0.45999999999999996,0.0,0.030000000000000006
519,0.0,0.0,0.0,1000.0,0,10,-0.45,0.0,0.030000000000000006
520,0.0,0.0,0.0,1000.0,0,10,0.45000000000000007,0.0,0.030000000000000006
521,0.0,0.0,0.0,1000.0,0,10,0.4600000000000001,0.0,0.030000000000000006
522,0.0,0.0,0.0,1000.0,0,10,0.47,0.0,0.030000000000000006
523,0.0,0.0,0.0,1000.0,0,10,0.48,0.0,0.030000000000000006
524,0.0,0.0,0.0,1000.0,0,10,0.49,0.0,0.030000000000000006
525,0.0,0.0,0.0,1000.0,0,10,-0.49,0.0,0.04
526,0.0,0.0,0.0,1000.0,0,10,-0.48,0.0,0.04
527,0.0,0.0,0.0,1000.0,0,10,-0.47,0.0,0.04
528,0.0,0.0,0.0,1000.0,0,10,-0.45999999999999996,0.0,0.04
529,0.0,0.0,0.0,1000.0,0,10,-0.45,0.0,0.04
530,0.0,0.0,0.0,1000.0,0,10,0.45000000000000007,0.0,0.04
531,0.0,0.0,0.0,1000.0,0,10,0.4600000000000001,0.0,0.04
532,0.0,0.0,0.0,1000.0,0,10,0.47,0.0,0.04
533,0.0,0.0,0.0,1000.0,0,10,0.48,0.0,0.04
534,0.0,0.0,0.0,1000.0,0,10,0.49,0.0,0.04
535,0.0,0.0,0.0,1000.0,0,10,-0.49,0.0,0.049999999999999996
536,0.0,0.0,0.0,1000.0,0,10,-0.48,0.0,0.049999999999999996
537,0.0,0.0,0.0,1000.0,0,10,-0.47,0.0,0.049999999999999996
538,0.0,0.0,0.0,1000.0,0,10,-0.45999999999999996,0.0,0.049999999999999996
539,0.0,0.0,0.0,1000.0,0,10,-0.45,0.0,0.049999999999999996
540,0.0,0.0,0.0,1000.0,0,10,0.45000000000000007,0.0,0.049999999999999996
541,0.0,0.0,0.0,1000.0,0,10,0.4600000000000001,0.0,0.049999999999999996
542,0.0,0.0,0.0,1000.0,0,10,0.47,0.0,0.049999999999999996
543,0.0,0.0,0.0,1000.0,0,10,0.48,0.0,0.049999999999999996
544,0.0,0.0,0.0,1000.0,0,10,0.49,0.0,0.049999999999999996
545,0.0,0.0,0.0,1000.0,0,10,-0.49,0.0,0.060000000000000005
546,0.0,0.0,0.0,1000.0,0,10,-0.48,0.0,0.060000000000000005
547,0.0,0.0,0.0,1000.0,0,10,-0.47,0.0,0.060000000000000005
548,0.0,0.0,0.0,1000.0,0,10,-0.45999999999999996,0.0,0.060000000000000005
549,0.0,0.0,0.0,1000.0,0,10,-0.45,0.0,0.060000000000000005
550,0.0,0.0,0.0,1000.0,0,10,0.45000000000000007,0.0,0.060000000000000005
551,0.0,0.0,0.0,1000.0,0,10,0.4600000000000001,0.0,0.060000000000000005
552,0.0,0.0,0.0,1000.0,0,10,0.47,0.0,0.060000000000000005
553,0.0,0.0,0.0,1000.0,0,10,0.48,0.0,0.060000000000000005
554,0.0,0.0,0.0,1000.0,0,10,0.49,0.0,0.060000000000000005
555,0.0,0.0,0.0,1000.0,0,10,-0.49,0.0,0.07
556,0.0,0.0,0.0,1000.0,0,10,-0.48,0.0,0.07
557,0.0,0.0,0.0,1000.0,0,10,-0.47,0.0,0.07
558,0.0,0.0,0.0,1000.0,0,10,-0.45999999999999996,0.0,0.07
559,0.0,0.0,0.0,1000.0,0,10,-0.45,0.0,0.07
560,0.0,0.0,0.0,1000.0,0,10,0.45000000000000007,0.0,0.07
561,0.0,0.0,0.0,1000.0,0,10,0.4600000000000001,0.0,0.07
562,0.0,0.0,0.0,1000.0,0,10,0.47,0.0,0.07
563,0.0,0.0,0.0,1000.0,0,10,0.48,0.0,0.07
564,0.0,0.0,0.0,1000.0,0,10,0.49,0.0,0.07
565,0.0,0.0,0.0,1000.0,0,10,-0.49,0.0,0.07999999999999999
566,0.0,0.0,0.0,1000.0,0,10,-0.48,0.0,0.07999999999999999
567,0.0,0.0,0.0,1000.0,0,10,-0.47,0.0,0.07999999999999999
568,0.0,0.0,0.0,1000.0,0,10,-0.45999999999999996,0.0,0.07999999999999999
569,0.0,0.0,0.0,1000.0,0,10,-0.45,0.0,0.07999999999999999
570,0.0,0.0,0.0,1000.0,0,10,0.45000000000000007,0.0,0.07999999999999999
571,0.0,0.0,0.0,1000.0,0,10,0.4600000000000001,0.0,0.07999999999999999
572,0.0,0.0,0.0,1000.0,0,10,0.47,0.0,0.07999999999999999
573,0.0,0.0,0.0,1000.0,0,10,0.48,0.0,0.07999999999999999
574,0.0,0.0,0.0,1000.0,0,10,0.49,0.0,0.07999999999999999
575,0.0,0.0,0.0,1000.0,0,10,-0.49,0.0,0.09
576,0.0,0.0,0.0,1000.0,0,10,-0.48,0.0,0.09
577,0.0,0.0,0.0,1000.0,0,10,-0.47,0.0,0.09
578,0.0,0.0,0.0,1000.0,0,10,-0.45999999999999996,0.0,0.09
579,0.0,0.0,0.0,1000.0,0,10,-0.45,0.0,0.09
580,0.0,0.0,0.0,1000.0,0,10,0.45000000000000007,0.0,0.09
581,0.0,0.0,0.0,1000.0,0,10,0.4600000000000001,0.0,0.09
582,0.0,0.0,0.0,1000.0,0,10,0.47,0.0,0.09
583,0.0,0.0,0.0,1000.0,0,10,0.48,0.0,0.09
584,0.0,0.0,0.0,1000.0,0,10,0.49,0.0,0.09
585,0.0,0.0,0.0,1000.0,0,10,-0.49,0.0,0.1
586,0.0,0.0,0.0,1000.0,0,10,-0.48,0.0,0.1
587,0.0,0.0,0.0,1000.0,0,10,-0.47,0.0,0.1
588,0.0,0.0,0.0,1000.0,0,10,-0.45999999999999996,0.0,0.1
589,0.0,0.0,0.0,1000.0,0,10,-0.45,0.0,0.1
590,0.0,0.0,0.0,1000.0,0,10,0.45000000000000007,0.0,0.1
591,0.0,0.0,0.0,1000.0,0,10,0.4600000000000001,0.0,0.1
592,0.0,0.0,0.0,1000.0,0,10,0.47,0.0,0.1
593,0.0,0.0,0.0,1000.0,0,10,0.48,0.0,0.1
594,0.0,0.0,0.0,1000.0,0,10,0.49,0.0,0.1
595,0.0,0.0,0.0,1000.0,0,10,-0.49,0.0,0.10999999999999999
596,0.0,0.0,0.0,1000.0,0,10,-0.48,0.0,0.10999999999999999
597,0.0,0.0,0.0,1000.0,0,10,-0.47,0.0,0.10999999999999999
598,0.0,0.0,0.0,1000.0,0,10,-0.45999999999999996,0.0,0.10999999999999999
599,0.0,0.0,0.0,1000.0,0,10,-0.45,0.0,0.10999999999999999
600,0.0,0.0,0.0,1000.0,0,10,0.45000000000000007,0.0,0.10999999999999999
601,0.0,0.0,0.0,1000.0,0,10,0.4600000000000001,0.0,0.10999999999999999
602,0.0,0.0,0.0,1000.0,0,10,0.47,0.0,0.10999999999999999
603,0.0,0.0,0.0,1000.0,0,10,0.48,0.0,0.10999999999999999
604,0.0,0.0,0.0,1000.0,0,10,0.49,0.0,0.10999999999999999
605,0.0,0.0,0.0,1000.0,0,10,-0.49,0.0,0.12
606,0.0,0.0,0.0,1000.0,0,10,-0.48,0.0,0.12
607,0.0,0.0,0.0,1000.0,0,10,-0.47,0.0,0.12
608,0.0,0.0,0.0,1000.0,0,10,-0.45999999999999996,0.0,0.12
609,0.0,0.0,0.0,1000.0,0,10,-0.45,0.0,0.12
610,0.0,0.0,0.0,1000.0,0,10,0.45000000000000007,0.0,0.12
611,0.0,0.0,0.0,1000.0,0,10,0.4600000000000001,0.0,0.12
612,0.0,0.0,0.0,1000.0,0,10,0.47,0.0,0.12
613,0.0,0.0,0.0,1000.0,0,10,0.48,0.0,0.12
614,0.0,0.0,0.0,1000.0,0,10,0.49,0.0,0.12
615,0.0,0.0,0.0,1000.0,0,10,-0.49,0.0,0.13
616,0.0,0.0,0.0,1000.0,0,10,-0.48,0.0,0.13
617,0.0,0.0,0.0,1000.0,0,10,-0.47,0.0,0.13
618,0.0,0.0,0.0,1000.0,0,10,-0.45999999999999996,0.0,0.13
619,0.0,0.0,0.0,1000.0,0,10,-0.45,0.0,0.13
620,0.0,0.0,0.0,1000.0,0,10,0.45000000000000007,0.0,0.13
621,0.0,0.0,0.0,1000.0,0,10,0.4600000000000001,0.0,0.13
622,0.0,0.0,0.0,1000.0,0,10,0.47,0.0,0.13
623,0.0,0.0,0.0,1000.0,0,10,0.48,0.0,0.13
624,0.0,0.0,0.0,1000.0,0,10,0.49,0.0,0.13
625,0.0,0.0,0.0,1000.0,0,10,-0.49,0.0,0.13999999999999999
626,0.0,0.0,0.0,1000.0,0,10,-0.48,0.0,0.13999999999999999
627,0.0,0.0,0.0,1000.0,0,10,-0.47,0.0,0.13999999999999999
628,0.0,0.0,0.0,1000.0,0,10,-0.45999999999999996,0.0,0.13999999999999999
629,0.0,0.0,0.0,1000.0,0,10,-0.45,0.0,0.13999999999999999
630,0.0,0.0,0.0,1000.0,0,10,0.45000000000000007,0.0,0.13999999999999999
631,0.0,0.0,0.0,1000.0,0,10,0.4600000000000001,0.0,0.13999999999999999
632,0.0,0.0,0.0,1000.0,0,10,0.47,0.0,0.13999999999999999
633,0.0,0.0,0.0,1000.0,0,10,0.48,0.0,0.13999999999999999
634,0.0,0.0,0.0,1000.0,0,10,0.49,0.0,0.13999999999999999
635,0.0,0.0,0.0,1000.0,0,10,-0.49,0.0,0.15
636,0.0,0.0,0.0,1000.0,0,10,-0.48,0.0,0.15
637,0.0,0.0,0.0,1000.0,0,10,-0.47,0.0,0.15
638,0.0,0.0,0.0,1000.0,0,10,-0.45999999999999996,0.0,0.15
639,0.0,0.0,0.0,1000.0,0,10,-0.45,0.0,0.15
640,0.0,0.0,0.0,1000.0,0,10,0.45000000000000007,0.0,0.15
641,0.0,0.0,0.0,1000.0,0,10,0.4600000000000001,0.0,0.15
642,0.0,0.0,0.0,1000.0,0,10,0.47,0.0,0.15
643,0.0,0.0,0.0,1000.0,0,10,0.48,0.0,0.15
644,0.0,0.0,0.0,1000.0,0,10,0.49,0.0,0.15
645,0.0,0.0,0.0,1000.0,0,10,-0.49,0.0,0.16
646,0.0,0.0,0.0,1000.0,0,10,-0.48,0.0,0.16
647,0.0,0.0,0.0,1000.0,0,10,-0.47,0.0,0.16
648,0.0,0.0,0.0,1000.0,0,10,-0.45999999999999996,0.0,0.16
649,0.0,0.0,0.0,1000.0,0,10,-0.45,0.0,0.16
650,0.0,0.0,0.0,1000.0,0,10,0.45000000000000007,0.0,0.16
651,0.0,0.0,0.0,1000.0,0,10,0.4600000000000001,0.0,0.16
652,0.0,0.0,0.0,1000.0,0,10,0.47,0.0,0.16
653,0.0,0.0,0.0,1000.0,0,10,0.48,0.0,0.16
654,0.0,0.0,0.0,1000.0,0,10,0.49,0.0,0.16
655,0.0,0.0,0.0,1000.0,0,10,-0.49,0.0,0.16999999999999998
656,0.0,0.0,0.0,1000.0,0,10,-0.48,0.0,0.16999999999999998
657,0.0,0.0,0.0,1000.0,0,10,-0.47,0.0,0.16999999999999998
658,0.0,0.0,0.0,1000.0,0,10,-0.45999999999999996,0.0,0.16999999999999998
659,0.0,0.0,0.0,1000.0,0,10,-0.45,0.0,0.16999999999999998
660,0.0,0.0,0.0,1000.0,0,10,0.45000000000000007,0.0,0.16999999999999998
661,0.0,0.0,0.0,1000.0,0,10,0.4600000000000001,0.0,0.16999999999999998
662,0.0,0.0,0.0,1000.0,0,10,0.47,0.0,0.16999999999999998
663,0.0,0.0,0.0,1000.0,0,10,0.48,0.0,0.16999999999999998
664,0.0,0.0,0.0,1000.0,0,10,0.49,0.0,0.16999999999999998
665,0.0,0.0,0.0,1000.0,0,10,-0.49,0.0,0.18
666,0.0,0.0,0.0,1000.0,0,10,-0.48,0.0,0.18
667,0.0,0.0,0.0,1000.0,0,10,-0.47,0.0,0.18
668,0.0,0.0,0.0,1000.0,0,10,-0.45999999999999996,0.0,0.18
669,0.0,0.0,0.0,1000.0,0,10,-0.45,0.0,0.18
670,0.0,0.0,0.0,1000.0,0,10,0.45000000000000007,0.0,0.18
671,0.0,0.0,0.0,1000.0,0,10,0.4600000000000001,0.0,0.18
672,0.0,0.0,0.0,1000.0,0,10,0.47,0.0,0.18
673,0.0,0.0,0.0,1000.0,0,10,0.48,0.0,0.18
674,0.0,0.0,0.0,1000.0,0,10,0.49,0.0,0.18
675,0.0,0.0,0.0,1000.0,0,10,-0.49,0.0,0.19
676,0.0,0.0,0.0,1000.0,0,10,-0.48,0.0,0.19
677,0.0,0.0,0.0,1000.0,0,10,-0.47,0.0,0.19
678,0.0,0.0,0.0,1000.0,0,10,-0.45999999999999996,0.0,0.19
679,0.0,0.0,0.0,1000.0,0,10,-0.45,0.0,0.19
680,0.0,0.0,0.0,1000.0,0,10,0.45000000000000007,0.0,0.19
681,0.0,0.0,0.0,1000.0,0,10,0.4600000000000001,0.0,0.19
682,0.0,0.0,0.0,1000.0,0,10,0.47,0.0,0.19
683,0.0,0.0,0.0,1000.0,0,10,0.48,0.0,0.19
684,0.0,0.0,0.0,1000.0,0,10,0.49,0.0,0.19
685,0.0,0.0,0.0,1000.0,0,10,-0.49,0.0,0.19999999999999998
686,0.0,0.0,0.0,1000.0,0,10,-0.48,0.0,0.19999999999999998
687,0.0,0.0,0.0,1000.0,0,10,-0.47,0.0,0.19999999999999998
688,0.0,0.0,0.0,1000.0,0,10,-0.45999999999999996,0.0,0.19999999999999998
689,0.0,0.0,0.0,1000.0,0,10,-0.45,0.0,0.19999999999999998
690,0.0,0.0,0.0,1000.0,0,10,0.45000000000000007,0.0,0.19999999999999998
691,0.0,0.0,0.0,1000.0,0,10,0.4600000000000001,0.0,0.19999999999999998
692,0.0,0.0,0.0,1000.0,0,10,0.47,0.0,0.19999999999999998
693,0.0,0.0,0.0,1000.0,0,10,0.48,0.0,0.19999999999999998
694,0.0,0.0,0.0,1000.0,0,10,0.49,0.0,0.19999999999999998
695,0.0,0.0,0.0,1000.0,0,10,-0.49,0.0,0.21
696,0.0,0.0,0.0,1000.0,0,10,-0.48,0.0,0.21
697,0.0,0.0,0.0,1000.0,0,10,-0.47,0.0,0.21
698,0.0,0.0,0.0,1000.0,0,10,-0.45999999999999996,0.0,0.21
699,0.0,0.0,0.0,1000.0,0,10,-0.45,0.0,0.21
700,0.0,0.0,0.0,1000.0,0,10,0.45000000000000007,0.0,0.21
701,0.0,0.0,0.0,1000.0,0,10,0.4600000000000001,0.0,0.21
702,0.0,0.0,0.0,1000.0,0,10,0.47,0.0,0.21
703,0.0,0.0,0.0,1000.0,0,10,0.48,0.0,0.21
704,0.0,0.0,0.0,1000.0,0,10,0.49,0.0,0.21
705,0.0,0.0,0.0,1000.0,0,10,-0.49,0.0,0.22
706,0.0,0.0,0.0,1000.0,0,10,-0.48,0.0,0.22
707,0.0,0.0,0.0,1000.0,0,10,-0.47,0.0,0.22
708,0.0,0.0,0.0,1000.0,0,10,-0.45999999999999996,0.0,0.22
709,0.0,0.0,0.0,1000.0,0,10,-0.45,0.0,0.22
710,0.0,0.0,0.0,1000.0,0,10,0.45000000000000007,0.0,0.22
711,0.0,0.0,0.0,1000.0,0,10,0.4600000000000001,0.0,0.22
712,0.0,0.0,0.0,1000.0,0,10,0.47,0.0,0.22
713,0.0,0.0,0.0,1000.0,0,10,0.48,0.0,0.22
714,0.0,0.0,0.0,1000.0,0,10,0.49,0.0,0.22
715,0.0,0.0,0.0,1000.0,0,10,-0.49,0.0,0.23
716,0.0,0.0,0.0,1000.0,0,10,-0.48,0.0,0.23
717,0.0,0.0,0.0,1000.0,0,10,-0.47,0.0,0.23
718,0.0,0.0,0.0,1000.0,0,10,-0.45999999999999996,0.0,0.23
719,0.0,0.0,0.0,1000.0,0,10,-0.45,0.0,0.23
720,0.0,0.0,0.0,1000.0,0,10,0.45000000000000007,0.0,0.23
721,0.0,0.0,0.0,1000.0,0,10,0.4600000000000001,0.0,0.23
722,0.0,0.0,0.0,1000.0,0,10,0.47,0.0,0.23
723,0.0,0.0,0.0,1000.0,0,10,0.48,0.0,0.23
724,0.0,0.0,0.0,1000.0,0,10,0.49,0.0,0.23
725,0.0,0.0,0.0,1000.0,0,10,-0.49,0.0,0.24000000000000002
726,0.0,0.0,0.0,1000.0,0,10,-0.48,0.0,0.24000000000000002
727,0.0,0.0,0.0,1000.0,0,10,-0.47,0.0,0.24000000000000002
728,0.0,0.0,0.0,1000.0,0,10,-0.45999999999999996,0.0,0.24000000000000002
729,0.0,0.0,0.0,1000.0,0,10,-0.45,0.0,0.24000000000000002
730,0.0,0.0,0.0,1000.0,0,10,0.45000000000000007,0.0,0.24000000000000002
731,0.0,0.0,0.0,1000.0,0,10,0.4600000000000001,0.0,0.24000000000000002
732,0.0,0.0,0.0,1000.0,0,10,0.47,0.0,0.24000000000000002
733,0.0,0.0,0.0,1000.0,0,10,0.48,0.0,0.24000000000000002
734,0.0,0.0,0.0,1000.0,0,10,0.49,0.0,0.24000000000000002
735,0.0,0.0,0.0,1000.0,0,10,-0.49,0.0,0.24999999999999997
736,0.0,0.0,0.0,1000.0,0,10,-0.48,0.0,0.24999999999999997
737,0.0,0.0,0.0,1000.0,0,10,-0.47,0.0,0.24999999999999997
738,0.0,0.0,0.0,1000.0,0,10,-0.45999999999999996,0.0,0.24999999999999997
739,0.0,0.0,0.0,1000.0,0,10,-0.45,0.0,0.24999999999999997
740,0.0,0.0,0.0,1000.0,0,10,0.45000000000000007,0.0,0.24999999999999997
741,0.0,0.0,0.0,1000.0,0,10,0.4600000000000001,0.0,0.24999999999999997
742,0.0,0.0,0.0,1000.0,0,10,0.47,0.0,0.24999999999999997
743,0.0,0.0,0.0,1000.0,0,10,0.48,0.0,0.24999999999999997
744,0.0,0.0,0.0,1000.0,0,10,0.49,0.0,0.24999999999999997
745,0.0,0.0,0.0,1000.0,0,10,-0.49,0.0,0.26
746,0.0,0.0,0.0,1000.0,0,10,-0.48,0.0,0.26
747,0.0,0.0,0.0,1000.0,0,10,-0.47,0.0,0.26
748,0.0,0.0,0.0,1000.0,0,10,-0.45999999999999996,0.0,0.26
749,0.0,0.0,0.0,1000.0,0,10,-0.45,0.0,0.26
750,0.0,0.0,0.0,1000.0,0,10,0.45000000000000007,0.0,0.26
751,0.0,0.0,0.0,1000.0,0,10,0.4600000000000001,0.0,0.26
752,0.0,0.0,0.0,1000.0,0,10,0.47,0.0,0.26
753,0.0,0.0,0.0,1000.0,0,10,0.48,0.0,0.26
754,0.0,0.0,0.0,1000.0,0,10,0.49,0.0,0.26
755,0.0,0.0,0.0,1000.0,0,10,-0.49,0.0,0.27
756,0.0,0.0,0.0,1000.0,0,10,-0.48,0.0,0.27
757,0.0,0.0,0.0,1000.0,0,10,-0.47,0.0,0.27
758,0.0,0.0,0.0,1000.0,0,10,-0.45999999999999996,0.0,0.27
759,0.0,0.0,0.0,1000.0,0,10,-0.45,0.0,0.27
760,0.0,0.0,0.0,1000.0,0,10,0.45000000000000007,0.0,0.27
761,0.0,0.0,0.0,1000.0,0,10,0.4600000000000001,0.0,0.27
762,0.0,0.0,0.0,1000.0,0,10,0.47,0.0,0.27
763,0.0,0.0,0.0,1000.0,0,10,0.48,0.0,0.27
764,0.0,0.0,0.0,1000.0,0,10,0.49,0.0,0.27
765,0.0,0.0,0.0,1000.0,0,10,-0.49,0.0,0.28
766,0.0,0.0,0.0,1000.0,0,10,-0.48,0.0,0.28
767,0.0,0.0,0.0,1000.0,0,10,-0.47,0.0,0.28
768,0.0,0.0,0.0,1000.0,0,10,-0.45999999999999996,0.0,0.28
769,0.0,0.0,0.0,1000.0,0,10,-0.45,0.0,0.28
770,0.0,0.0,0.0,1000.0,0,10,0.45000000000000007,0.0,0.28
771,0.0,0.0,0.0,1000.0,0,10,0.4600000000000001,0.0,0.28
772,0.0,0.0,0.0,1000.0,0,10,0.47,0.0,0.28
773,0.0,0.0,0.0,1000.0,0,10,0.48,0.0,0.28
774,0.0,0.0,0.0,1000.0,0,10,0.49,0.0,0.28
775,0.0,0.0,0.0,1000.0,0,10,-0.49,0.0,0.29000000000000004
776,0.0,0.0,0.0,1000.0,0,10,-0.48,0.0,0.29000000000000004
777,0.0,0.0,0.0,1000.0,0,10,-0.47,0.0,0.29000000000000004
778,0.0,0.0,0.0,1000.0,0,10,-0.45999999999999996,0.0,0.29000000000000004
779,0.0,0.0,0.0,1000.0,0,10,-0.45,0.0,0.29000000000000004
780,0.0,0.0,0.0,1000.0,0,10,0.45000000000000007,0.0,0.29000000000000004
781,0.0,0.0,0.0,1000.0,0,10,0.4600000000000001,0.0,0.29000000000000004
782,0.0,0.0,0.0,1000.0,0,10,0.47,0.0,0.29000000000000004
783,0.0,0.0,0.0,1000.0,0,10,0.48,0.0,0.29000000000000004
784,0.0,0.0,0.0,1000.0,0,10,0.49,0.0,0.29000000000000004
785,0.0,0.0,0.0,1000.0,0,10,-0.49,0.0,0.30000000000000004
786,0.0,0.0,0.0,1000.0,0,10,-0.48,0.0,0.30000000000000004
787,0.0,0.0,0.0,1000.0,0,10,-0.47,0.0,0.30000000000000004
788,0.0,0.0,0.0,1000.0,0,10,-0.45999999999999996,0.0,0.30000000000000004
789,0.0,0.0,0.0,1000.0,0,10,-0.45,0.0,0.30000000000000004
790,0.0,0.0,0.0,1000.0,0,10,0.45000000000000007,0.0,0.30000000000000004
791,0.0,0.0,0.0,1000.0,0,10,0.4600000000000001,0.0,0.30000000000000004
792,0.0,0.0,0.0,1000.0,0,10,0.47,0.0,0.30000000000000004
793,0.0,0.0,0.0,1000.0,0,10,0.48,0.0,0.30000000000000004
794,0.0,0.0,0.0,1000.0,0,10,0.49,0.0,0.30000000000000004
795,0.0,0.0,0.0,1000.0,0,10,-0.49,0.0,0.31000000000000005
796,0.0,0.0,0.0,1000.0,0,10,-0.48,0.0,0.31000000000000005
797,0.0,0.0,0.0,1000.0,0,10,-0.47,0.0,0.31000000000000005
798,0.0,0.0,0.0,1000.0,0,10,-0.45999999999999996,0.0,0.31000000000000005
799,0.0,0.0,0.0,1000.0,0,10,-0.45,0.0,0.31000000000000005
800,0.0,0.0,0.0,1000.0,0,10,0.45000000000000007,0.0,0.31000000000000005
801,0.0,0.0,0.0,1000.0,0,10,0.4600000000000001,0.0,0.31000000000000005
802,0.0,0.0,0.0,1000.0,0,10,0.47,0.0,0.31000000000000005
803,0.0,0.0,0.0,1000.0,0,10,0.48,0.0,0.31000000000000005
804,0.0,0.0,0.0,1000.0,0,10,0.49,0.0,0.31000000000000005
805,0.0,0.0,0.0,1000.0,0,10,-0.49,0.0,0.32
806,0.0,0.0,0.0,1000.0,0,10,-0.48,0.0,0.32
807,0.0,0.0,0.0,1000.0,0,10,-0.47,0.0,0.32
808,0.0,0.0,0.0,1000.0,0,10,-0.45999999999999996,0.0,0.32
809,0.0,0.0,0.0,1000.0,0,10,-0.45,0.0,0.32
810,0.0,0.0,0.0,1000.0,0,10,0.45000000000000007,0.0,0.32
811,0.0,0.0,0.0,1000.0,0,10,0.4600000000000001,0.0,0.32
812,0.0,0.0,0.0,1000.0,0,10,0.47,0.0,0.32
813,0.0,0.0,0.0,1000.0,0,10,0.48,0.0,0.32
814,0.0,0.0,0.0,1000.0,0,10,0.49,0.0,0.32
815,0.0,0.0,0.0,1000.0,0,10,-0.49,0.0,0.33
816,0.0,0.0,0.0,1000.0,0,10,-0.48,0.0,0.33
817,0.0,0.0,0.0,1000.0,0,10,-0.47,0.0,0.33
818,0.0,0.0,0.0,1000.0,0,10,-0.45999999999999996,0.0,0.33
819,0.0,0.0,0.0,1000.0,0,10,-0.45,0.0,0.33
820,0.0,0.0,0.0,1000.0,0,10,0.45000000000000007,0.0,0.33
821,0.0,0.0,0.0,1000.0,0,10,0.4600000000000001,0.0,0.33
822,0.0,0.0,0.0,1000.0,0,10,0.47,0.0,0.33
823,0.0,0.0,0.0,1000.0,0,10,0.48,0.0,0.33
824,0.0,0.0,0.0,1000.0,0,10,0.49,0.0,0.33
825,0.0,0.0,0.0,1000.0,0,10,-0.49,0.0,0.34
826,0.0,0.0,0.0,1000.0,0,10,-0.48,0.0,0.34
827,0.0,0.0,0.0,1000.0,0,10,-0.47,0.0,0.34
828,0.0,0.0,0.0,1000.0,0,10,-0.45999999999999996,0.0,0.34
829,0.0,0.0,0.0,1000.0,0,10,-0.45,0.0,0.34
830,0.0,0.0,0.0,1000.0,0,10,0.45000000000000007,0.0,0.34
831,0.0,0.0,0.0,1000.0,0,10,0.4600000000000001,0.0,0.34
832,0.0,0.0,0.0,1000.0,0,10,0.47,0.0,0.34
833,0.0,0.0,0.0,1000.0,0,10,0.48,0.0,0.34
834,0.0,0.0,0.0,1000.0,0,10,0.49,0.0,0.34
835,0.0,0.0,0.0,1000.0,0,10,-0.49,0.0,0.35000000000000003
836,0.0,0.0,0.0,1000.0,0,10,-0.48,0.0,0.35000000000000003
837,0.0,0.0,0.0,1000.0,0,10,-0.47,0.0,0.35000000000000003
838,0.0,0.0,0.0,1000.0,0,10,-0.45999999999999996,0.0,0.35000000000000003
839,0.0,0.0,0.0,1000.0,0,10,-0.45,0.0,0.35000000000000003
840,0.0,0.0,0.0,1000.0,0,10,0.45000000000000007,0.0,0.35000000000000003
841,0.0,0.0,0.0,1000.0,0,10,0.4600000000000001,0.0,0.35000000000000003
842,0.0,0.0,0.0,1000.0,0,10,0.47,0.0,0.35000000000000003
843,0.0,0.0,0.0,1000.0,0,10,0.48,0.0,0.35000000000000003
844,0.0,0.0,0.0,1000.0,0,10,0.49,0.0,0.35000000000000003
845,0.0,0.0,0.0,1000.0,0,10,-0.49,0.0,0.36000000000000004
846,0.0,0.0,0.0,1000.0,0,10,-0.48,0.0,0.36000000000000004
847,0.0,0.0,0.0,1000.0,0,10,-0.47,0.0,0.36000000000000004
848,0.0,0.0,0.0,1000.0,0,10,-0.45999999999999996,0.0,0.36000000000000004
849,0.0,0.0,0.0,1000.0,0,10,-0.45,0.0,0.36000000000000004
850,0.0,0.0,0.0,1000.0,0,10,0.45000000000000007,0.0,0.36000000000000004
851,0.0,0.0,0.0,1000.0,0,10,0.4600000000000001,0.0,0.36000000000000004
852,0.0,0.0,0.0,1000.0,0,10,0.47,0.0,0.36000000000000004
853,0.0,0.0,0.0,1000.0,0,10,0.48,0.0,0.36000000000000004
854,0.0,0.0,0.0,1000.0,0,10,0.49,0.0,0.36000000000000004
855,0.0,0.0,0.0,1000.0,0,10,-0.49,0.0,0.37000000000000005
856,0.0,0.0,0.0,1000.0,0,10,-0.48,0.0,0.37000000000000005
857,0.0,0.0,0.0,1000.0,0,10,-0.47,0.0,0.37000000000000005
858,0.0,0.0,0.0,1000.0,0,10,-0.45999999999999996,0.0,0.37000000000000005
859,0.0,0.0,0.0,1000.0,0,10,-0.45,0.0,0.37000000000000005
860,0.0,0.0,0.0,1000.0,0,10,0.45000000000000007,0.0,0.37000000000000005
861,0.0,0.0,0.0,1000.0,0,10,0.4600000000000001,0.0,0.37000000000000005
862,0.0,0.0,0.0,1000.0,0,10,0.47,0.0,0.37000000000000005
863,0.0,0.0,0.0,1000.0,0,10,0.48,0.0,0.37000000000000005
864,0.0,0.0,0.0,1000.0,0,10,0.49,0.0,0.37000000000000005
865,0.0,0.0,0.0,1000.0,0,10,-0.49,0.0,0.38
866,0.0,0.0,0.0,1000.0,0,10,-0.48,0.0,0.38
867,0.0,0.0,0.0,1000.0,0,10,-0.47,0.0,0.38
868,0.0,0.0,0.0,1000.0,0,10,-0.45999999999999996,0.0,0.38
869,0.0,0.0,0.0,1000.0,0,10,-0.45,0.0,0.38
870,0.0,0.0,0.0,1000.0,0,10,0.45000000000000007,0.0,0.38
871,0.0,0.0,0.0,1000.0,0,10,0.4600000000000001,0.0,0.38
872,0.0,0.0,0.0,1000.0,0,10,0.47,0.0,0.38
873,0.0,0.0,0.0,1000.0,0,10,0.48,0.0,0.38
874,0.0,0.0,0.0,1000.0,0,10,0.49,0.0,0.38
875,0.0,0.0,0.0,1000.0,0,10,-0.49,0.0,0.39
876,0.0,0.0,0.0,1000.0,0,10,-0.48,0.0,0.39
877,0.0,0.0,0.0,1000.0,0,10,-0.47,0.0,0.39
878,0.0,0.0,0.0,1000.0,0,10,-0.45999999999999996,0.0,0.39
879,0.0,0.0,0.0,1000.0,0,10,-0.45,0.0,0.39
880,0.0,0.0,0.0,1000.0,0,10,0.45000000000000007,0.0,0.39
881,0.0,0.0,0.0,1000.0,0,10,0.4600000000000001,0.0,0.39
882,0.0,0.0,0.0,1000.0,0,10,0.47,0.0,0.39
883,0.0,0.0,0.0,1000.0,0,10,0.48,0.0,0.39
884,0.0,0.0,0.0,1000.0,0,10,0.49,0.0,0.39
885,0.0,0.0,0.0,1000.0,0,10,-0.49,0.0,0.4
886,0.0,0.0,0.0,1000.0,0,10,-0.48,0.0,0.4
887,0.0,0.0,0.0,1000.0,0,10,-0.47,0.0,0.4
888,0.0,0.0,0.0,1000.0,0,10,-0.45999999999999996,0.0,0.4
889,0.0,0.0,0.0,1000.0,0,10,-0.45,0.0,0.4
890,0.0,0.0,0.0,1000.0,0,10,0.45000000000000007,0.0,0.4
891,0.0,0.0,0.0,1000.0,0,10,0.4600000000000001,0.0,0.4
892,0.0,0.0,0.0,1000.0,0,10,0.47,0.0,0.4
893,0.0,0.0,0.0,1000.0,0,10,0.48,0.0,0.4
894,0.0,0.0,0.0,1000.0,0,10,0.49,0.0,0.4
895,0.0,0.0,0.0,1000.0,0,10,-0.49,0.0,0.41000000000000003
896,0.0,0.0,0.0,1000.0,0,10,-0.48,0.0,0.41000000000000003
897,0.0,0.0,0.0,1000.0,0,10,-0.47,0.0,0.41000000000000003
898,0.0,0.0,0.0,1000.0,0,10,-0.45999999999999996,0.0,0.41000000000000003
899,0.0,0.0,0.0,1000.0,0,10,-0.45,0.0,0.41000000000000003
900,0.0,0.0,0.0,1000.0,0,10,0.45000000000000007,0.0,0.41000000000000003
901,0.0,0.0,0.0,1000.0,0,10,0.4600000000000001,0.0,0.41000000000000003
902,0.0,0.0,0.0,1000.0,0,10,0.47,0.0,0.41000000000000003
903,0.0,0.0,0.0,1000.0,0,10,0.48,0.0,0.41000000000000003
904,0.0,0.0,0.0,1000.0,0,10,0.49,0.0,0.41000000000000003
905,0.0,0.0,0.0,1000.0,0,10,-0.49,0.0,0.42000000000000004
906,0.0,0.0,0.0,1000.0,0,10,-0.48,0.0,0.42000000000000004
907,0.0,0.0,0.0,1000.0,0,10,-0.47,0.0,0.42000000000000004
908,0.0,0.0,0.0,1000.0,0,10,-0.45999999999999996,0.0,0.42000000000000004
909,0.0,0.0,0.0,1000.0,0,10,-0.45,0.0,0.42000000000000004
910,0.0,0.0,0.0,1000.0,0,10,0.45000000000000007,0.0,0.42000000000000004
911,0.0,0.0,0.0,1000.0,0,10,0.4600000000000001,0.0,0.42000000000000004
912,0.0,0.0,0.0,1000.0,0,10,0.47,0.0,0.42000000000000004
913,0.0,0.0,0.0,1000.0,0,10,0.48,0.0,0.42000000000000004
914,0.0,0.0,0.0,1000.0,0,10,0.49,0.0,0.42000000000000004
915,0.0,0.0,0.0,1000.0,0,10,-0.49,0.0,0.43000000000000005
916,0.0,0.0,0.0,1000.0,0,10,-0.48,0.0,0.43000000000000005
917,0.0,0.0,0.0,1000.0,0,10,-0.47,0.0,0.43000000000000005
918,0.0,0.0,0.0,1000.0,0,10,-0.45999999999999996,0.0,0.43000000000000005
919,0.0,0.0,0.0,1000.0,0,10,-0.45,0.0,0.43000000000000005
920,0.0,0.0,0.0,1000.0,0,10,0.45000000000000007,0.0,0.43000000000000005
921,0.0,0.0,0.0,1000.0,0,10,0.4600000000000001,0.0,0.43000000000000005
922,0.0,0.0,0.0,1000.0,0,10,0.47,0.0,0.43000000000000005
923,0.0,0.0,0.0,1000.0,0,10,0.48,0.0,0.43000000000000005
924,0.0,0.0,0.0,1000.0,0,10,0.49,0.0,0.43000000000000005
925,0.0,0.0,0.0,1000.0,0,10,-0.49,0.0,0.44
926,0.0,0.0,0.0,1000.0,0,10,-0.48,0.0,0.44
927,0.0,0.0,0.0,1000.0,0,10,-0.47,0.0,0.44
928,0.0,0.0,0.0,1000.0,0,10,-0.45999999999999996,0.0,0.44
929,0.0,0.0,0.0,1000.0,0,10,-0.45,0.0,0.44
930,0.0,0.0,0.0,1000.0,0,10,0.45000000000000007,0.0,0.44
931,0.0,0.0,0.0,1000.0,0,10,0.4600000000000001,0.0,0.44
932,0.0,0.0,0.0,1000.0,0,10,0.47,0.0,0.44
933,0.0,0.0,0.0,1000.0,0,10,0.48,0.0,0.44
934,0.0,0.0,0.0,1000.0,0,10,0.49,0.0,0.44
935,0.0,0.0,0.0,1000.0,0,10,-0.49,0.0,0.45
936,0.0,0.0,0.0,1000.0,0,10,-0.48,0.0,0.45
937,0.0,0.0,0.0,1000.0,0,10,-0.47,0.0,0.45
938,0.0,0.0,0.0,1000.0,0,10,-0.45999999999999996,0.0,0.45
939,0.0,0.0,0.0,1000.0,0,10,-0.45,0.0,0.45
940,0.0,0.0,0.0,1000.0,0,10,0.45000000000000007,0.0,0.45
941,0.0,0.0,0.0,1000.0,0,10,0.4600000000000001,0.0,0.45
942,0.0,0.0,0.0,1000.0,0,10,0.47,0.0,0.45
943,0.0,0.0,0.0,1000.0,0,10,0.48,0.0,0.45
944,0.0,0.0,0.0,1000.0,0,10,0.49,0.0,0.45
945,0.0,0.0,0.0,1000.0,0,10,-0.49,0.0,0.46
946,0.0,0.0,0.0,1000.0,0,10,-0.48,0.0,0.46
947,0.0,0.0,0.0,1000.0,0,10,-0.47,0.0,0.46
948,0.0,0.0,0.0,1000.0,0,10,-0.45999999999999996,0.0,0.46
949,0.0,0.0,0.0,1000.0,0,10,-0.45,0.0,0.46
950,0.0,0.0,0.0,1000.0,0,10,0.45000000000000007,0.0,0.46
951,0.0,0.0,0.0,1000.0,0,10,0.4600000000000001,0.0,0.46
952,0.0,0.0,0.0,1000.0,0,10,0.47,0.0,0.46
953,0.0,0.0,0.0,1000.0,0,10,0.48,0.0,0.46
954,0.0,0.0,0.0,1000.0,0,10,0.49,0.0,0.46
955,0.0,0.0,0.0,1000.0,0,10,-0.49,0.0,0.47000000000000003
956,0.0,0.0,0.0,1000.0,0,10,-0.48,0.0,0.47000000000000003
957,0.0,0.0,0.0,1000.0,0,10,-0.47,0.0,0.47000000000000003
958,0.0,0.0,0.0,1000.0,0,10,-0.45999999999999996,0.0,0.47000000000000003
959,0.0,0.0,0.0,1000.0,0,10,-0.45,0.0,0.47000000000000003
960,0.0,0.0,0.0,1000.0,0,10,0.45000000000000007,0.0,0.47000000000000003
961,0.0,0.0,0.0,1000.0,0,10,0.4600000000000001,0.0,0.47000000000000003
962,0.0,0.0,0.0,1000.0,0,10,0.47,0.0,0.47000000000000003
963,0.0,0.0,0.0,1000.0,0,10,0.48,0.0,0.47000000000000003
964,0.0,0.0,0.0,1000.0,0,10,0.49,0.0,0.47000000000000003
965,0.0,0.0,0.0,1000.0,0,10,-0.49,0.0,0.48000000000000004
966,0.0,0.0,0.0,1000.0,0,10,-0.48,0.0,0.48000000000000004
967,0.0,0.0,0.0,1000.0,0,10,-0.47,0.0,0.48000000000000004
968,0.0,0.0,0.0,1000.0,0,10,-0.45999999999999996,0.0,0.48000000000000004
969,0.0,0.0,0.0,1000.0,0,10,-0.45,0.0,0.48000000000000004
970,0.0,0.0,0.0,1000.0,0,10,0.45000000000000007,0.0,0.48000000000000004
971,0.0,0.0,0.0,1000.0,0,10,0.4600000000000001,0.0,0.48000000000000004
972,0.0,0.0,0.0,1000.0,0,10,0.47,0.0,0.48000000000000004
973,0.0,0.0,0.0,1000.0,0,10,0.48,0.0,0.48000000000000004
974,0.0,0.0,0.0,1000.0,0,10,0.49,0.0,0.48000000000000004
975,0.0,0.0,0.0,1000.0,0,10,-0.49,0.0,0.49000000000000005
976,0.0,0.0,0.0,1000.0,0,10,-0.48,0.0,0.49000000000000005
977,0.0,0.0,0.0,1000.0,0,10,-0.47,0.0,0.49000000000000005
978,0.0,0.0,0.0,1000.0,0,10,-0.45999999999999996,0.0,0.49000000000000005
979,0.0,0.0,0.0,1000.0,0,10,-0.45,0.0,0.49000000000000005
980,0.0,0.0,0.0,1000.0,0,10,0.45000000000000007,0.0,0.49000000000000005
981,0.0,0.0,0.0,1000.0,0,10,0.4600000000000001,0.0,0.49000000000000005
982,0.0,0.0,0.0,1000.0,0,10,0.47,0.0,0.49000000000000005
983,0.0,0.0,0.0,1000.0,0,10,0.48,0.0,0.49000000000000005
984,0.0,0.0,0.0,1000.0,0,10,0.49,0.0,0.49000000000000005
985,0.0,0.0,0.0,1000.0,0,10,-0.49,0.0,0.5
986,0.0,0.0,0.0,1000.0,0,10,-0.48,0.0,0.5
987,0.0,0.0,0.0,1000.0,0,10,-0.47,0.0,0.5
988,0.0,0.0,0.0,1000.0,0,10,-0.45999999999999996,0.0,0.5
989,0.0,0.0,0.0,1000.0,0,10,-0.45,0.0,0.5
990,0.0,0.0,0.0,1000.0,0,10,0.45000000000000007,0.0,0.5
991,0.0,0.0,0.0,1000.0,0,10,0.4600000000000001,0.0,0.5
992,0.0,0.0,0.0,1000.0,0,10,0.47,0.0,0.5
993,0.0,0.0,0.0,1000.0,0,10,0.48,0.0,0.5
994,0.0,0.0,0.0,1000.0,0,10,0.49,0.0,0.5
995,0.0,0.0,0.0,1000.0,0,10,-0.49,0.0,0.51
996,0.0,0.0,0.0,1000.0,0,10,-0.48,0.0,0.51
997,0.0,0.0,0.0,1000.0,0,10,-0.47,0.0,0.51
998,0.0,0.0,0.0,1000.0,0,10,-0.45999999999999996,0.0,0.51
999,0.0,0.0,0.0,1000.0,0,10,-0.45,0.0,0.51
1000,0.0,0.0,0.0,1000.0,0,10,-0.44,0.0,0.51
1001,0.0,0.0,0.0,1000.0,0,10,-0.43,0.0,0.51
1002,0.0,0.0,0.0,1000.0,0,10,-0.42,0.0,0.51
1003,0.0,0.0,0.0,1000.0,0,10,-0.41,0.0,0.51
1004,0.0,0.0,0.0,1000.0,0,10,-0.4,0.0,0.51
1005,0.0,0.0,0.0,1000.0,0,10,-0.39,0.0,0.51
1006,0.0,0.0,0.0,1000.0,0,10,-0.38,0.0,0.51
1007,0.0,0.0,0.0,1000.0,0,10,-0.37,0.0,0.51
1008,0.0,0.0,0.0,1000.0,0,10,-0.36,0.0,0.51
1009,0.0,0.0,0.0,1000.0,0,10,-0.35,0.0,0.51
1010,0.0,0.0,0.0,1000.0,0,10,-0.33999999999999997,0.0,0.51
1011,0.0,0.0,0.0,1000.0,0,10,-0.32999999999999996,0.0,0.51
1012,0.0,0.0,0.0,1000.0,0,10,-0.31999999999999995,0.0,0.51
1013,0.0,0.0,0.0,1000.0,0,10,-0.31,0.0,0.51
1014,0.0,0.0,0.0,1000.0,0,10,-0.3,0.0,0.51
1015,0.0,0.0,0.0,1000.0,0,10,-0.29,0.0,0.51
1016,0.0,0.0,0.0,1000.0,0,10,-0.28,0.0,0.51
1017,0.0,0.0,0.0,1000.0,0,10,-0.27,0.0,0.51
1018,0.0,0.0,0.0,1000.0,0,10,-0.26,0.0,0.51
1019,0.0,0.0,0.0,1000.0,0,10,-0.25,0.0,0.51
1020,0.0,0.0,0.0,1000.0,0,10,-0.24,0.0,0.51
1021,0.0,0.0,0.0,1000.0,0,10,-0.22999999999999998,0.0,0.51
1022,0.0,0.0,0.0,1000.0,0,10,-0.21999999999999997,0.0,0.51
1023,0.0,0.0,0.0,1000.0,0,10,-0.20999999999999996,0.0,0.51
1024,0.0,0.0,0.0,1000.0,0,10,-0.2,0.0,0.51
1025,0.0,0.0,0.0,1000.0,0,10,-0.19,0.0,0.51
1026,0.0,0.0,0.0,1000.0,0,10,-0.18,0.0,0.51
1027,0.0,0.0,0.0,1000.0,0,10,-0.16999999999999998,0.0,0.51
1028,0.0,0.0,0.0,1000.0,0,10,-0.15999999999999998,0.0,0.51
1029,0.0,0.0,0.0,1000.0,0,10,-0.14999999999999997,0.0,0.51
1030,0.0,0.0,0.0,1000.0,0,10,-0.13999999999999996,0.0,0.51
1031,0.0,0.0,0.0,1000.0,0,10,-0.13,0.0,0.51
1032,0.0,0.0,0.0,1000.0,0,10,-0.12,0.0,0.51
1033,0.0,0.0,0.0,1000.0,0,10,-0.10999999999999999,0.0,0.51
1034,0.0,0.0,0.0,1000.0,0,10,-0.09999999999999998,0.0,0.51
1035,0.0,0.0,0.0,1000.0,0,10,-0.08999999999999997,0.0,0.51
1036,0.0,0.0,0.0,1000.0,0,10,-0.07999999999999996,0.0,0.51
1037,0.0,0.0,0.0,1000.0,0,10,-0.07,0.0,0.51
1038,0.0,0.0,0.0,1000.0,0,10,-0.06,0.0,0.51
1039,0.0,0.0,0.0,1000.0,0,10,-0.04999999999999999,0.0,0.51
1040,0.0,0.0,0.0,1000.0,0,10,-0.03999999999999998,0.0,0.51
1041,0.0,0.0,0.0,1000.0,0,10,-0.02999999999999997,0.0,0.51
1042,0.0,0.0,0.0,1000.0,0,10,-0.019999999999999962,0.0,0.51
1043,0.0,0.0,0.0,1000.0,0,10,-0.010000000000000009,0.0,0.51
1044,0.0,0.0,0.0,1000.0,0,10,0.0,0.0,0.51
1045,0.0,0.0,0.0,1000.0,0,10,0.010000000000000009,0.0,0.51
1046,0.0,0.0,0.0,1000.0,0,10,0.020000000000000018,0.0,0.51
1047,0.0,0.0,0.0,1000.0,0,10,0.030000000000000027,0.0,0.51
1048,0.0,0.0,0.0,1000.0,0,10,0.040000000000000036,0.0,0.51
1049,0.0,0.0,0.0,1000.0,0,10,0.050000000000000044,0.0,0.51
1050,0.0,0.0,0.0,1000.0,0,10,0.06000000000000005,0.0,0.51
1051,0.0,0.0,0.0,1000.0,0,10,0.07000000000000006,0.0,0.51
1052,0.0,0.0,0.0,1000.0,0,10,0.08000000000000007,0.0,0.51
1053,0.0,0.0,0.0,1000.0,0,10,0.08999999999999997,0.0,0.51
1054,0.0,0.0,0.0,1000.0,0,10,0.09999999999999998,0.0,0.51
1055,0.0,0.0,0.0,1000.0,0,10,0.10999999999999999,0.0,0.51
1056,0.0,0.0,0.0,1000.0,0,10,0.12,0.0,0.51
1057,0.0,0.0,0.0,1000.0,0,10,0.13,0.0,0.51
1058,0.0,0.0,0.0,1000.0,0,10,0.14,0.0,0.51
1059,0.0,0.0,0.0,1000.0,0,10,0.15000000000000002,0.0,0.51
1060,0.0,0.0,0.0,1000.0,0,10,0.16000000000000003,0.0,0.51
1061,0.0,0.0,0.0,1000.0,0,10,0.17000000000000004,0.0,0.51
1062,0.0,0.0,0.0,1000.0,0,10,0.18000000000000005,0.0,0.51
1063,0.0,0.0,0.0,1000.0,0,10,0.19000000000000006,0.0,0.51
1064,0.0,0.0,0.0,1000.0,0,10,0.20000000000000007,0.0,0.51
1065,0.0,0.0,0.0,1000.0,0,10,0.21000000000000008,0.0,0.51
1066,0.0,0.0,0.0,1000.0,0,10,0.21999999999999997,0.0,0.51
1067,0.0,0.0,0.0,1000.0,0,10,0.22999999999999998,0.0,0.51
1068,0.0,0.0,0.0,1000.0,0,10,0.24,0.0,0.51
1069,0.0,0.0,0.0,1000.0,0,10,0.25,0.0,0.51
1070,0.0,0.0,0.0,1000.0,0,10,0.26,0.0,0.51
1071,0.0,0.0,0.0,1000.0,0,10,0.27,0.0,0.51
1072,0.0,0.0,0.0,1000.0,0,10,0.28,0.0,0.51
1073,0.0,0.0,0.0,1000.0,0,10,0.29000000000000004,0.0,0.51
1074,0.0,0.0,0.0,1000.0,0,10,0.30000000000000004,0.0,0.51
1075,0.0,0.0,0.0,1000.0,0,10,0.31000000000000005,0.0,0.51
1076,0.0,0.0,0.0,1000.0,0,10,0.32000000000000006,0.0,0.51
1077,0.0,0.0,0.0,1000.0,0,10,0.33000000000000007,0.0,0.51
1078,0.0,0.0,0.0,1000.0,0,10,0.3400000000000001,0.0,0.51
1079,0.0,0.0,0.0,1000.0,0,10,0.35,0.0,0.51
1080,0.0,0.0,0.0,1000.0,0,10,0.36,0.0,0.51
1081,0.0,0.0,0.0,1000.0,0,10,0.37,0.0,0.51
1082,0.0,0.0,0.0,1000.0,0,10,0.38,0.0,0.51
1083,0.0,0.0,0.0,1000.0,0,10,0.39,0.0,0.51
1084,0.0,0.0,0.0,1000.0,0,10,0.4,0.0,0.51
1085,0.0,0.0,0.0,1000.0,0,10,0.41000000000000003,0.0,0.51
1086,0.0,0.0,0.0,1000.0,0,10,0.42000000000000004,0.0,0.51
1087,0.0,0.0,0.0,1000.0,0,10,0.43000000000000005,0.0,0.51
1088,0.0,0.0,0.0,1000.0,0,10,0.44000000000000006,0.0,0.51
1089,0.0,0.0,0.0,1000.0,0,10,0.45000000000000007,0.0,0.51
1090,0.0,0.0,0.0,1000.0,0,10,0.4600000000000001,0.0,0.51
1091,0.0,0.0,0.0,1000.0,0,10,0.47,0.0,0.51
1092,0.0,0.0,0.0,1000.0,0,10,0.48,0.0,0.51
1093,0.0,0.0,0.0,1000.0,0,10,0.49,0.0,0.51
1094,0.0,0.0,0.0,1000.0,0,10,-0.49,0.0,0.52
1095,0.0,0.0,0.0,1000.0,0,10,-0.48,0.0,0.52
1096,0.0,0.0,0.0,1000.0,0,10,-0.47,0.0,0.52
1097,0.0,0.0,0.0,1000.0,0,10,-0.45999999999999996,0.0,0.52
1098,0.0,0.0,0.0,1000.0,0,10,-0.45,0.0,0.52
1099,0.0,0.0,0.0,1000.0,0,10,-0.44,0.0,0.52
1100,0.0,0.0,0.0,1000.0,0,10,-0.43,0.0,0.52
1101,0.0,0.0,0.0,1000.0,0,10,-0.42,0.0,0.52
1102,0.0,0.0,0.0,1000.0,0,10,-0.41,0.0,0.52
1103,0.0,0.0,0.0,1000.0,0,10,-0.4,0.0,0.52
1104,0.0,0.0,0.0,1000.0,0,10,-0.39,0.0,0.52
1105,0.0,0.0,0.0,1000.0,0,10,-0.38,0.0,0.52
1106,0.0,0.0,0.0,1000.0,0,10,-0.37,0.0,0.52
1107,0.0,0.0,0.0,1000.0,0,10,-0.36,0.0,0.52
1108,0.0,0.0,0.0,1000.0,0,10,-0.35,0.0,0.52
1109,0.0,0.0,0.0,1000.0,0,10,-0.33999999999999997,0.0,0.52
1110,0.0,0.0,0.0,1000.0,0,10,-0.32999999999999996,0.0,0.52
1111,0.0,0.0,0.0,1000.0,0,10,-0.31999999999999995,0.0,0.52
1112,0.0,0.0,0.0,1000.0,0,10,-0.31,0.0,0.52
1113,0.0,0.0,0.0,1000.0,0,10,-0.3,0.0,0.52
1114,0.0,0.0,0.0,1000.0,0,10,-0.29,0.0,0.52
1115,0.0,0.0,0.0,1000.0,0,10,-0.28,0.0,0.52
1116,0.0,0.0,0.0,1000.0,0,10,-0.27,0.0,0.52
1117,0.0,0.0,0.0,1000.0,0,10,-0.26,0.0,0.52
1118,0.0,0.0,0.0,1000.0,0,10,-0.25,0.0,0.52
1119,0.0,0.0,0.0,1000.0,0,10,-0.24,0.0,0.52
1120,0.0,0.0,0.0,1000.0,0,10,-0.22999999999999998,0.0,0.52
1121,0.0,0.0,0.0,1000.0,0,10,-0.21999999999999997,0.0,0.52
1122,0.0,0.0,0.0,1000.0,0,10,-0.20999999999999996,0.0,0.52
1123,0.0,0.0,0.0,1000.0,0,10,-0.2,0.0,0.52
1124,0.0,0.0,0.0,1000.0,0,10,-0.19,0.0,0.52
1125,0.0,0.0,0.0,1000.0,0,10,-0.18,0.0,0.52
1126,0.0,0.0,0.0,1000.0,0,10,-0.16999999999999998,0.0,0.52
1127,0.0,0.0,0.0,1000.0,0,10,-0.15999999999999998,0.0,0.52
1128,0.0,0.0,0.0,1000.0,0,10,-0.14999999999999997,0.0,0.52
1129,0.0,0.0,0.0,1000.0,0,10,-0.13999999999999996,0.0,0.52
1130,0.0,0.0,0.0,1000.0,0,10,-0.13,0.0,0.52
1131,0.0,0.0,0.0,1000.0,0,10,-0.12,0.0,0.52
1132,0.0,0.0,0.0,1000.0,0,10,-0.10999999999999999,0.0,0.52
1133,0.0,0.0,0.0,1000.0,0,10,-0.09999999999999998,0.0,0.52
1134,0.0,0.0,0.0,1000.0,0,10,-0.08999999999999997,0.0,0.52
1135,0.0,0.0,0.0,1000.0,0,10,-0.07999999999999996,0.0,0.52
1136,0.0,0.0,0.0,1000.0,0,10,-0.07,0.0,0.52
1137,0.0,0.0,0.0,1000.0,0,10,-0.06,0.0,0.52
1138,0.0,0.0,0.0,1000.0,0,10,-0.04999999999999999,0.0,0.52
1139,0.0,0.0,0.0,1000.0,0,10,-0.03999999999999998,0.0,0.52
1140,0.0,0.0,0.0,1000.0,0,10,-0.02999999999999997,0.0,0.52
1141,0.0,0.0,0.0,1000.0,0,10,-0.019999999999999962,0.0,0.52
1142,0.0,0.0,0.0,1000.0,0,10,-0.010000000000000009,0.0,0.52
1143,0.0,0.0,0.0,1000.0,0,10,0.0,0.0,0.52
1144,0.0,0.0,0.0,1000.0,0,10,0.010000000000000009,0.0,0.52
1145,0.0,0.0,0.0,1000.0,0,10,0.020000000000000018,0.0,0.52
1146,0.0,0.0,0.0,1000.0,0,10,0.030000000000000027,0.0,0.52
1147,0.0,0.0,0.0,1000.0,0,10,0.040000000000000036,0.0,0.52
1148,0.0,0.0,0.0,1000.0,0,10,0.050000000000000044,0.0,0.52
1149,0.0,0.0,0.0,1000.0,0,10,0.06000000000000005,0.0,0.52
1150,0.0,0.0,0.0,1000.0,0,10,0.07000000000000006,0.0,0.52
1151,0.0,0.0,0.0,1000.0,0,10,0.08000000000000007,0.0,0.52
1152,0.0,0.0,0.0,1000.0,0,10,0.08999999999999997,0.0,0.52
1153,0.0,0.0,0.0,1000.0,0,10,0.09999999999999998,0.0,0.52
1154,0.0,0.0,0.0,1000.0,0,10,0.10999999999999999,0.0,0.52
1155,0.0,0.0,0.0,1000.0,0,10,0.12,0.0,0.52
1156,0.0,0.0,0.0,1000.0,0,10,0.13,0.0,0.52
1157,0.0,0.0,0.0,1000.0,0,10,0.14,0.0,0.52
1158,0.0,0.0,0.0,1000.0,0,10,0.15000000000000002,0.0,0.52
1159,0.0,0.0,0.0,1000.0,0,10,0.16000000000000003,0.0,0.52
1160,0.0,0.0,0.0,1000.0,0,10,0.17000000000000004,0.0,0.52
1161,0.0,0.0,0.0,1000.0,0,10,0.18000000000000005,0.0,0.52
1162,0.0,0.0,0.0,1000.0,0,10,0.19000000000000006,0.0,0.52
1163,0.0,0.0,0.0,1000.0,0,10,0.20000000000000007,0.0,0.52
1164,0.0,0.0,0.0,1000.0,0,10,0.21000000000000008,0.0,0.52
1165,0.0,0.0,0.0,1000.0,0,10,0.21999999999999997,0.0,0.52
1166,0.0,0.0,0.0,1000.0,0,10,0.22999999999999998,0.0,0.52
1167,0.0,0.0,0.0,1000.0,0,10,0.24,0.0,0.52
1168,0.0,0.0,0.0,1000.0,0,10,0.25,0.0,0.52
1169,0.0,0.0,0.0,1000.0,0,10,0.26,0.0,0.52
1170,0.0,0.0,0.0,1000.0,0,10,0.27,0.0,0.52
1171,0.0,0.0,0.0,1000.0,0,10,0.28,0.0,0.52
1172,0.0,0.0,0.0,1000.0,0,10,0.29000000000000004,0.0,0.52
1173,0.0,0.0,0.0,1000.0,0,10,0.30000000000000004,0.0,0.52
1174,0.0,0.0,0.0,1000.0,0,10,0.31000000000000005,0.0,0.52
1175,0.0,0.0,0.0,1000.0,0,10,0.32000000000000006,0.0,0.52
1176,0.0,0.0,0.0,1000.0,0,10,0.33000000000000007,0.0,0.52
1177,0.0,0.0,0.0,1000.0,0,10,0.3400000000000001,0.0,0.52
1178,0.0,0.0,0.0,1000.0,0,10,0.35,0.0,0.52
1179,0.0,0.0,0.0,1000.0,0,10,0.36,0.0,0.52
1180,0.0,0.0,0.0,1000.0,0,10,0.37,0.0,0.52
1181,0.0,0.0,0.0,1000.0,0,10,0.38,0.0,0.52
1182,0.0,0.0,0.0,1000.0,0,10,0.39,0.0,0.52
1183,0.0,0.0,0.0,1000.0,0,10,0.4,0.0,0.52
1184,0.0,0.0,0.0,1000.0,0,10,0.41000000000000003,0.0,0.52
1185,0.0,0.0,0.0,1000.0,0,10,0.42000000000000004,0.0,0.52
1186,0.0,0.0,0.0,1000.0,0,10,0.43000000000000005,0.0,0.52
1187,0.0,0.0,0.0,1000.0,0,10,0.44000000000000006,0.0,0.52
1188,0.0,0.0,0.0,1000.0,0,10,0.45000000000000007,0.0,0.52
1189,0.0,0.0,0.0,1000.0,0,10,0.4600000000000001,0.0,0.52
1190,0.0,0.0,0.0,1000.0,0,10,0.47,0.0,0.52
1191,0.0,0.0,0.0,1000.0,0,10,0.48,0.0,0.52
1192,0.0,0.0,0.0,1000.0,0,10,0.49,0.0,0.52
1193,0.0,0.0,0.0,1000.0,0,10,-0.49,0.0,0.53
1194,0.0,0.0,0.0,1000.0,0,10,-0.48,0.0,0.53
1195,0.0,0.0,0.0,1000.0,0,10,-0.47,0.0,0.53
1196,0.0,0.0,0.0,1000.0,0,10,-0.45999999999999996,0.0,0.53
1197,0.0,0.0,0.0,1000.0,0,10,-0.45,0.0,0.53
1198,0.0,0.0,0.0,1000.0,0,10,-0.44,0.0,0.53
1199,0.0,0.0,0.0,1000.0,0,10,-0.43,0.0,0.53
1200,0.0,0.0,0.0,1000.0,0,10,-0.42,0.0,0.53
1201,0.0,0.0,0.0,1000.0,0,10,-0.41,0.0,0.53
1202,0.0,0.0,0.0,1000.0,0,10,-0.4,0.0,0.53
1203,0.0,0.0,0.0,1000.0,0,10,-0.39,0.0,0.53
1204,0.0,0.0,0.0,1000.0,0,10,-0.38,0.0,0.53
1205,0.0,0.0,0.0,1000.0,0,10,-0.37,0.0,0.53
1206,0.0,0.0,0.0,1000.0,0,10,-0.36,0.0,0.53
1207,0.0,0.0,0.0,1000.0,0,10,-0.35,0.0,0.53
1208,0.0,0.0,0.0,1000.0,0,10,-0.33999999999999997,0.0,0.53
1209,0.0,0.0,0.0,1000.0,0,10,-0.32999999999999996,0.0,0.53
1210,0.0,0.0,0.0,1000.0,0,10,-0.31999999999999995,0.0,0.53
1211,0.0,0.0,0.0,1000.0,0,10,-0.31,0.0,0.53
1212,0.0,0.0,0.0,1000.0,0,10,-0.3,0.0,0.53
1213,0.0,0.0,0.0,1000.0,0,10,-0.29,0.0,0.53
1214,0.0,0.0,0.0,1000.0,0,10,-0.28,0.0,0.53
1215,0.0,0.0,0.0,1000.0,0,10,-0.27,0.0,0.53
1216,0.0,0.0,0.0,1000.0,0,10,-0.26,0.0,0.53
1217,0.0,0.0,0.0,1000.0,0,10,-0.25,0.0,0.53
1218,0.0,0.0,0.0,1000.0,0,10,-0.24,0.0,0.53
1219,0.0,0.0,0.0,1000.0,0,10,-0.22999999999999998,0.0,0.53
1220,0.0,0.0,0.0,1000.0,0,10,-0.21999999999999997,0.0,0.53
1221,0.0,0.0,0.0,1000.0,0,10,-0.20999999999999996,0.0,0.53
1222,0.0,0.0,0.0,1000.0,0,10,-0.2,0.0,0.53
1223,0.0,0.0,0.0,1000.0,0,10,-0.19,0.0,0.53
1224,0.0,0.0,0.0,1000.0,0,10,-0.18,0.0,0.53
1225,0.0,0.0,0.0,1000.0,0,10,-0.16999999999999998,0.0,0.53
1226,0.0,0.0,0.0,1000.0,0,10,-0.15999999999999998,0.0,0.53
1227,0.0,0.0,0.0,1000.0,0,10,-0.14999999999999997,0.0,0.53
1228,0.0,0.0,0.0,1000.0,0,10,-0.13999999999999996,0.0,0.53
1229,0.0,0.0,0.0,1000.0,0,10,-0.13,0.0,0.53
1230,0.0,0.0,0.0,1000.0,0,10,-0.12,0.0,0.53
1231,0.0,0.0,0.0,1000.0,0,10,-0.10999999999999999,0.0,0.53
1232,0.0,0.0,0.0,1000.0,0,10,-0.09999999999999998,0.0,0.53
1233,0.0,0.0,0.0,1000.0,0,10,-0.08999999999999997,0.0,0.53
1234,0.0,0.0,0.0,1000.0,0,10,-0.07999999999999996,0.0,0.53
1235,0.0,0.0,0.0,1000.0,0,10,-0.07,0.0,0.53
1236,0.0,0.0,0.0,1000.0,0,10,-0.06,0.0,0.53
1237,0.0,0.0,0.0,1000.0,0,10,-0.04999999999999999,0.0,0.53
1238,0.0,0.0,0.0,1000.0,0,10,-0.03999999999999998,0.0,0.53
1239,0.0,0.0,0.0,1000.0,0,10,-0.02999999999999997,0.0,0.53
1240,0.0,0.0,0.0,1000.0,0,10,-0.019999999999999962,0.0,0.53
1241,0.0,0.0,0.0,1000.0,0,10,-0.010000000000000009,0.0,0.53
1242,0.0,0.0,0.0,1000.0,0,10,0.0,0.0,0.53
1243,0.0,0.0,0.0,1000.0,0,10,0.010000000000000009,0.0,0.53
1244,0.0,0.0,0.0,1000.0,0,10,0.020000000000000018,0.0,0.53
1245,0.0,0.0,0.0,1000.0,0,10,0.030000000000000027,0.0,0.53
1246,0.0,0.0,0.0,1000.0,0,10,0.040000000000000036,0.0,0.53
1247,0.0,0.0,0.0,1000.0,0,10,0.050000000000000044,0.0,0.53
1248,0.0,0.0,0.0,1000.0,0,10,0.06000000000000005,0.0,0.53
1249,0.0,0.0,0.0,1000.0,0,10,0.07000000000000006,0.0,0.53
1250,0.0,0.0,0.0,1000.0,0,10,0.08000000000000007,0.0,0.53
1251,0.0,0.0,0.0,1000.0,0,10,0.08999999999999997,0.0,0.53
1252,0.0,0.0,0.0,1000.0,0,10,0.09999999999999998,0.0,0.53
1253,0.0,0.0,0.0,1000.0,0,10,0.10999999999999999,0.0,0.53
1254,0.0,0.0,0.0,1000.0,0,10,0.12,0.0,0.53
1255,0.0,0.0,0.0,1000.0,0,10,0.13,0.0,0.53
1256,0.0,0.0,0.0,1000.0,0,10,0.14,0.0,0.53
1257,0.0,0.0,0.0,1000.0,0,10,0.15000000000000002,0.0,0.53
1258,0.0,0.0,0.0,1000.0,0,10,0.16000000000000003,0.0,0.53
1259,0.0,0.0,0.0,1000.0,0,10,0.17000000000000004,0.0,0.53
1260,0.0,0.0,0.0,1000.0,0,10,0.18000000000000005,0.0,0.53
1261,0.0,0.0,0.0,1000.0,0,10,0.19000000000000006,0.0,0.53
1262,0.0,0.0,0.0,1000.0,0,10,0.20000000000000007,0.0,0.53
1263,0.0,0.0,0.0,1000.0,0,10,0.21000000000000008,0.0,0.53
1264,0.0,0.0,0.0,1000.0,0,10,0.21999999999999997,0.0,0.53
1265,0.0,0.0,0.0,1000.0,0,10,0.22999999999999998,0.0,0.53
1266,0.0,0.0,0.0,1000.0,0,10,0.24,0.0,0.53
1267,0.0,0.0,0.0,1000.0,0,10,0.25,0.0,0.53
1268,0.0,0.0,0.0,1000.0,0,10,0.26,0.0,0.53
1269,0.0,0.0,0.0,1000.0,0,10,0.27,0.0,0.53
1270,0.0,0.0,0.0,1000.0,0,10,0.28,0.0,0.53
1271,0.0,0.0,0.0,1000.0,0,10,0.29000000000000004,0.0,0.53
1272,0.0,0.0,0.0,1000.0,0,10,0.30000000000000004,0.0,0.53
1273,0.0,0.0,0.0,1000.0,0,10,0.31000000000000005,0.0,0.53
1274,0.0,0.0,0.0,1000.0,0,10,0.32000000000000006,0.0,0.53
1275,0.0,0.0,0.0,1000.0,0,10,0.33000000000000007,0.0,0.53
1276,0.0,0.0,0.0,1000.0,0,10,0.3400000000000001,0.0,0.53
1277,0.0,0.0,0.0,1000.0,0,10,0.35,0.0,0.53
1278,0.0,0.0,0.0,1000.0,0,10,0.36,0.0,0.53
1279,0.0,0.0,0.0,1000.0,0,10,0.37,0.0,0.53
1280,0.0,0.0,0.0,1000.0,0,10,0.38,0.0,0.53
1281,0.0,0.0,0.0,1000.0,0,10,0.39,0.0,0.53
1282,0.0,0.0,0.0,1000.0,0,10,0.4,0.0,0.53
1283,0.0,0.0,0.0,1000.0,0,10,0.41000000000000003,0.0,0.53
1284,0.0,0.0,0.0,1000.0,0,10,0.42000000000000004,0.0,0.53
1285,0.0,0.0,0.0,1000.0,0,10,0.43000000000000005,0.0,0.53
1286,0.0,0.0,0.0,1000.0,0,10,0.44000000000000006,0.0,0.53
1287,0.0,0.0,0.0,1000.0,0,10,0.45000000000000007,0.0,0.53
1288,0.0,0.0,0.0,1000.0,0,10,0.4600000000000001,0.0,0.53
1289,0.0,0.0,0.0,1000.0,0,10,0.47,0.0,0.53
1290,0.0,0.0,0.0,1000.0,0,10,0.48,0.0,0.53
1291,0.0,0.0,0.0,1000.0,0,10,0.49,0.0,0.53
1292,0.0,0.0,0.0,1000.0,0,10,-0.49,0.0,0.5399999999999999
1293,0.0,0.0,0.0,1000.0,0,10,-0.48,0.0,0.5399999999999999
1294,0.0,0.0,0.0,1000.0,0,10,-0.47,0.0,0.5399999999999999
1295,0.0,0.0,0.0,1000.0,0,10,-0.45999999999999996,0.0,0.5399999999999999
1296,0.0,0.0,0.0,1000.0,0,10,-0.45,0.0,0.5399999999999999
1297,0.0,0.0,0.0,1000.0,0,10,-0.44,0.0,0.5399999999999999
1298,0.0,0.0,0.0,1000.0,0,10,-0.43,0.0,0.5399999999999999
1299,0.0,0.0,0.0,1000.0,0,10,-0.42,0.0,0.5399999999999999
1300,0.0,0.0,0.0,1000.0,0,10,-0.41,0.0,0.5399999999999999
1301,0.0,0.0,0.0,1000.0,0,10,-0.4,0.0,0.5399999999999999
1302,0.0,0.0,0.0,1000.0,0,10,-0.39,0.0,0.5399999999999999
1303,0.0,0.0,0.0,1000.0,0,10,-0.38,0.0,0.5399999999999999
1304,0.0,0.0,0.0,1000.0,0,10,-0.37,0.0,0.5399999999999999
1305,0.0,0.0,0.0,1000.0,0,10,-0.36,0.0,0.5399999999999999
1306,0.0,0.0,0.0,1000.0,0,10,-0.35,0.0,0.5399999999999999
1307,0.0,0.0,0.0,1000.0,0,10,-0.33999999999999997,0.0,0.5399999999999999
1308,0.0,0.0,0.0,1000.0,0,10,-0.32999999999999996,0.0,0.5399999999999999
1309,0.0,0.0,0.0,1000.0,0,10,-0.31999999999999995,0.0,0.5399999999999999
1310,0.0,0.0,0.0,1000.0,0,10,-0.31,0.0,0.5399999999999999
1311,0.0,0.0,0.0,1000.0,0,10,-0.3,0.0,0.5399999999999999
1312,0.0,0.0,0.0,1000.0,0,10,-0.29,0.0,0.5399999999999999
1313,0.0,0.0,0.0,1000.0,0,10,-0.28,0.0,0.5399999999999999
1314,0.0,0.0,0.0,1000.0,0,10,-0.27,0.0,0.5399999999999999
1315,0.0,0.0,0.0,1000.0,0,10,-0.26,0.0,0.5399999999999999
1316,0.0,0.0,0.0,1000.0,0,10,-0.25,0.0,0.5399999999999999
1317,0.0,0.0,0.0,1000.0,0,10,-0.24,0.0,0.5399999999999999
1318,0.0,0.0,0.0,1000.0,0,10,-0.22999999999999998,0.0,0.5399999999999999
1319,0.0,0.0,0.0,1000.0,0,10,-0.21999999999999997,0.0,0.5399999999999999
1320,0.0,0.0,0.0,1000.0,0,10,-0.20999999999999996,0.0,0.5399999999999999
1321,0.0,0.0,0.0,1000.0,0,10,-0.2,0.0,0.5399999999999999
1322,0.0,0.0,0.0,1000.0,0,10,-0.19,0.0,0.5399999999999999
1323,0.0,0.0,0.0,1000.0,0,10,-0.18,0.0,0.5399999999999999
1324,0.0,0.0,0.0,1000.0,0,10,-0.16999999999999998,0.0,0.5399999999999999
1325,0.0,0.0,0.0,1000.0,0,10,-0.15999999999999998,0.0,0.5399999999999999
1326,0.0,0.0,0.0,1000.0,0,10,-0.14999999999999997,0.0,0.5399999999999999
1327,0.0,0.0,0.0,1000.0,0,10,-0.13999999999999996,0.0,0.5399999999999999
1328,0.0,0.0,0.0,1000.0,0,10,-0.13,0.0,0.5399999999999999
1329,0.0,0.0,0.0,1000.0,0,10,-0.12,0.0,0.5399999999999999
1330,0.0,0.0,0.0,1000.0,0,10,-0.10999999999999999,0.0,0.5399999999999999
1331,0.0,0.0,0.0,1000.0,0,10,-0.09999999999999998,0.0,0.5399999999999999
1332,0.0,0.0,0.0,1000.0,0,10,-0.08999999999999997,0.0,0.5399999999999999
1333,0.0,0.0,0.0,1000.0,0,10,-0.07999999999999996,0.0,0.5399999999999999
1334,0.0,0.0,0.0,1000.0,0,10,-0.07,0.0,0.5399999999999999
1335,0.0,0.0,0.0,1000.0,0,10,-0.06,0.0,0.5399999999999999
1336,0.0,0.0,0.0,1000.0,0,10,-0.04999999999999999,0.0,0.5399999999999999
1337,0.0,0.0,0.0,1000.0,0,10,-0.03999999999999998,0.0,0.5399999999999999
1338,0.0,0.0,0.0,1000.0,0,10,-0.02999999999999997,0.0,0.5399999999999999
1339,0.0,0.0,0.0,1000.0,0,10,-0.019999999999999962,0.0,0.5399999999999999
1340,0.0,0.0,0.0,1000.0,0,10,-0.010000000000000009,0.0,0.5399999999999999
1341,0.0,0.0,0.0,1000.0,0,10,0.0,0.0,0.5399999999999999
1342,0.0,0.0,0.0,1000.0,0,10,0.010000000000000009,0.0,0.5399999999999999
1343,0.0,0.0,0.0,1000.0,0,10,0.020000000000000018,0.0,0.5399999999999999
1344,0.0,0.0,0.0,1000.0,0,10,0.030000000000000027,0.0,0.5399999999999999
1345,0.0,0.0,0.0,1000.0,0,10,0.040000000000000036,0.0,0.5399999999999999
1346,0.0,0.0,0.0,1000.0,0,10,0.050000000000000044,0.0,0.5399999999999999
1347,0.0,0.0,0.0,1000.0,0,10,0.06000000000000005,0.0,0.5399999999999999
1348,0.0,0.0,0.0,1000.0,0,10,0.07000000000000006,0.0,0.5399999999999999
1349,0.0,0.0,0.0,1000.0,0,10,0.08000000000000007,0.0,0.5399999999999999
1350,0.0,0.0,0.0,1000.0,0,10,0.08999999999999997,0.0,0.5399999999999999
1351,0.0,0.0,0.0,1000.0,0,10,0.09999999999999998,0.0,0.5399999999999999
1352,0.0,0.0,0.0,1000.0,0,10,0.10999999999999999,0.0,0.5399999999999999
1353,0.0,0.0,0.0,1000.0,0,10,0.12,0.0,0.5399999999999999
1354,0.0,0.0,0.0,1000.0,0,10,0.13,0.0,0.5399999999999999
1355,0.0,0.0,0.0,1000.0,0,10,0.14,0.0,0.5399999999999999
1356,0.0,0.0,0.0,1000.0,0,10,0.15000000000000002,0.0,0.5399999999999999
1357,0.0,0.0,0.0,1000.0,0,10,0.16000000000000003,0.0,0.5399999999999999
1358,0.0,0.0,0.0,1000.0,0,10,0.17000000000000004,0.0,0.5399999999999999
1359,0.0,0.0,0.0,1000.0,0,10,0.18000000000000005,0.0,0.5399999999999999
1360,0.0,0.0,0.0,1000.0,0,10,0.19000000000000006,0.0,0.5399999999999999
1361,0.0,0.0,0.0,1000.0,0,10,0.20000000000000007,0.0,0.5399999999999999
1362,0.0,0.0,0.0,1000.0,0,10,0.21000000000000008,0.0,0.5399999999999999
1363,0.0,0.0,0.0,1000.0,0,10,0.21999999999999997,0.0,0.5399999999999999
1364,0.0,0.0,0.0,1000.0,0,10,0.22999999999999998,0.0,0.5399999999999999
1365,0.0,0.0,0.0,1000.0,0,10,0.24,0.0,0.5399999999999999
1366,0.0,0.0,0.0,1000.0,0,10,0.25,0.0,0.5399999999999999
1367,0.0,0.0,0.0,1000.0,0,10,0.26,0.0,0.5399999999999999
1368,0.0,0.0,0.0,1000.0,0,10,0.27,0.0,0.5399999999999999
1369,0.0,0.0,0.0,1000.0,0,10,0.28,0.0,0.5399999999999999
1370,0.0,0.0,0.0,1000.0,0,10,0.29000000000000004,0.0,0.5399999999999999
1371,0.0,0.0,0.0,1000.0,0,10,0.30000000000000004,0.0,0.5399999999999999
1372,0.0,0.0,0.0,1000.0,0,10,0.31000000000000005,0.0,0.5399999999999999
1373,0.0,0.0,0.0,1000.0,0,10,0.32000000000000006,0.0,0.5399999999999999
1374,0.0,0.0,0.0,1000.0,0,10,0.33000000000000007,0.0,0.5399999999999999
1375,0.0,0.0,0.0,1000.0,0,10,0.3400000000000001,0.0,0.5399999999999999
1376,0.0,0.0,0.0,1000.0,0,10,0.35,0.0,0.5399999999999999
1377,0.0,0.0,0.0,1000.0,0,10,0.36,0.0,0.5399999999999999
1378,0.0,0.0,0.0,1000.0,0,10,0.37,0.0,0.5399999999999999
1379,0.0,0.0,0.0,1000.0,0,10,0.38,0.0,0.5399999999999999
1380,0.0,0.0,0.0,1000.0,0,10,0.39,0.0,0.5399999999999999
1381,0.0,0.0,0.0,1000.0,0,10,0.4,0.0,0.5399999999999999
1382,0.0,0.0,0.0,1000.0,0,10,0.41000000000000003,0.0,0.5399999999999999
1383,0.0,0.0,0.0,1000.0,0,10,0.42000000000000004,0.0,0.5399999999999999
1384,0.0,0.0,0.0,1000.0,0,10,0.43000000000000005,0.0,0.5399999999999999
1385,0.0,0.0,0.0,1000.0,0,10,0.44000000000000006,0.0,0.5399999999999999
1386,0.0,0.0,0.0,1000.0,0,10,0.45000000000000007,0.0,0.5399999999999999
1387,0.0,0.0,0.0,1000.0,0,10,0.4600000000000001,0.0,0.5399999999999999
1388,0.0,0.0,0.0,1000.0,0,10,0.47,0.0,0.5399999999999999
1389,0.0,0.0,0.0,1000.0,0,10,0.48,0.0,0.5399999999999999
1390,0.0,0.0,0.0,1000.0,0,10,0.49,0.0,0.5399999999999999
1391,0.0,0.0,0.0,1000.0,0,10,-0.49,0.0,0.5499999999999999
1392,0.0,0.0,0.0,1000.0,0,10,-0.48,0.0,0.5499999999999999
1393,0.0,0.0,0.0,1000.0,0,10,-0.47,0.0,0.5499999999999999
1394,0.0,0.0,0.0,1000.0,0,10,-0.45999999999999996,0.0,0.5499999999999999
1395,0.0,0.0,0.0,1000.0,0,10,-0.45,0.0,0.5499999999999999
1396,0.0,0.0,0.0,1000.0,0,10,-0.44,0.0,0.5499999999999999
1397,0.0,0.0,0.0,1000.0,0,10,-0.43,0.0,0.5499999999999999
1398,0.0,0.0,0.0,1000.0,0,10,-0.42,0.0,0.5499999999999999
1399,0.0,0.0,0.0,1000.0,0,10,-0.41,0.0,0.5499999999999999
1400,0.0,0.0,0.0,1000.0,0,10,-0.4,0.0,0.5499999999999999
1401,0.0,0.0,0.0,1000.0,0,10,-0.39,0.0,0.5499999999999999
1402,0.0,0.0,0.0,1000.0,0,10,-0.38,0.0,0.5499999999999999
1403,0.0,0.0,0.0,1000.0,0,10,-0.37,0.0,0.5499999999999999
1404,0.0,0.0,0.0,1000.0,0,10,-0.36,0.0,0.5499999999999999
1405,0.0,0.0,0.0,1000.0,0,10,-0.35,0.0,0.5499999999999999
1406,0.0,0.0,0.0,1000.0,0,10,-0.33999999999999997,0.0,0.5499999999999999
1407,0.0,0.0,0.0,1000.0,0,10,-0.32999999999999996,0.0,0.5499999999999999
1408,0.0,0.0,0.0,1000.0,0,10,-0.31999999999999995,0.0,0.5499999999999999
1409,0.0,0.0,0.0,1000.0,0,10,-0.31,0.0,0.5499999999999999
1410,0.0,0.0,0.0,1000.0,0,10,-0.3,0.0,0.5499999999999999
1411,0.0,0.0,0.0,1000.0,0,10,-0.29,0.0,0.5499999999999999
1412,0.0,0.0,0.0,1000.0,0,10,-0.28,0.0,0.5499999999999999
1413,0.0,0.0,0.0,1000.0,0,10,-0.27,0.0,0.5499999999999999
1414,0.0,0.0,0.0,1000.0,0,10,-0.26,0.0,0.5499999999999999
1415,0.0,0.0,0.0,1000.0,0,10,-0.25,0.0,0.5499999999999999
1416,0.0,0.0,0.0,1000.0,0,10,-0.24,0.0,0.5499999999999999
1417,0.0,0.0,0.0,1000.0,0,10,-0.22999999999999998,0.0,0.5499999999999999
1418,0.0,0.0,0.0,1000.0,0,10,-0.21999999999999997,0.0,0.5499999999999999
1419,0.0,0.0,0.0,1000.0,0,10,-0.20999999999999996,0.0,0.5499999999999999
1420,0.0,0.0,0.0,1000.0,0,10,-0.2,0.0,0.5499999999999999
1421,0.0,0.0,0.0,1000.0,0,10,-0.19,0.0,0.5499999999999999
1422,0.0,0.0,0.0,1000.0,0,10,-0.18,0.0,0.5499999999999999
1423,0.0,0.0,0.0,1000.0,0,10,-0.16999999999999998,0.0,0.5499999999999999
1424,0.0,0.0,0.0,1000.0,0,10,-0.15999999999999998,0.0,0.5499999999999999
1425,0.0,0.0,0.0,1000.0,0,10,-0.14999999999999997,0.0,0.5499999999999999
1426,0.0,0.0,0.0,1000.0,0,10,-0.13999999999999996,0.0,0.5499999999999999
1427,0.0,0.0,0.0,1000.0,0,10,-0.13,0.0,0.5499999999999999
1428,0.0,0.0,0.0,1000.0,0,10,-0.12,0.0,0.5499999999999999
1429,0.0,0.0,0.0,1000.0,0,10,-0.10999999999999999,0.0,0.5499999999999999
1430,0.0,0.0,0.0,1000.0,0,10,-0.09999999999999998,0.0,0.5499999999999999
1431,0.0,0.0,0.0,1000.0,0,10,-0.08999999999999997,0.0,0.5499999999999999
1432,0.0,0.0,0.0,1000.0,0,10,-0.07999999999999996,0.0,0.5499999999999999
1433,0.0,0.0,0.0,1000.0,0,10,-0.07,0.0,0.5499999999999999
1434,0.0,0.0,0.0,1000.0,0,10,-0.06,0.0,0.5499999999999999
1435,0.0,0.0,0.0,1000.0,0,10,-0.04999999999999999,0.0,0.5499999999999999
1436,0.0,0.0,0.0,1000.0,0,10,-0.03999999999999998,0.0,0.5499999999999999
1437,0.0,0.0,0.0,1000.0,0,10,-0.02999999999999997,0.0,0.5499999999999999
1438,0.0,0.0,0.0,1000.0,0,10,-0.019999999999999962,0.0,0.5499999999999999
1439,0.0,0.0,0.0,1000.0,0,10,-0.010000000000000009,0.0,0.5499999999999999
1440,0.0,0.0,0.0,1000.0,0,10,0.0,0.0,0.5499999999999999
1441,0.0,0.0,0.0,1000.0,0,10,0.010000000000000009,0.0,0.5499999999999999
1442,0.0,0.0,0.0,1000.0,0,10,0.020000000000000018,0.0,0.5499999999999999
1443,0.0,0.0,0.0,1000.0,0,10,0.030000000000000027,0.0,0.5499999999999999
1444,0.0,0.0,0.0,1000.0,0,10,0.040000000000000036,0.0,0.5499999999999999
1445,0.0,0.0,0.0,1000.0,0,10,0.050000000000000044,0.0,0.5499999999999999
1446,0.0,0.0,0.0,1000.0,0,10,0.06000000000000005,0.0,0.5499999999999999
1447,0.0,0.0,0.0,1000.0,0,10,0.07000000000000006,0.0,0.5499999999999999
1448,0.0,0.0,0.0,1000.0,0,10,0.08000000000000007,0.0,0.5499999999999999
1449,0.0,0.0,0.0,1000.0,0,10,0.08999999999999997,0.0,0.5499999999999999
1450,0.0,0.0,0.0,1000.0,0,10,0.09999999999999998,0.0,0.5499999999999999
1451,0.0,0.0,0.0,1000.0,0,10,0.10999999999999999,0.0,0.5499999999999999
1452,0.0,0.0,0.0,1000.0,0,10,0.12,0.0,0.5499999999999999
1453,0.0,0.0,0.0,1000.0,0,10,0.13,0.0,0.5499999999999999
1454,0.0,0.0,0.0,1000.0,0,10,0.14,0.0,0.5499999999999999
1455,0.0,0.0,0.0,1000.0,0,10,0.15000000000000002,0.0,0.5499999999999999
1456,0.0,0.0,0.0,1000.0,0,10,0.16000000000000003,0.0,0.5499999999999999
1457,0.0,0.0,0.0,1000.0,0,10,0.17000000000000004,0.0,0.5499999999999999
1458,0.0,0.0,0.0,1000.0,0,10,0.18000000000000005,0.0,0.5499999999999999
1459,0.0,0.0,0.0,1000.0,0,10,0.19000000000000006,0.0,0.5499999999999999
1460,0.0,0.0,0.0,1000.0,0,10,0.20000000000000007,0.0,0.5499999999999999
1461,0.0,0.0,0.0,1000.0,0,10,0.21000000000000008,0.0,0.5499999999999999
1462,0.0,0.0,0.0,1000.0,0,10,0.21999999999999997,0.0,0.5499999999999999
1463,0.0,0.0,0.0,1000.0,0,10,0.22999999999999998,0.0,0.5499999999999999
1464,0.0,0.0,0.0,1000.0,0,10,0.24,0.0,0.5499999999999999
1465,0.0,0.0,0.0,1000.0,0,10,0.25,0.0,0.5499999999999999
1466,0.0,0.0,0.0,1000.0,0,10,0.26,0.0,0.5499999999999999
1467,0.0,0.0,0.0,1000.0,0,10,0.27,0.0,0.5499999999999999
1468,0.0,0.0,0.0,1000.0,0,10,0.28,0.0,0.5499999999999999
1469,0.0,0.0,0.0,1000.0,0,10,0.29000000000000004,0.0,0.5499999999999999
1470,0.0,0.0,0.0,1000.0,0,10,0.30000000000000004,0.0,0.5499999999999999
1471,0.0,0.0,0.0,1000.0,0,10,0.31000000000000005,0.0,0.5499999999999999
1472,0.0,0.0,0.0,1000.0,0,10,0.32000000000000006,0.0,0.5499999999999999
1473,0.0,0.0,0.0,1000.0,0,10,0.33000000000000007,0.0,0.5499999999999999
1474,0.0,0.0,0.0,1000.0,0,10,0.3400000000000001,0.0,0.5499999999999999
1475,0.0,0.0,0.0,1000.0,0,10,0.35,0.0,0.5499999999999999
1476,0.0,0.0,0.0,1000.0,0,10,0.36,0.0,0.5499999999999999
1477,0.0,0.0,0.0,1000.0,0,10,0.37,0.0,0.5499999999999999
1478,0.0,0.0,0.0,1000.0,0,10,0.38,0.0,0.5499999999999999
1479,0.0,0.0,0.0,1000.0,0,10,0.39,0.0,0.5499999999999999
1480,0.0,0.0,0.0,1000.0,0,10,0.4,0.0,0.5499999999999999
1481,0.0,0.0,0.0,1000.0,0,10,0.41000000000000003,0.0,0.5499999999999999
1482,0.0,0.0,0.0,1000.0,0,10,0.42000000000000004,0.0,0.5499999999999999
1483,0.0,0.0,0.0,1000.0,0,10,0.43000000000000005,0.0,0.5499999999999999
1484,0.0,0.0,0.0,1000.0,0,10,0.44000000000000006,0.0,0.5499999999999999
1485,0.0,0.0,0.0,1000.0,0,10,0.45000000000000007,0.0,0.5499999999999999
1486,0.0,0.0,0.0,1000.0,0,10,0.4600000000000001,0.0,0.5499999999999999
1487,0.0,0.0,0.0,1000.0,0,10,0.47,0.0,0.5499999999999999
1488,0.0,0.0,0.0,1000.0,0,10,0.48,0.0,0.5499999999999999
1489,0.0,0.0,0.0,1000.0,0,10,0.49,0.0,0.5499999999999999
