"Idp","Vel:0","Vel:1","Vel:2","Rhop","Press","Vor:0","Vor:1","Vor:2","Type","Points:0","Points:1","Points:2"
741,0,0,0,1002.5,18443,0,0,0,3,0.12,0,0.12
742,0,0,0,1002.4,18050,0,0,0,3,0.12,0,0.16
743,0,0,0,1002.4,17658,0,0,0,3,0.12,0,0.2
789,0,0,0,1002.5,18443,0,0,0,3,0.16,0,0.12
790,0,0,0,1002.4,18050,0,0,0,3,0.16,0,0.16
791,0,0,0,1002.4,17658,0,0,0,3,0.16,0,0.2
837,0,0,0,1002.5,18443,0,0,0,3,0.2,0,0.12
838,0,0,0,1002.4,18050,0,0,0,3,0.2,0,0.16
839,0,0,0,1002.4,17658,0,0,0,3,0.2,0,0.2
885,0,0,0,1002.5,18443,0,0,0,3,0.24,0,0.12
886,0,0,0,1002.4,18050,0,0,0,3,0.24,0,0.16
887,0,0,0,1002.4,17658,0,0,0,3,0.24,0,0.2
933,0,0,0,1002.5,18443,0,0,0,3,0.28,0,0.12
934,0,0,0,1002.4,18050,0,0,0,3,0.28,0,0.16
935,0,0,0,1002.4,17658,0,0,0,3,0.28,0,0.2
981,0,0,0,1002.5,18443,0,0,0,3,0.32,0,0.12
982,0,0,0,1002.4,18050,0,0,0,3,0.32,0,0.16
983,0,0,0,1002.4,17658,0,0,0,3,0.32,0,0.2
1029,0,0,0,1002.5,18443,0,0,0,3,0.36,0,0.12
1030,0,0,0,1002.4,18050,0,0,0,3,0.36,0,0.16
1031,0,0,0,1002.4,17658,0,0,0,3,0.36,0,0.2
1077,0,0,0,1002.5,18443,0,0,0,3,0.4,0,0.12
1078,0,0,0,1002.4,18050,0,0,0,3,0.4,0,0.16
1079,0,0,0,1002.4,17658,0,0,0,3,0.4,0,0.2
1125,0,0,0,1002.5,18443,0,0,0,3,0.44,0,0.12
1126,0,0,0,1002.4,18050,0,0,0,3,0.44,0,0.16
1127,0,0,0,1002.4,17658,0,0,0,3,0.44,0,0.2
1173,0,0,0,1002.5,18443,0,0,0,3,0.48,0,0.12
1174,0,0,0,1002.4,18050,0,0,0,3,0.48,0,0.16
1175,0,0,0,1002.4,17658,0,0,0,3,0.48,0,0.2
1221,0,0,0,1002.5,18443,0,0,0,3,0.52,0,0.12
1222,0,0,0,1002.4,18050,0,0,0,3,0.52,0,0.16
1223,0,0,0,1002.4,17658,0,0,0,3,0.52,0,0.2
1269,0,0,0,1002.5,18443,0,0,0,3,0.56,0,0.12
1270,0,0,0,1002.4,18050,0,0,0,3,0.56,0,0.16
1271,0,0,0,1002.4,17658,0,0,0,3,0.56,0,0.2
1317,0,0,0,1002.5,18443,0,0,0,3,0.6,0,0.12
1318,0,0,0,1002.4,18050,0,0,0,3,0.6,0,0.16
1319,0,0,0,1002.4,17658,0,0,0,3,0.6,0,0.2
1365,0,0,0,1002.5,18443,0,0,0,3,0.64,0,0.12
1366,0,0,0,1002.4,18050,0,0,0,3,0.64,0,0.16
1367,0,0,0,1002.4,17658,0,0,0,3,0.64,0,0.2
1413,0,0,0,1002.5,18443,0,0,0,3,0.68,0,0.12
1414,0,0,0,1002.4,18050,0,0,0,3,0.68,0,0.16
1415,0,0,0,1002.4,17658,0,0,0,3,0.68,0,0.2
1461,0,0,0,1002.5,18443,0,0,0,3,0.72,0,0.12
1462,0,0,0,1002.4,18050,0,0,0,3,0.72,0,0.16
1463,0,0,0,1002.4,17658,0,0,0,3,0.72,0,0.2
1509,0,0,0,1002.5,18443,0,0,0,3,0.76,0,0.12
1510,0,0,0,1002.4,18050,0,0,0,3,0.76,0,0.16
1511,0,0,0,1002.4,17658,0,0,0,3,0.76,0,0.2
1557,0,0,0,1002.5,18443,0,0,0,3,0.8,0,0.12
1558,0,0,0,1002.4,18050,0,0,0,3,0.8,0,0.16
1559,0,0,0,1002.4,17658,0,0,0,3,0.8,0,0.2
1605,0,0,0,1002.5,18443,0,0,0,3,0.84,0,0.12
1606,0,0,0,1002.4,18050,0,0,0,3,0.84,0,0.16
1607,0,0,0,1002.4,17658,0,0,0,3,0.84,0,0.2
1653,0,0,0,1002.5,18443,0,0,0,3,0.88,0,0.12
1654,0,0,0,1002.4,18050,0,0,0,3,0.88,0,0.16
1655,0,0,0,1002.4,17658,0,0,0,3,0.88,0,0.2
1701,0,0,0,1002.5,18443,0,0,0,3,0.92,0,0.12
1702,0,0,0,1002.4,18050,0,0,0,3,0.92,0,0.16
1703,0,0,0,1002.4,17658,0,0,0,3,0.92,0,0.2
1749,0,0,0,1002.5,18443,0,0,0,3,0.96,0,0.12
1750,0,0,0,1002.4,18050,0,0,0,3,0.96,0,0.16
1751,0,0,0,1002.4,17658,0,0,0,3,0.96,0,0.2
1797,0,0,0,1002.5,18443,0,0,0,3,1,0,0.12
1798,0,0,0,1002.4,18050,0,0,0,3,1,0,0.16
1799,0,0,0,1002.4,17658,0,0,0,3,1,0,0.2
744,0,0,0,1002.3,17266,0,0,0,3,0.12,0,0.24
745,0,0,0,1002.3,16873,0,0,0,3,0.12,0,0.28
746,0,0,0,1002.2,16481,0,0,0,3,0.12,0,0.32
792,0,0,0,1002.3,17266,0,0,0,3,0.16,0,0.24
793,0,0,0,1002.3,16873,0,0,0,3,0.16,0,0.28
794,0,0,0,1002.2,16481,0,0,0,3,0.16,0,0.32
840,0,0,0,1002.3,17266,0,0,0,3,0.2,0,0.24
841,0,0,0,1002.3,16873,0,0,0,3,0.2,0,0.28
842,0,0,0,1002.2,16481,0,0,0,3,0.2,0,0.32
888,0,0,0,1002.3,17266,0,0,0,3,0.24,0,0.24
889,0,0,0,1002.3,16873,0,0,0,3,0.24,0,0.28
890,0,0,0,1002.2,16481,0,0,0,3,0.24,0,0.32
936,0,0,0,1002.3,17266,0,0,0,3,0.28,0,0.24
937,0,0,0,1002.3,16873,0,0,0,3,0.28,0,0.28
938,0,0,0,1002.2,16481,0,0,0,3,0.28,0,0.32
984,0,0,0,1002.3,17266,0,0,0,3,0.32,0,0.24
985,0,0,0,1002.3,16873,0,0,0,3,0.32,0,0.28
986,0,0,0,1002.2,16481,0,0,0,3,0.32,0,0.32
1032,0,0,0,1002.3,17266,0,0,0,3,0.36,0,0.24
1033,0,0,0,1002.3,16873,0,0,0,3,0.36,0,0.28
1034,0,0,0,1002.2,16481,0,0,0,3,0.36,0,0.32
1080,0,0,0,1002.3,17266,0,0,0,3,0.4,0,0.24
1081,0,0,0,1002.3,16873,0,0,0,3,0.4,0,0.28
1082,0,0,0,1002.2,16481,0,0,0,3,0.4,0,0.32
1128,0,0,0,1002.3,17266,0,0,0,3,0.44,0,0.24
1129,0,0,0,1002.3,16873,0,0,0,3,0.44,0,0.28
1130,0,0,0,1002.2,16481,0,0,0,3,0.44,0,0.32
1176,0,0,0,1002.3,17266,0,0,0,3,0.48,0,0.24
1177,0,0,0,1002.3,16873,0,0,0,3,0.48,0,0.28
1178,0,0,0,1002.2,16481,0,0,0,3,0.48,0,0.32
1224,0,0,0,1002.3,17266,0,0,0,3,0.52,0,0.24
1225,0,0,0,1002.3,16873,0,0,0,3,0.52,0,0.28
1226,0,0,0,1002.2,16481,0,0,0,3,0.52,0,0.32
1272,0,0,0,1002.3,17266,0,0,0,3,0.56,0,0.24
1273,0,0,0,1002.3,16873,0,0,0,3,0.56,0,0.28
1274,0,0,0,1002.2,16481,0,0,0,3,0.56,0,0.32
1320,0,0,0,1002.3,17266,0,0,0,3,0.6,0,0.24
1321,0,0,0,1002.3,16873,0,0,0,3,0.6,0,0.28
1322,0,0,0,1002.2,16481,0,0,0,3,0.6,0,0.32
1368,0,0,0,1002.3,17266,0,0,0,3,0.64,0,0.24
1369,0,0,0,1002.3,16873,0,0,0,3,0.64,0,0.28
1370,0,0,0,1002.2,16481,0,0,0,3,0.64,0,0.32
1416,0,0,0,1002.3,17266,0,0,0,3,0.68,0,0.24
1417,0,0,0,1002.3,16873,0,0,0,3,0.68,0,0.28
1418,0,0,0,1002.2,16481,0,0,0,3,0.68,0,0.32
1464,0,0,0,1002.3,17266,0,0,0,3,0.72,0,0.24
1465,0,0,0,1002.3,16873,0,0,0,3,0.72,0,0.28
1466,0,0,0,1002.2,16481,0,0,0,3,0.72,0,0.32
1512,0,0,0,1002.3,17266,0,0,0,3,0.76,0,0.24
1513,0,0,0,1002.3,16873,0,0,0,3,0.76,0,0.28
1514,0,0,0,1002.2,16481,0,0,0,3,0.76,0,0.32
1560,0,0,0,1002.3,17266,0,0,0,3,0.8,0,0.24
1561,0,0,0,1002.3,16873,0,0,0,3,0.8,0,0.28
1562,0,0,0,1002.2,16481,0,0,0,3,0.8,0,0.32
1608,0,0,0,1002.3,17266,0,0,0,3,0.84,0,0.24
1609,0,0,0,1002.3,16873,0,0,0,3,0.84,0,0.28
1610,0,0,0,1002.2,16481,0,0,0,3,0.84,0,0.32
1656,0,0,0,1002.3,17266,0,0,0,3,0.88,0,0.24
1657,0,0,0,1002.3,16873,0,0,0,3,0.88,0,0.28
1658,0,0,0,1002.2,16481,0,0,0,3,0.88,0,0.32
1704,0,0,0,1002.3,17266,0,0,0,3,0.92,0,0.24
1705,0,0,0,1002.3,16873,0,0,0,3,0.92,0,0.28
1706,0,0,0,1002.2,16481,0,0,0,3,0.92,0,0.32
1752,0,0,0,1002.3,17266,0,0,0,3,0.96,0,0.24
1753,0,0,0,1002.3,16873,0,0,0,3,0.96,0,0.28
1754,0,0,0,1002.2,16481,0,0,0,3,0.96,0,0.32
1800,0,0,0,1002.3,17266,0,0,0,3,1,0,0.24
1801,0,0,0,1002.3,16873,0,0,0,3,1,0,0.28
1802,0,0,0,1002.2,16481,0,0,0,3,1,0,0.32
747,0,0,0,1002.2,16088,0,0,0,3,0.12,0,0.36
748,0,0,0,1002.1,15696,0,0,0,3,0.12,0,0.4
749,0,0,0,1002.1,15303,0,0,0,3,0.12,0,0.44
795,0,0,0,1002.2,16088,0,0,0,3,0.16,0,0.36
796,0,0,0,1002.1,15696,0,0,0,3,0.16,0,0.4
797,0,0,0,1002.1,15303,0,0,0,3,0.16,0,0.44
843,0,0,0,1002.2,16088,0,0,0,3,0.2,0,0.36
844,0,0,0,1002.1,15696,0,0,0,3,0.2,0,0.4
845,0,0,0,1002.1,15303,0,0,0,3,0.2,0,0.44
891,0,0,0,1002.2,16088,0,0,0,3,0.24,0,0.36
892,0,0,0,1002.1,15696,0,0,0,3,0.24,0,0.4
893,0,0,0,1002.1,15303,0,0,0,3,0.24,0,0.44
939,0,0,0,1002.2,16088,0,0,0,3,0.28,0,0.36
940,0,0,0,1002.1,15696,0,0,0,3,0.28,0,0.4
941,0,0,0,1002.1,15303,0,0,0,3,0.28,0,0.44
987,0,0,0,1002.2,16088,0,0,0,3,0.32,0,0.36
988,0,0,0,1002.1,15696,0,0,0,3,0.32,0,0.4
989,0,0,0,1002.1,15303,0,0,0,3,0.32,0,0.44
1035,0,0,0,1002.2,16088,0,0,0,3,0.36,0,0.36
1036,0,0,0,1002.1,15696,0,0,0,3,0.36,0,0.4
1037,0,0,0,1002.1,15303,0,0,0,3,0.36,0,0.44
1083,0,0,0,1002.2,16088,0,0,0,3,0.4,0,0.36
1084,0,0,0,1002.1,15696,0,0,0,3,0.4,0,0.4
1085,0,0,0,1002.1,15303,0,0,0,3,0.4,0,0.44
1131,0,0,0,1002.2,16088,0,0,0,3,0.44,0,0.36
1132,0,0,0,1002.1,15696,0,0,0,3,0.44,0,0.4
1133,0,0,0,1002.1,15303,0,0,0,3,0.44,0,0.44
1179,0,0,0,1002.2,16088,0,0,0,3,0.48,0,0.36
1180,0,0,0,1002.1,15696,0,0,0,3,0.48,0,0.4
1181,0,0,0,1002.1,15303,0,0,0,3,0.48,0,0.44
1227,0,0,0,1002.2,16088,0,0,0,3,0.52,0,0.36
1228,0,0,0,1002.1,15696,0,0,0,3,0.52,0,0.4
1229,0,0,0,1002.1,15303,0,0,0,3,0.52,0,0.44
1275,0,0,0,1002.2,16088,0,0,0,3,0.56,0,0.36
1276,0,0,0,1002.1,15696,0,0,0,3,0.56,0,0.4
1277,0,0,0,1002.1,15303,0,0,0,3,0.56,0,0.44
1323,0,0,0,1002.2,16088,0,0,0,3,0.6,0,0.36
1324,0,0,0,1002.1,15696,0,0,0,3,0.6,0,0.4
1325,0,0,0,1002.1,15303,0,0,0,3,0.6,0,0.44
1371,0,0,0,1002.2,16088,0,0,0,3,0.64,0,0.36
1372,0,0,0,1002.1,15696,0,0,0,3,0.64,0,0.4
1373,0,0,0,1002.1,15303,0,0,0,3,0.64,0,0.44
1419,0,0,0,1002.2,16088,0,0,0,3,0.68,0,0.36
1420,0,0,0,1002.1,15696,0,0,0,3,0.68,0,0.4
1421,0,0,0,1002.1,15303,0,0,0,3,0.68,0,0.44
1467,0,0,0,1002.2,16088,0,0,0,3,0.72,0,0.36
1468,0,0,0,1002.1,15696,0,0,0,3,0.72,0,0.4
1469,0,0,0,1002.1,15303,0,0,0,3,0.72,0,0.44
1515,0,0,0,1002.2,16088,0,0,0,3,0.76,0,0.36
1516,0,0,0,1002.1,15696,0,0,0,3,0.76,0,0.4
1517,0,0,0,1002.1,15303,0,0,0,3,0.76,0,0.44
1563,0,0,0,1002.2,16088,0,0,0,3,0.8,0,0.36
1564,0,0,0,1002.1,15696,0,0,0,3,0.8,0,0.4
1565,0,0,0,1002.1,15303,0,0,0,3,0.8,0,0.44
1611,0,0,0,1002.2,16088,0,0,0,3,0.84,0,0.36
1612,0,0,0,1002.1,15696,0,0,0,3,0.84,0,0.4
1613,0,0,0,1002.1,15303,0,0,0,3,0.84,0,0.44
1659,0,0,0,1002.2,16088,0,0,0,3,0.88,0,0.36
1660,0,0,0,1002.1,15696,0,0,0,3,0.88,0,0.4
1661,0,0,0,1002.1,15303,0,0,0,3,0.88,0,0.44
1707,0,0,0,1002.2,16088,0,0,0,3,0.92,0,0.36
1708,0,0,0,1002.1,15696,0,0,0,3,0.92,0,0.4
1709,0,0,0,1002.1,15303,0,0,0,3,0.92,0,0.44
1755,0,0,0,1002.2,16088,0,0,0,3,0.96,0,0.36
1756,0,0,0,1002.1,15696,0,0,0,3,0.96,0,0.4
1757,0,0,0,1002.1,15303,0,0,0,3,0.96,0,0.44
1803,0,0,0,1002.2,16088,0,0,0,3,1,0,0.36
1804,0,0,0,1002.1,15696,0,0,0,3,1,0,0.4
1805,0,0,0,1002.1,15303,0,0,0,3,1,0,0.44
750,0,0,0,1002,14911,0,0,0,3,0.12,0,0.48
751,0,0,0,1002,14519,0,0,0,3,0.12,0,0.52
752,0,0,0,1001.9,14126,0,0,0,3,0.12,0,0.56
798,0,0,0,1002,14911,0,0,0,3,0.16,0,0.48
799,0,0,0,1002,14519,0,0,0,3,0.16,0,0.52
800,0,0,0,1001.9,14126,0,0,0,3,0.16,0,0.56
846,0,0,0,1002,14911,0,0,0,3,0.2,0,0.48
847,0,0,0,1002,14519,0,0,0,3,0.2,0,0.52
848,0,0,0,1001.9,14126,0,0,0,3,0.2,0,0.56
894,0,0,0,1002,14911,0,0,0,3,0.24,0,0.48
895,0,0,0,1002,14519,0,0,0,3,0.24,0,0.52
896,0,0,0,1001.9,14126,0,0,0,3,0.24,0,0.56
942,0,0,0,1002,14911,0,0,0,3,0.28,0,0.48
943,0,0,0,1002,14519,0,0,0,3,0.28,0,0.52
944,0,0,0,1001.9,14126,0,0,0,3,0.28,0,0.56
990,0,0,0,1002,14911,0,0,0,3,0.32,0,0.48
991,0,0,0,1002,14519,0,0,0,3,0.32,0,0.52
992,0,0,0,1001.9,14126,0,0,0,3,0.32,0,0.56
1038,0,0,0,1002,14911,0,0,0,3,0.36,0,0.48
1039,0,0,0,1002,14519,0,0,0,3,0.36,0,0.52
1040,0,0,0,1001.9,14126,0,0,0,3,0.36,0,0.56
1086,0,0,0,1002,14911,0,0,0,3,0.4,0,0.48
1087,0,0,0,1002,14519,0,0,0,3,0.4,0,0.52
1088,0,0,0,1001.9,14126,0,0,0,3,0.4,0,0.56
1134,0,0,0,1002,14911,0,0,0,3,0.44,0,0.48
1135,0,0,0,1002,14519,0,0,0,3,0.44,0,0.52
1136,0,0,0,1001.9,14126,0,0,0,3,0.44,0,0.56
1182,0,0,0,1002,14911,0,0,0,3,0.48,0,0.48
1183,0,0,0,1002,14519,0,0,0,3,0.48,0,0.52
1184,0,0,0,1001.9,14126,0,0,0,3,0.48,0,0.56
1230,0,0,0,1002,14911,0,0,0,3,0.52,0,0.48
1231,0,0,0,1002,14519,0,0,0,3,0.52,0,0.52
1232,0,0,0,1001.9,14126,0,0,0,3,0.52,0,0.56
1278,0,0,0,1002,14911,0,0,0,3,0.56,0,0.48
1279,0,0,0,1002,14519,0,0,0,3,0.56,0,0.52
1280,0,0,0,1001.9,14126,0,0,0,3,0.56,0,0.56
1326,0,0,0,1002,14911,0,0,0,3,0.6,0,0.48
1327,0,0,0,1002,14519,0,0,0,3,0.6,0,0.52
1328,0,0,0,1001.9,14126,0,0,0,3,0.6,0,0.56
1374,0,0,0,1002,14911,0,0,0,3,0.64,0,0.48
1375,0,0,0,1002,14519,0,0,0,3,0.64,0,0.52
1376,0,0,0,1001.9,14126,0,0,0,3,0.64,0,0.56
1422,0,0,0,1002,14911,0,0,0,3,0.68,0,0.48
1423,0,0,0,1002,14519,0,0,0,3,0.68,0,0.52
1424,0,0,0,1001.9,14126,0,0,0,3,0.68,0,0.56
1470,0,0,0,1002,14911,0,0,0,3,0.72,0,0.48
1471,0,0,0,1002,14519,0,0,0,3,0.72,0,0.52
1472,0,0,0,1001.9,14126,0,0,0,3,0.72,0,0.56
1518,0,0,0,1002,14911,0,0,0,3,0.76,0,0.48
1519,0,0,0,1002,14519,0,0,0,3,0.76,0,0.52
1520,0,0,0,1001.9,14126,0,0,0,3,0.76,0,0.56
1566,0,0,0,1002,14911,0,0,0,3,0.8,0,0.48
1567,0,0,0,1002,14519,0,0,0,3,0.8,0,0.52
1568,0,0,0,1001.9,14126,0,0,0,3,0.8,0,0.56
1614,0,0,0,1002,14911,0,0,0,3,0.84,0,0.48
1615,0,0,0,1002,14519,0,0,0,3,0.84,0,0.52
1616,0,0,0,1001.9,14126,0,0,0,3,0.84,0,0.56
1662,0,0,0,1002,14911,0,0,0,3,0.88,0,0.48
1663,0,0,0,1002,14519,0,0,0,3,0.88,0,0.52
1664,0,0,0,1001.9,14126,0,0,0,3,0.88,0,0.56
1710,0,0,0,1002,14911,0,0,0,3,0.92,0,0.48
1711,0,0,0,1002,14519,0,0,0,3,0.92,0,0.52
1712,0,0,0,1001.9,14126,0,0,0,3,0.92,0,0.56
1758,0,0,0,1002,14911,0,0,0,3,0.96,0,0.48
1759,0,0,0,1002,14519,0,0,0,3,0.96,0,0.52
1760,0,0,0,1001.9,14126,0,0,0,3,0.96,0,0.56
1806,0,0,0,1002,14911,0,0,0,3,1,0,0.48
1807,0,0,0,1002,14519,0,0,0,3,1,0,0.52
1808,0,0,0,1001.9,14126,0,0,0,3,1,0,0.56
753,0,0,0,1001.9,13734,0,0,0,3,0.12,0,0.6
754,0,0,0,1001.8,13342,0,0,0,3,0.12,0,0.64
801,0,0,0,1001.9,13734,0,0,0,3,0.16,0,0.6
802,0,0,0,1001.8,13342,0,0,0,3,0.16,0,0.64
849,0,0,0,1001.9,13734,0,0,0,3,0.2,0,0.6
850,0,0,0,1001.8,13342,0,0,0,3,0.2,0,0.64
897,0,0,0,1001.9,13734,0,0,0,3,0.24,0,0.6
898,0,0,0,1001.8,13342,0,0,0,3,0.24,0,0.64
945,0,0,0,1001.9,13734,0,0,0,3,0.28,0,0.6
946,0,0,0,1001.8,13342,0,0,0,3,0.28,0,0.64
993,0,0,0,1001.9,13734,0,0,0,3,0.32,0,0.6
994,0,0,0,1001.8,13342,0,0,0,3,0.32,0,0.64
1041,0,0,0,1001.9,13734,0,0,0,3,0.36,0,0.6
1042,0,0,0,1001.8,13342,0,0,0,3,0.36,0,0.64
1089,0,0,0,1001.9,13734,0,0,0,3,0.4,0,0.6
1090,0,0,0,1001.8,13342,0,0,0,3,0.4,0,0.64
1137,0,0,0,1001.9,13734,0,0,0,3,0.44,0,0.6
1138,0,0,0,1001.8,13342,0,0,0,3,0.44,0,0.64
1185,0,0,0,1001.9,13734,0,0,0,3,0.48,0,0.6
1186,0,0,0,1001.8,13342,0,0,0,3,0.48,0,0.64
1233,0,0,0,1001.9,13734,0,0,0,3,0.52,0,0.6
1234,0,0,0,1001.8,13342,0,0,0,3,0.52,0,0.64
1281,0,0,0,1001.9,13734,0,0,0,3,0.56,0,0.6
1282,0,0,0,1001.8,13342,0,0,0,3,0.56,0,0.64
1329,0,0,0,1001.9,13734,0,0,0,3,0.6,0,0.6
1330,0,0,0,1001.8,13342,0,0,0,3,0.6,0,0.64
1377,0,0,0,1001.9,13734,0,0,0,3,0.64,0,0.6
1378,0,0,0,1001.8,13342,0,0,0,3,0.64,0,0.64
1425,0,0,0,1001.9,13734,0,0,0,3,0.68,0,0.6
1426,0,0,0,1001.8,13342,0,0,0,3,0.68,0,0.64
1473,0,0,0,1001.9,13734,0,0,0,3,0.72,0,0.6
1474,0,0,0,1001.8,13342,0,0,0,3,0.72,0,0.64
1521,0,0,0,1001.9,13734,0,0,0,3,0.76,0,0.6
1522,0,0,0,1001.8,13342,0,0,0,3,0.76,0,0.64
1569,0,0,0,1001.9,13734,0,0,0,3,0.8,0,0.6
1570,0,0,0,1001.8,13342,0,0,0,3,0.8,0,0.64
1617,0,0,0,1001.9,13734,0,0,0,3,0.84,0,0.6
1618,0,0,0,1001.8,13342,0,0,0,3,0.84,0,0.64
1665,0,0,0,1001.9,13734,0,0,0,3,0.88,0,0.6
1666,0,0,0,1001.8,13342,0,0,0,3,0.88,0,0.64
1713,0,0,0,1001.9,13734,0,0,0,3,0.92,0,0.6
1714,0,0,0,1001.8,13342,0,0,0,3,0.92,0,0.64
1761,0,0,0,1001.9,13734,0,0,0,3,0.96,0,0.6
1762,0,0,0,1001.8,13342,0,0,0,3,0.96,0,0.64
1809,0,0,0,1001.9,13734,0,0,0,3,1,0,0.6
1810,0,0,0,1001.8,13342,0,0,0,3,1,0,0.64
755,0,0,0,1001.7,12949,0,0,0,3,0.12,0,0.68
756,0,0,0,1001.7,12557,0,0,0,3,0.12,0,0.72
757,0,0,0,1001.6,12164,0,0,0,3,0.12,0,0.76
803,0,0,0,1001.7,12949,0,0,0,3,0.16,0,0.68
804,0,0,0,1001.7,12557,0,0,0,3,0.16,0,0.72
805,0,0,0,1001.6,12164,0,0,0,3,0.16,0,0.76
851,0,0,0,1001.7,12949,0,0,0,3,0.2,0,0.68
852,0,0,0,1001.7,12557,0,0,0,3,0.2,0,0.72
853,0,0,0,1001.6,12164,0,0,0,3,0.2,0,0.76
899,0,0,0,1001.7,12949,0,0,0,3,0.24,0,0.68
900,0,0,0,1001.7,12557,0,0,0,3,0.24,0,0.72
901,0,0,0,1001.6,12164,0,0,0,3,0.24,0,0.76
947,0,0,0,1001.7,12949,0,0,0,3,0.28,0,0.68
948,0,0,0,1001.7,12557,0,0,0,3,0.28,0,0.72
949,0,0,0,1001.6,12164,0,0,0,3,0.28,0,0.76
995,0,0,0,1001.7,12949,0,0,0,3,0.32,0,0.68
996,0,0,0,1001.7,12557,0,0,0,3,0.32,0,0.72
997,0,0,0,1001.6,12164,0,0,0,3,0.32,0,0.76
1043,0,0,0,1001.7,12949,0,0,0,3,0.36,0,0.68
1044,0,0,0,1001.7,12557,0,0,0,3,0.36,0,0.72
1045,0,0,0,1001.6,12164,0,0,0,3,0.36,0,0.76
1091,0,0,0,1001.7,12949,0,0,0,3,0.4,0,0.68
1092,0,0,0,1001.7,12557,0,0,0,3,0.4,0,0.72
1093,0,0,0,1001.6,12164,0,0,0,3,0.4,0,0.76
1139,0,0,0,1001.7,12949,0,0,0,3,0.44,0,0.68
1140,0,0,0,1001.7,12557,0,0,0,3,0.44,0,0.72
1141,0,0,0,1001.6,12164,0,0,0,3,0.44,0,0.76
1187,0,0,0,1001.7,12949,0,0,0,3,0.48,0,0.68
1188,0,0,0,1001.7,12557,0,0,0,3,0.48,0,0.72
1189,0,0,0,1001.6,12164,0,0,0,3,0.48,0,0.76
1235,0,0,0,1001.7,12949,0,0,0,3,0.52,0,0.68
1236,0,0,0,1001.7,12557,0,0,0,3,0.52,0,0.72
1237,0,0,0,1001.6,12164,0,0,0,3,0.52,0,0.76
1283,0,0,0,1001.7,12949,0,0,0,3,0.56,0,0.68
1284,0,0,0,1001.7,12557,0,0,0,3,0.56,0,0.72
1285,0,0,0,1001.6,12164,0,0,0,3,0.56,0,0.76
1331,0,0,0,1001.7,12949,0,0,0,3,0.6,0,0.68
1332,0,0,0,1001.7,12557,0,0,0,3,0.6,0,0.72
1333,0,0,0,1001.6,12164,0,0,0,3,0.6,0,0.76
1379,0,0,0,1001.7,12949,0,0,0,3,0.64,0,0.68
1380,0,0,0,1001.7,12557,0,0,0,3,0.64,0,0.72
1381,0,0,0,1001.6,12164,0,0,0,3,0.64,0,0.76
1427,0,0,0,1001.7,12949,0,0,0,3,0.68,0,0.68
1428,0,0,0,1001.7,12557,0,0,0,3,0.68,0,0.72
1429,0,0,0,1001.6,12164,0,0,0,3,0.68,0,0.76
1475,0,0,0,1001.7,12949,0,0,0,3,0.72,0,0.68
1476,0,0,0,1001.7,12557,0,0,0,3,0.72,0,0.72
1477,0,0,0,1001.6,12164,0,0,0,3,0.72,0,0.76
1523,0,0,0,1001.7,12949,0,0,0,3,0.76,0,0.68
1524,0,0,0,1001.7,12557,0,0,0,3,0.76,0,0.72
1525,0,0,0,1001.6,12164,0,0,0,3,0.76,0,0.76
1571,0,0,0,1001.7,12949,0,0,0,3,0.8,0,0.68
1572,0,0,0,1001.7,12557,0,0,0,3,0.8,0,0.72
1573,0,0,0,1001.6,12164,0,0,0,3,0.8,0,0.76
1619,0,0,0,1001.7,12949,0,0,0,3,0.84,0,0.68
1620,0,0,0,1001.7,12557,0,0,0,3,0.84,0,0.72
1621,0,0,0,1001.6,12164,0,0,0,3,0.84,0,0.76
1667,0,0,0,1001.7,12949,0,0,0,3,0.88,0,0.68
1668,0,0,0,1001.7,12557,0,0,0,3,0.88,0,0.72
1669,0,0,0,1001.6,12164,0,0,0,3,0.88,0,0.76
1715,0,0,0,1001.7,12949,0,0,0,3,0.92,0,0.68
1716,0,0,0,1001.7,12557,0,0,0,3,0.92,0,0.72
1717,0,0,0,1001.6,12164,0,0,0,3,0.92,0,0.76
1763,0,0,0,1001.7,12949,0,0,0,3,0.96,0,0.68
1764,0,0,0,1001.7,12557,0,0,0,3,0.96,0,0.72
1765,0,0,0,1001.6,12164,0,0,0,3,0.96,0,0.76
1811,0,0,0,1001.7,12949,0,0,0,3,1,0,0.68
1812,0,0,0,1001.7,12557,0,0,0,3,1,0,0.72
1813,0,0,0,1001.6,12164,0,0,0,3,1,0,0.76
758,0,0,0,1001.6,11772,0,0,0,3,0.12,0,0.8
759,0,0,0,1001.5,11380,0,0,0,3,0.12,0,0.84
760,0,0,0,1001.5,10987,0,0,0,3,0.12,0,0.88
806,0,0,0,1001.6,11772,0,0,0,3,0.16,0,0.8
807,0,0,0,1001.5,11380,0,0,0,3,0.16,0,0.84
808,0,0,0,1001.5,10987,0,0,0,3,0.16,0,0.88
854,0,0,0,1001.6,11772,0,0,0,3,0.2,0,0.8
855,0,0,0,1001.5,11380,0,0,0,3,0.2,0,0.84
856,0,0,0,1001.5,10987,0,0,0,3,0.2,0,0.88
902,0,0,0,1001.6,11772,0,0,0,3,0.24,0,0.8
903,0,0,0,1001.5,11380,0,0,0,3,0.24,0,0.84
904,0,0,0,1001.5,10987,0,0,0,3,0.24,0,0.88
950,0,0,0,1001.6,11772,0,0,0,3,0.28,0,0.8
951,0,0,0,1001.5,11380,0,0,0,3,0.28,0,0.84
952,0,0,0,1001.5,10987,0,0,0,3,0.28,0,0.88
998,0,0,0,1001.6,11772,0,0,0,3,0.32,0,0.8
999,0,0,0,1001.5,11380,0,0,0,3,0.32,0,0.84
1000,0,0,0,1001.5,10987,0,0,0,3,0.32,0,0.88
1046,0,0,0,1001.6,11772,0,0,0,3,0.36,0,0.8
1047,0,0,0,1001.5,11380,0,0,0,3,0.36,0,0.84
1048,0,0,0,1001.5,10987,0,0,0,3,0.36,0,0.88
1094,0,0,0,1001.6,11772,0,0,0,3,0.4,0,0.8
1095,0,0,0,1001.5,11380,0,0,0,3,0.4,0,0.84
1096,0,0,0,1001.5,10987,0,0,0,3,0.4,0,0.88
1142,0,0,0,1001.6,11772,0,0,0,3,0.44,0,0.8
1143,0,0,0,1001.5,11380,0,0,0,3,0.44,0,0.84
1144,0,0,0,1001.5,10987,0,0,0,3,0.44,0,0.88
1190,0,0,0,1001.6,11772,0,0,0,3,0.48,0,0.8
1191,0,0,0,1001.5,11380,0,0,0,3,0.48,0,0.84
1192,0,0,0,1001.5,10987,0,0,0,3,0.48,0,0.88
1238,0,0,0,1001.6,11772,0,0,0,3,0.52,0,0.8
1239,0,0,0,1001.5,11380,0,0,0,3,0.52,0,0.84
1240,0,0,0,1001.5,10987,0,0,0,3,0.52,0,0.88
1286,0,0,0,1001.6,11772,0,0,0,3,0.56,0,0.8
1287,0,0,0,1001.5,11380,0,0,0,3,0.56,0,0.84
1288,0,0,0,1001.5,10987,0,0,0,3,0.56,0,0.88
1334,0,0,0,1001.6,11772,0,0,0,3,0.6,0,0.8
1335,0,0,0,1001.5,11380,0,0,0,3,0.6,0,0.84
1336,0,0,0,1001.5,10987,0,0,0,3,0.6,0,0.88
1382,0,0,0,1001.6,11772,0,0,0,3,0.64,0,0.8
1383,0,0,0,1001.5,11380,0,0,0,3,0.64,0,0.84
1384,0,0,0,1001.5,10987,0,0,0,3,0.64,0,0.88
1430,0,0,0,1001.6,11772,0,0,0,3,0.68,0,0.8
1431,0,0,0,1001.5,11380,0,0,0,3,0.68,0,0.84
1432,0,0,0,1001.5,10987,0,0,0,3,0.68,0,0.88
1478,0,0,0,1001.6,11772,0,0,0,3,0.72,0,0.8
1479,0,0,0,1001.5,11380,0,0,0,3,0.72,0,0.84
1480,0,0,0,1001.5,10987,0,0,0,3,0.72,0,0.88
1526,0,0,0,1001.6,11772,0,0,0,3,0.76,0,0.8
1527,0,0,0,1001.5,11380,0,0,0,3,0.76,0,0.84
1528,0,0,0,1001.5,10987,0,0,0,3,0.76,0,0.88
1574,0,0,0,1001.6,11772,0,0,0,3,0.8,0,0.8
1575,0,0,0,1001.5,11380,0,0,0,3,0.8,0,0.84
1576,0,0,0,1001.5,10987,0,0,0,3,0.8,0,0.88
1622,0,0,0,1001.6,11772,0,0,0,3,0.84,0,0.8
1623,0,0,0,1001.5,11380,0,0,0,3,0.84,0,0.84
1624,0,0,0,1001.5,10987,0,0,0,3,0.84,0,0.88
1670,0,0,0,1001.6,11772,0,0,0,3,0.88,0,0.8
1671,0,0,0,1001.5,11380,0,0,0,3,0.88,0,0.84
1672,0,0,0,1001.5,10987,0,0,0,3,0.88,0,0.88
1718,0,0,0,1001.6,11772,0,0,0,3,0.92,0,0.8
1719,0,0,0,1001.5,11380,0,0,0,3,0.92,0,0.84
1720,0,0,0,1001.5,10987,0,0,0,3,0.92,0,0.88
1766,0,0,0,1001.6,11772,0,0,0,3,0.96,0,0.8
1767,0,0,0,1001.5,11380,0,0,0,3,0.96,0,0.84
1768,0,0,0,1001.5,10987,0,0,0,3,0.96,0,0.88
1814,0,0,0,1001.6,11772,0,0,0,3,1,0,0.8
1815,0,0,0,1001.5,11380,0,0,0,3,1,0,0.84
1816,0,0,0,1001.5,10987,0,0,0,3,1,0,0.88
761,0,0,0,1001.4,10595,0,0,0,3,0.12,0,0.92
762,0,0,0,1001.4,10202,0,0,0,3,0.12,0,0.96
763,0,0,0,1001.3,9810.1,0,0,0,3,0.12,0,1
809,0,0,0,1001.4,10595,0,0,0,3,0.16,0,0.92
810,0,0,0,1001.4,10202,0,0,0,3,0.16,0,0.96
811,0,0,0,1001.3,9810.1,0,0,0,3,0.16,0,1
857,0,0,0,1001.4,10595,0,0,0,3,0.2,0,0.92
858,0,0,0,1001.4,10202,0,0,0,3,0.2,0,0.96
859,0,0,0,1001.3,9810.1,0,0,0,3,0.2,0,1
905,0,0,0,1001.4,10595,0,0,0,3,0.24,0,0.92
906,0,0,0,1001.4,10202,0,0,0,3,0.24,0,0.96
907,0,0,0,1001.3,9810.1,0,0,0,3,0.24,0,1
953,0,0,0,1001.4,10595,0,0,0,3,0.28,0,0.92
954,0,0,0,1001.4,10202,0,0,0,3,0.28,0,0.96
955,0,0,0,1001.3,9810.1,0,0,0,3,0.28,0,1
1001,0,0,0,1001.4,10595,0,0,0,3,0.32,0,0.92
1002,0,0,0,1001.4,10202,0,0,0,3,0.32,0,0.96
1003,0,0,0,1001.3,9810.1,0,0,0,3,0.32,0,1
1049,0,0,0,1001.4,10595,0,0,0,3,0.36,0,0.92
1050,0,0,0,1001.4,10202,0,0,0,3,0.36,0,0.96
1051,0,0,0,1001.3,9810.1,0,0,0,3,0.36,0,1
1097,0,0,0,1001.4,10595,0,0,0,3,0.4,0,0.92
1098,0,0,0,1001.4,10202,0,0,0,3,0.4,0,0.96
1099,0,0,0,1001.3,9810.1,0,0,0,3,0.4,0,1
1145,0,0,0,1001.4,10595,0,0,0,3,0.44,0,0.92
1146,0,0,0,1001.4,10202,0,0,0,3,0.44,0,0.96
1147,0,0,0,1001.3,9810.1,0,0,0,3,0.44,0,1
1193,0,0,0,1001.4,10595,0,0,0,3,0.48,0,0.92
1194,0,0,0,1001.4,10202,0,0,0,3,0.48,0,0.96
1195,0,0,0,1001.3,9810.1,0,0,0,3,0.48,0,1
1241,0,0,0,1001.4,10595,0,0,0,3,0.52,0,0.92
1242,0,0,0,1001.4,10202,0,0,0,3,0.52,0,0.96
1243,0,0,0,1001.3,9810.1,0,0,0,3,0.52,0,1
1289,0,0,0,1001.4,10595,0,0,0,3,0.56,0,0.92
1290,0,0,0,1001.4,10202,0,0,0,3,0.56,0,0.96
1291,0,0,0,1001.3,9810.1,0,0,0,3,0.56,0,1
1337,0,0,0,1001.4,10595,0,0,0,3,0.6,0,0.92
1338,0,0,0,1001.4,10202,0,0,0,3,0.6,0,0.96
1339,0,0,0,1001.3,9810.1,0,0,0,3,0.6,0,1
1385,0,0,0,1001.4,10595,0,0,0,3,0.64,0,0.92
1386,0,0,0,1001.4,10202,0,0,0,3,0.64,0,0.96
1387,0,0,0,1001.3,9810.1,0,0,0,3,0.64,0,1
1433,0,0,0,1001.4,10595,0,0,0,3,0.68,0,0.92
1434,0,0,0,1001.4,10202,0,0,0,3,0.68,0,0.96
1435,0,0,0,1001.3,9810.1,0,0,0,3,0.68,0,1
1481,0,0,0,1001.4,10595,0,0,0,3,0.72,0,0.92
1482,0,0,0,1001.4,10202,0,0,0,3,0.72,0,0.96
1483,0,0,0,1001.3,9810.1,0,0,0,3,0.72,0,1
1529,0,0,0,1001.4,10595,0,0,0,3,0.76,0,0.92
1530,0,0,0,1001.4,10202,0,0,0,3,0.76,0,0.96
1531,0,0,0,1001.3,9810.1,0,0,0,3,0.76,0,1
1577,0,0,0,1001.4,10595,0,0,0,3,0.8,0,0.92
1578,0,0,0,1001.4,10202,0,0,0,3,0.8,0,0.96
1579,0,0,0,1001.3,9810.1,0,0,0,3,0.8,0,1
1625,0,0,0,1001.4,10595,0,0,0,3,0.84,0,0.92
1626,0,0,0,1001.4,10202,0,0,0,3,0.84,0,0.96
1627,0,0,0,1001.3,9810.1,0,0,0,3,0.84,0,1
1673,0,0,0,1001.4,10595,0,0,0,3,0.88,0,0.92
1674,0,0,0,1001.4,10202,0,0,0,3,0.88,0,0.96
1675,0,0,0,1001.3,9810.1,0,0,0,3,0.88,0,1
1721,0,0,0,1001.4,10595,0,0,0,3,0.92,0,0.92
1722,0,0,0,1001.4,10202,0,0,0,3,0.92,0,0.96
1723,0,0,0,1001.3,9810.1,0,0,0,3,0.92,0,1
1769,0,0,0,1001.4,10595,0,0,0,3,0.96,0,0.92
1770,0,0,0,1001.4,10202,0,0,0,3,0.96,0,0.96
1771,0,0,0,1001.3,9810.1,0,0,0,3,0.96,0,1
1817,0,0,0,1001.4,10595,0,0,0,3,1,0,0.92
1818,0,0,0,1001.4,10202,0,0,0,3,1,0,0.96
1819,0,0,0,1001.3,9810.1,0,0,0,3,1,0,1
764,0,0,0,1001.3,9417.6,0,0,0,3,0.12,0,1.04
765,0,0,0,1001.2,9025.2,0,0,0,3,0.12,0,1.08
766,0,0,0,1001.2,8632.9,0,0,0,3,0.12,0,1.12
812,0,0,0,1001.3,9417.6,0,0,0,3,0.16,0,1.04
813,0,0,0,1001.2,9025.2,0,0,0,3,0.16,0,1.08
814,0,0,0,1001.2,8632.9,0,0,0,3,0.16,0,1.12
860,0,0,0,1001.3,9417.6,0,0,0,3,0.2,0,1.04
861,0,0,0,1001.2,9025.2,0,0,0,3,0.2,0,1.08
862,0,0,0,1001.2,8632.9,0,0,0,3,0.2,0,1.12
908,0,0,0,1001.3,9417.6,0,0,0,3,0.24,0,1.04
909,0,0,0,1001.2,9025.2,0,0,0,3,0.24,0,1.08
910,0,0,0,1001.2,8632.9,0,0,0,3,0.24,0,1.12
956,0,0,0,1001.3,9417.6,0,0,0,3,0.28,0,1.04
957,0,0,0,1001.2,9025.2,0,0,0,3,0.28,0,1.08
958,0,0,0,1001.2,8632.9,0,0,0,3,0.28,0,1.12
1004,0,0,0,1001.3,9417.6,0,0,0,3,0.32,0,1.04
1005,0,0,0,1001.2,9025.2,0,0,0,3,0.32,0,1.08
1006,0,0,0,1001.2,8632.9,0,0,0,3,0.32,0,1.12
1052,0,0,0,1001.3,9417.6,0,0,0,3,0.36,0,1.04
1053,0,0,0,1001.2,9025.2,0,0,0,3,0.36,0,1.08
1054,0,0,0,1001.2,8632.9,0,0,0,3,0.36,0,1.12
1100,0,0,0,1001.3,9417.6,0,0,0,3,0.4,0,1.04
1101,0,0,0,1001.2,9025.2,0,0,0,3,0.4,0,1.08
1102,0,0,0,1001.2,8632.9,0,0,0,3,0.4,0,1.12
1148,0,0,0,1001.3,9417.6,0,0,0,3,0.44,0,1.04
1149,0,0,0,1001.2,9025.2,0,0,0,3,0.44,0,1.08
1150,0,0,0,1001.2,8632.9,0,0,0,3,0.44,0,1.12
1196,0,0,0,1001.3,9417.6,0,0,0,3,0.48,0,1.04
1197,0,0,0,1001.2,9025.2,0,0,0,3,0.48,0,1.08
1198,0,0,0,1001.2,8632.9,0,0,0,3,0.48,0,1.12
1244,0,0,0,1001.3,9417.6,0,0,0,3,0.52,0,1.04
1245,0,0,0,1001.2,9025.2,0,0,0,3,0.52,0,1.08
1246,0,0,0,1001.2,8632.9,0,0,0,3,0.52,0,1.12
1292,0,0,0,1001.3,9417.6,0,0,0,3,0.56,0,1.04
1293,0,0,0,1001.2,9025.2,0,0,0,3,0.56,0,1.08
1294,0,0,0,1001.2,8632.9,0,0,0,3,0.56,0,1.12
1340,0,0,0,1001.3,9417.6,0,0,0,3,0.6,0,1.04
1341,0,0,0,1001.2,9025.2,0,0,0,3,0.6,0,1.08
1342,0,0,0,1001.2,8632.9,0,0,0,3,0.6,0,1.12
1388,0,0,0,1001.3,9417.6,0,0,0,3,0.64,0,1.04
1389,0,0,0,1001.2,9025.2,0,0,0,3,0.64,0,1.08
1390,0,0,0,1001.2,8632.9,0,0,0,3,0.64,0,1.12
1436,0,0,0,1001.3,9417.6,0,0,0,3,0.68,0,1.04
1437,0,0,0,1001.2,9025.2,0,0,0,3,0.68,0,1.08
1438,0,0,0,1001.2,8632.9,0,0,0,3,0.68,0,1.12
1484,0,0,0,1001.3,9417.6,0,0,0,3,0.72,0,1.04
1485,0,0,0,1001.2,9025.2,0,0,0,3,0.72,0,1.08
1486,0,0,0,1001.2,8632.9,0,0,0,3,0.72,0,1.12
1532,0,0,0,1001.3,9417.6,0,0,0,3,0.76,0,1.04
1533,0,0,0,1001.2,9025.2,0,0,0,3,0.76,0,1.08
1534,0,0,0,1001.2,8632.9,0,0,0,3,0.76,0,1.12
1580,0,0,0,1001.3,9417.6,0,0,0,3,0.8,0,1.04
1581,0,0,0,1001.2,9025.2,0,0,0,3,0.8,0,1.08
1582,0,0,0,1001.2,8632.9,0,0,0,3,0.8,0,1.12
1628,0,0,0,1001.3,9417.6,0,0,0,3,0.84,0,1.04
1629,0,0,0,1001.2,9025.2,0,0,0,3,0.84,0,1.08
1630,0,0,0,1001.2,8632.9,0,0,0,3,0.84,0,1.12
1676,0,0,0,1001.3,9417.6,0,0,0,3,0.88,0,1.04
1677,0,0,0,1001.2,9025.2,0,0,0,3,0.88,0,1.08
1678,0,0,0,1001.2,8632.9,0,0,0,3,0.88,0,1.12
1724,0,0,0,1001.3,9417.6,0,0,0,3,0.92,0,1.04
1725,0,0,0,1001.2,9025.2,0,0,0,3,0.92,0,1.08
1726,0,0,0,1001.2,8632.9,0,0,0,3,0.92,0,1.12
1772,0,0,0,1001.3,9417.6,0,0,0,3,0.96,0,1.04
1773,0,0,0,1001.2,9025.2,0,0,0,3,0.96,0,1.08
1774,0,0,0,1001.2,8632.9,0,0,0,3,0.96,0,1.12
1820,0,0,0,1001.3,9417.6,0,0,0,3,1,0,1.04
1821,0,0,0,1001.2,9025.2,0,0,0,3,1,0,1.08
1822,0,0,0,1001.2,8632.9,0,0,0,3,1,0,1.12
767,0,0,0,1001.1,8240.3,0,0,0,3,0.12,0,1.16
768,0,0,0,1001.1,7847.8,0,0,0,3,0.12,0,1.2
769,0,0,0,1001,7455.5,0,0,0,3,0.12,0,1.24
815,0,0,0,1001.1,8240.3,0,0,0,3,0.16,0,1.16
816,0,0,0,1001.1,7847.8,0,0,0,3,0.16,0,1.2
817,0,0,0,1001,7455.5,0,0,0,3,0.16,0,1.24
863,0,0,0,1001.1,8240.3,0,0,0,3,0.2,0,1.16
864,0,0,0,1001.1,7847.8,0,0,0,3,0.2,0,1.2
865,0,0,0,1001,7455.5,0,0,0,3,0.2,0,1.24
911,0,0,0,1001.1,8240.3,0,0,0,3,0.24,0,1.16
912,0,0,0,1001.1,7847.8,0,0,0,3,0.24,0,1.2
913,0,0,0,1001,7455.5,0,0,0,3,0.24,0,1.24
959,0,0,0,1001.1,8240.3,0,0,0,3,0.28,0,1.16
960,0,0,0,1001.1,7847.8,0,0,0,3,0.28,0,1.2
961,0,0,0,1001,7455.5,0,0,0,3,0.28,0,1.24
1007,0,0,0,1001.1,8240.3,0,0,0,3,0.32,0,1.16
1008,0,0,0,1001.1,7847.8,0,0,0,3,0.32,0,1.2
1009,0,0,0,1001,7455.5,0,0,0,3,0.32,0,1.24
1055,0,0,0,1001.1,8240.3,0,0,0,3,0.36,0,1.16
1056,0,0,0,1001.1,7847.8,0,0,0,3,0.36,0,1.2
1057,0,0,0,1001,7455.5,0,0,0,3,0.36,0,1.24
1103,0,0,0,1001.1,8240.3,0,0,0,3,0.4,0,1.16
1104,0,0,0,1001.1,7847.8,0,0,0,3,0.4,0,1.2
1105,0,0,0,1001,7455.5,0,0,0,3,0.4,0,1.24
1151,0,0,0,1001.1,8240.3,0,0,0,3,0.44,0,1.16
1152,0,0,0,1001.1,7847.8,0,0,0,3,0.44,0,1.2
1153,0,0,0,1001,7455.5,0,0,0,3,0.44,0,1.24
1199,0,0,0,1001.1,8240.3,0,0,0,3,0.48,0,1.16
1200,0,0,0,1001.1,7847.8,0,0,0,3,0.48,0,1.2
1201,0,0,0,1001,7455.5,0,0,0,3,0.48,0,1.24
1247,0,0,0,1001.1,8240.3,0,0,0,3,0.52,0,1.16
1248,0,0,0,1001.1,7847.8,0,0,0,3,0.52,0,1.2
1249,0,0,0,1001,7455.5,0,0,0,3,0.52,0,1.24
1295,0,0,0,1001.1,8240.3,0,0,0,3,0.56,0,1.16
1296,0,0,0,1001.1,7847.8,0,0,0,3,0.56,0,1.2
1297,0,0,0,1001,7455.5,0,0,0,3,0.56,0,1.24
1343,0,0,0,1001.1,8240.3,0,0,0,3,0.6,0,1.16
1344,0,0,0,1001.1,7847.8,0,0,0,3,0.6,0,1.2
1345,0,0,0,1001,7455.5,0,0,0,3,0.6,0,1.24
1391,0,0,0,1001.1,8240.3,0,0,0,3,0.64,0,1.16
1392,0,0,0,1001.1,7847.8,0,0,0,3,0.64,0,1.2
1393,0,0,0,1001,7455.5,0,0,0,3,0.64,0,1.24
1439,0,0,0,1001.1,8240.3,0,0,0,3,0.68,0,1.16
1440,0,0,0,1001.1,7847.8,0,0,0,3,0.68,0,1.2
1441,0,0,0,1001,7455.5,0,0,0,3,0.68,0,1.24
1487,0,0,0,1001.1,8240.3,0,0,0,3,0.72,0,1.16
1488,0,0,0,1001.1,7847.8,0,0,0,3,0.72,0,1.2
1489,0,0,0,1001,7455.5,0,0,0,3,0.72,0,1.24
1535,0,0,0,1001.1,8240.3,0,0,0,3,0.76,0,1.16
1536,0,0,0,1001.1,7847.8,0,0,0,3,0.76,0,1.2
1537,0,0,0,1001,7455.5,0,0,0,3,0.76,0,1.24
1583,0,0,0,1001.1,8240.3,0,0,0,3,0.8,0,1.16
1584,0,0,0,1001.1,7847.8,0,0,0,3,0.8,0,1.2
1585,0,0,0,1001,7455.5,0,0,0,3,0.8,0,1.24
1631,0,0,0,1001.1,8240.3,0,0,0,3,0.84,0,1.16
1632,0,0,0,1001.1,7847.8,0,0,0,3,0.84,0,1.2
1633,0,0,0,1001,7455.5,0,0,0,3,0.84,0,1.24
1679,0,0,0,1001.1,8240.3,0,0,0,3,0.88,0,1.16
1680,0,0,0,1001.1,7847.8,0,0,0,3,0.88,0,1.2
1681,0,0,0,1001,7455.5,0,0,0,3,0.88,0,1.24
1727,0,0,0,1001.1,8240.3,0,0,0,3,0.92,0,1.16
1728,0,0,0,1001.1,7847.8,0,0,0,3,0.92,0,1.2
1729,0,0,0,1001,7455.5,0,0,0,3,0.92,0,1.24
1775,0,0,0,1001.1,8240.3,0,0,0,3,0.96,0,1.16
1776,0,0,0,1001.1,7847.8,0,0,0,3,0.96,0,1.2
1777,0,0,0,1001,7455.5,0,0,0,3,0.96,0,1.24
1823,0,0,0,1001.1,8240.3,0,0,0,3,1,0,1.16
1824,0,0,0,1001.1,7847.8,0,0,0,3,1,0,1.2
1825,0,0,0,1001,7455.5,0,0,0,3,1,0,1.24
770,0,0,0,1001,7063.2,0,0,0,3,0.12,0,1.28
771,0,0,0,1000.9,6670.7,0,0,0,3,0.12,0,1.32
818,0,0,0,1001,7063.2,0,0,0,3,0.16,0,1.28
819,0,0,0,1000.9,6670.7,0,0,0,3,0.16,0,1.32
866,0,0,0,1001,7063.2,0,0,0,3,0.2,0,1.28
867,0,0,0,1000.9,6670.7,0,0,0,3,0.2,0,1.32
914,0,0,0,1001,7063.2,0,0,0,3,0.24,0,1.28
915,0,0,0,1000.9,6670.7,0,0,0,3,0.24,0,1.32
962,0,0,0,1001,7063.2,0,0,0,3,0.28,0,1.28
963,0,0,0,1000.9,6670.7,0,0,0,3,0.28,0,1.32
1010,0,0,0,1001,7063.2,0,0,0,3,0.32,0,1.28
1011,0,0,0,1000.9,6670.7,0,0,0,3,0.32,0,1.32
1058,0,0,0,1001,7063.2,0,0,0,3,0.36,0,1.28
1059,0,0,0,1000.9,6670.7,0,0,0,3,0.36,0,1.32
1106,0,0,0,1001,7063.2,0,0,0,3,0.4,0,1.28
1107,0,0,0,1000.9,6670.7,0,0,0,3,0.4,0,1.32
1154,0,0,0,1001,7063.2,0,0,0,3,0.44,0,1.28
1155,0,0,0,1000.9,6670.7,0,0,0,3,0.44,0,1.32
1202,0,0,0,1001,7063.2,0,0,0,3,0.48,0,1.28
1203,0,0,0,1000.9,6670.7,0,0,0,3,0.48,0,1.32
1250,0,0,0,1001,7063.2,0,0,0,3,0.52,0,1.28
1251,0,0,0,1000.9,6670.7,0,0,0,3,0.52,0,1.32
1298,0,0,0,1001,7063.2,0,0,0,3,0.56,0,1.28
1299,0,0,0,1000.9,6670.7,0,0,0,3,0.56,0,1.32
1346,0,0,0,1001,7063.2,0,0,0,3,0.6,0,1.28
1347,0,0,0,1000.9,6670.7,0,0,0,3,0.6,0,1.32
1394,0,0,0,1001,7063.2,0,0,0,3,0.64,0,1.28
1395,0,0,0,1000.9,6670.7,0,0,0,3,0.64,0,1.32
1442,0,0,0,1001,7063.2,0,0,0,3,0.68,0,1.28
1443,0,0,0,1000.9,6670.7,0,0,0,3,0.68,0,1.32
1490,0,0,0,1001,7063.2,0,0,0,3,0.72,0,1.28
1491,0,0,0,1000.9,6670.7,0,0,0,3,0.72,0,1.32
1538,0,0,0,1001,7063.2,0,0,0,3,0.76,0,1.28
1539,0,0,0,1000.9,6670.7,0,0,0,3,0.76,0,1.32
1586,0,0,0,1001,7063.2,0,0,0,3,0.8,0,1.28
1587,0,0,0,1000.9,6670.7,0,0,0,3,0.8,0,1.32
1634,0,0,0,1001,7063.2,0,0,0,3,0.84,0,1.28
1635,0,0,0,1000.9,6670.7,0,0,0,3,0.84,0,1.32
1682,0,0,0,1001,7063.2,0,0,0,3,0.88,0,1.28
1683,0,0,0,1000.9,6670.7,0,0,0,3,0.88,0,1.32
1730,0,0,0,1001,7063.2,0,0,0,3,0.92,0,1.28
1731,0,0,0,1000.9,6670.7,0,0,0,3,0.92,0,1.32
1778,0,0,0,1001,7063.2,0,0,0,3,0.96,0,1.28
1779,0,0,0,1000.9,6670.7,0,0,0,3,0.96,0,1.32
1826,0,0,0,1001,7063.2,0,0,0,3,1,0,1.28
1827,0,0,0,1000.9,6670.7,0,0,0,3,1,0,1.32
772,0,0,0,1000.8,6278.2,0,0,0,3,0.12,0,1.36
773,0,0,0,1000.8,5885.9,0,0,0,3,0.12,0,1.4
774,0,0,0,1000.7,5493.7,0,0,0,3,0.12,0,1.44
820,0,0,0,1000.8,6278.2,0,0,0,3,0.16,0,1.36
821,0,0,0,1000.8,5885.9,0,0,0,3,0.16,0,1.4
822,0,0,0,1000.7,5493.7,0,0,0,3,0.16,0,1.44
868,0,0,0,1000.8,6278.2,0,0,0,3,0.2,0,1.36
869,0,0,0,1000.8,5885.9,0,0,0,3,0.2,0,1.4
870,0,0,0,1000.7,5493.7,0,0,0,3,0.2,0,1.44
916,0,0,0,1000.8,6278.2,0,0,0,3,0.24,0,1.36
917,0,0,0,1000.8,5885.9,0,0,0,3,0.24,0,1.4
918,0,0,0,1000.7,5493.7,0,0,0,3,0.24,0,1.44
964,0,0,0,1000.8,6278.2,0,0,0,3,0.28,0,1.36
965,0,0,0,1000.8,5885.9,0,0,0,3,0.28,0,1.4
966,0,0,0,1000.7,5493.7,0,0,0,3,0.28,0,1.44
1012,0,0,0,1000.8,6278.2,0,0,0,3,0.32,0,1.36
1013,0,0,0,1000.8,5885.9,0,0,0,3,0.32,0,1.4
1014,0,0,0,1000.7,5493.7,0,0,0,3,0.32,0,1.44
1060,0,0,0,1000.8,6278.2,0,0,0,3,0.36,0,1.36
1061,0,0,0,1000.8,5885.9,0,0,0,3,0.36,0,1.4
1062,0,0,0,1000.7,5493.7,0,0,0,3,0.36,0,1.44
1108,0,0,0,1000.8,6278.2,0,0,0,3,0.4,0,1.36
1109,0,0,0,1000.8,5885.9,0,0,0,3,0.4,0,1.4
1110,0,0,0,1000.7,5493.7,0,0,0,3,0.4,0,1.44
1156,0,0,0,1000.8,6278.2,0,0,0,3,0.44,0,1.36
1157,0,0,0,1000.8,5885.9,0,0,0,3,0.44,0,1.4
1158,0,0,0,1000.7,5493.7,0,0,0,3,0.44,0,1.44
1204,0,0,0,1000.8,6278.2,0,0,0,3,0.48,0,1.36
1205,0,0,0,1000.8,5885.9,0,0,0,3,0.48,0,1.4
1206,0,0,0,1000.7,5493.7,0,0,0,3,0.48,0,1.44
1252,0,0,0,1000.8,6278.2,0,0,0,3,0.52,0,1.36
1253,0,0,0,1000.8,5885.9,0,0,0,3,0.52,0,1.4
1254,0,0,0,1000.7,5493.7,0,0,0,3,0.52,0,1.44
1300,0,0,0,1000.8,6278.2,0,0,0,3,0.56,0,1.36
1301,0,0,0,1000.8,5885.9,0,0,0,3,0.56,0,1.4
1302,0,0,0,1000.7,5493.7,0,0,0,3,0.56,0,1.44
1348,0,0,0,1000.8,6278.2,0,0,0,3,0.6,0,1.36
1349,0,0,0,1000.8,5885.9,0,0,0,3,0.6,0,1.4
1350,0,0,0,1000.7,5493.7,0,0,0,3,0.6,0,1.44
1396,0,0,0,1000.8,6278.2,0,0,0,3,0.64,0,1.36
1397,0,0,0,1000.8,5885.9,0,0,0,3,0.64,0,1.4
1398,0,0,0,1000.7,5493.7,0,0,0,3,0.64,0,1.44
1444,0,0,0,1000.8,6278.2,0,0,0,3,0.68,0,1.36
1445,0,0,0,1000.8,5885.9,0,0,0,3,0.68,0,1.4
1446,0,0,0,1000.7,5493.7,0,0,0,3,0.68,0,1.44
1492,0,0,0,1000.8,6278.2,0,0,0,3,0.72,0,1.36
1493,0,0,0,1000.8,5885.9,0,0,0,3,0.72,0,1.4
1494,0,0,0,1000.7,5493.7,0,0,0,3,0.72,0,1.44
1540,0,0,0,1000.8,6278.2,0,0,0,3,0.76,0,1.36
1541,0,0,0,1000.8,5885.9,0,0,0,3,0.76,0,1.4
1542,0,0,0,1000.7,5493.7,0,0,0,3,0.76,0,1.44
1588,0,0,0,1000.8,6278.2,0,0,0,3,0.8,0,1.36
1589,0,0,0,1000.8,5885.9,0,0,0,3,0.8,0,1.4
1590,0,0,0,1000.7,5493.7,0,0,0,3,0.8,0,1.44
1636,0,0,0,1000.8,6278.2,0,0,0,3,0.84,0,1.36
1637,0,0,0,1000.8,5885.9,0,0,0,3,0.84,0,1.4
1638,0,0,0,1000.7,5493.7,0,0,0,3,0.84,0,1.44
1684,0,0,0,1000.8,6278.2,0,0,0,3,0.88,0,1.36
1685,0,0,0,1000.8,5885.9,0,0,0,3,0.88,0,1.4
1686,0,0,0,1000.7,5493.7,0,0,0,3,0.88,0,1.44
1732,0,0,0,1000.8,6278.2,0,0,0,3,0.92,0,1.36
1733,0,0,0,1000.8,5885.9,0,0,0,3,0.92,0,1.4
1734,0,0,0,1000.7,5493.7,0,0,0,3,0.92,0,1.44
1780,0,0,0,1000.8,6278.2,0,0,0,3,0.96,0,1.36
1781,0,0,0,1000.8,5885.9,0,0,0,3,0.96,0,1.4
1782,0,0,0,1000.7,5493.7,0,0,0,3,0.96,0,1.44
1828,0,0,0,1000.8,6278.2,0,0,0,3,1,0,1.36
1829,0,0,0,1000.8,5885.9,0,0,0,3,1,0,1.4
1830,0,0,0,1000.7,5493.7,0,0,0,3,1,0,1.44
775,0,0,0,1000.7,5101.2,0,0,0,3,0.12,0,1.48
776,0,0,0,1000.6,4708.8,0,0,0,3,0.12,0,1.52
777,0,0,0,1000.6,4316.6,0,0,0,3,0.12,0,1.56
823,0,0,0,1000.7,5101.2,0,0,0,3,0.16,0,1.48
824,0,0,0,1000.6,4708.8,0,0,0,3,0.16,0,1.52
825,0,0,0,1000.6,4316.6,0,0,0,3,0.16,0,1.56
871,0,0,0,1000.7,5101.2,0,0,0,3,0.2,0,1.48
872,0,0,0,1000.6,4708.8,0,0,0,3,0.2,0,1.52
873,0,0,0,1000.6,4316.6,0,0,0,3,0.2,0,1.56
919,0,0,0,1000.7,5101.2,0,0,0,3,0.24,0,1.48
920,0,0,0,1000.6,4708.8,0,0,0,3,0.24,0,1.52
921,0,0,0,1000.6,4316.6,0,0,0,3,0.24,0,1.56
967,0,0,0,1000.7,5101.2,0,0,0,3,0.28,0,1.48
968,0,0,0,1000.6,4708.8,0,0,0,3,0.28,0,1.52
969,0,0,0,1000.6,4316.6,0,0,0,3,0.28,0,1.56
1015,0,0,0,1000.7,5101.2,0,0,0,3,0.32,0,1.48
1016,0,0,0,1000.6,4708.8,0,0,0,3,0.32,0,1.52
1017,0,0,0,1000.6,4316.6,0,0,0,3,0.32,0,1.56
1063,0,0,0,1000.7,5101.2,0,0,0,3,0.36,0,1.48
1064,0,0,0,1000.6,4708.8,0,0,0,3,0.36,0,1.52
1065,0,0,0,1000.6,4316.6,0,0,0,3,0.36,0,1.56
1111,0,0,0,1000.7,5101.2,0,0,0,3,0.4,0,1.48
1112,0,0,0,1000.6,4708.8,0,0,0,3,0.4,0,1.52
1113,0,0,0,1000.6,4316.6,0,0,0,3,0.4,0,1.56
1159,0,0,0,1000.7,5101.2,0,0,0,3,0.44,0,1.48
1160,0,0,0,1000.6,4708.8,0,0,0,3,0.44,0,1.52
1161,0,0,0,1000.6,4316.6,0,0,0,3,0.44,0,1.56
1207,0,0,0,1000.7,5101.2,0,0,0,3,0.48,0,1.48
1208,0,0,0,1000.6,4708.8,0,0,0,3,0.48,0,1.52
1209,0,0,0,1000.6,4316.6,0,0,0,3,0.48,0,1.56
1255,0,0,0,1000.7,5101.2,0,0,0,3,0.52,0,1.48
1256,0,0,0,1000.6,4708.8,0,0,0,3,0.52,0,1.52
1257,0,0,0,1000.6,4316.6,0,0,0,3,0.52,0,1.56
1303,0,0,0,1000.7,5101.2,0,0,0,3,0.56,0,1.48
1304,0,0,0,1000.6,4708.8,0,0,0,3,0.56,0,1.52
1305,0,0,0,1000.6,4316.6,0,0,0,3,0.56,0,1.56
1351,0,0,0,1000.7,5101.2,0,0,0,3,0.6,0,1.48
1352,0,0,0,1000.6,4708.8,0,0,0,3,0.6,0,1.52
1353,0,0,0,1000.6,4316.6,0,0,0,3,0.6,0,1.56
1399,0,0,0,1000.7,5101.2,0,0,0,3,0.64,0,1.48
1400,0,0,0,1000.6,4708.8,0,0,0,3,0.64,0,1.52
1401,0,0,0,1000.6,4316.6,0,0,0,3,0.64,0,1.56
1447,0,0,0,1000.7,5101.2,0,0,0,3,0.68,0,1.48
1448,0,0,0,1000.6,4708.8,0,0,0,3,0.68,0,1.52
1449,0,0,0,1000.6,4316.6,0,0,0,3,0.68,0,1.56
1495,0,0,0,1000.7,5101.2,0,0,0,3,0.72,0,1.48
1496,0,0,0,1000.6,4708.8,0,0,0,3,0.72,0,1.52
1497,0,0,0,1000.6,4316.6,0,0,0,3,0.72,0,1.56
1543,0,0,0,1000.7,5101.2,0,0,0,3,0.76,0,1.48
1544,0,0,0,1000.6,4708.8,0,0,0,3,0.76,0,1.52
1545,0,0,0,1000.6,4316.6,0,0,0,3,0.76,0,1.56
1591,0,0,0,1000.7,5101.2,0,0,0,3,0.8,0,1.48
1592,0,0,0,1000.6,4708.8,0,0,0,3,0.8,0,1.52
1593,0,0,0,1000.6,4316.6,0,0,0,3,0.8,0,1.56
1639,0,0,0,1000.7,5101.2,0,0,0,3,0.84,0,1.48
1640,0,0,0,1000.6,4708.8,0,0,0,3,0.84,0,1.52
1641,0,0,0,1000.6,4316.6,0,0,0,3,0.84,0,1.56
1687,0,0,0,1000.7,5101.2,0,0,0,3,0.88,0,1.48
1688,0,0,0,1000.6,4708.8,0,0,0,3,0.88,0,1.52
1689,0,0,0,1000.6,4316.6,0,0,0,3,0.88,0,1.56
1735,0,0,0,1000.7,5101.2,0,0,0,3,0.92,0,1.48
1736,0,0,0,1000.6,4708.8,0,0,0,3,0.92,0,1.52
1737,0,0,0,1000.6,4316.6,0,0,0,3,0.92,0,1.56
1783,0,0,0,1000.7,5101.2,0,0,0,3,0.96,0,1.48
1784,0,0,0,1000.6,4708.8,0,0,0,3,0.96,0,1.52
1785,0,0,0,1000.6,4316.6,0,0,0,3,0.96,0,1.56
1831,0,0,0,1000.7,5101.2,0,0,0,3,1,0,1.48
1832,0,0,0,1000.6,4708.8,0,0,0,3,1,0,1.52
1833,0,0,0,1000.6,4316.6,0,0,0,3,1,0,1.56
778,0,0,0,1000.5,3924,0,0,0,3,0.12,0,1.6
779,0,0,0,1000.5,3531.5,0,0,0,3,0.12,0,1.64
780,0,0,0,1000.4,3139.2,0,0,0,3,0.12,0,1.68
826,0,0,0,1000.5,3924,0,0,0,3,0.16,0,1.6
827,0,0,0,1000.5,3531.5,0,0,0,3,0.16,0,1.64
828,0,0,0,1000.4,3139.2,0,0,0,3,0.16,0,1.68
874,0,0,0,1000.5,3924,0,0,0,3,0.2,0,1.6
875,0,0,0,1000.5,3531.5,0,0,0,3,0.2,0,1.64
876,0,0,0,1000.4,3139.2,0,0,0,3,0.2,0,1.68
922,0,0,0,1000.5,3924,0,0,0,3,0.24,0,1.6
923,0,0,0,1000.5,3531.5,0,0,0,3,0.24,0,1.64
924,0,0,0,1000.4,3139.2,0,0,0,3,0.24,0,1.68
970,0,0,0,1000.5,3924,0,0,0,3,0.28,0,1.6
971,0,0,0,1000.5,3531.5,0,0,0,3,0.28,0,1.64
972,0,0,0,1000.4,3139.2,0,0,0,3,0.28,0,1.68
1018,0,0,0,1000.5,3924,0,0,0,3,0.32,0,1.6
1019,0,0,0,1000.5,3531.5,0,0,0,3,0.32,0,1.64
1020,0,0,0,1000.4,3139.2,0,0,0,3,0.32,0,1.68
1066,0,0,0,1000.5,3924,0,0,0,3,0.36,0,1.6
1067,0,0,0,1000.5,3531.5,0,0,0,3,0.36,0,1.64
1068,0,0,0,1000.4,3139.2,0,0,0,3,0.36,0,1.68
1114,0,0,0,1000.5,3924,0,0,0,3,0.4,0,1.6
1115,0,0,0,1000.5,3531.5,0,0,0,3,0.4,0,1.64
1116,0,0,0,1000.4,3139.2,0,0,0,3,0.4,0,1.68
1162,0,0,0,1000.5,3924,0,0,0,3,0.44,0,1.6
1163,0,0,0,1000.5,3531.5,0,0,0,3,0.44,0,1.64
1164,0,0,0,1000.4,3139.2,0,0,0,3,0.44,0,1.68
1210,0,0,0,1000.5,3924,0,0,0,3,0.48,0,1.6
1211,0,0,0,1000.5,3531.5,0,0,0,3,0.48,0,1.64
1212,0,0,0,1000.4,3139.2,0,0,0,3,0.48,0,1.68
1258,0,0,0,1000.5,3924,0,0,0,3,0.52,0,1.6
1259,0,0,0,1000.5,3531.5,0,0,0,3,0.52,0,1.64
1260,0,0,0,1000.4,3139.2,0,0,0,3,0.52,0,1.68
1306,0,0,0,1000.5,3924,0,0,0,3,0.56,0,1.6
1307,0,0,0,1000.5,3531.5,0,0,0,3,0.56,0,1.64
1308,0,0,0,1000.4,3139.2,0,0,0,3,0.56,0,1.68
1354,0,0,0,1000.5,3924,0,0,0,3,0.6,0,1.6
1355,0,0,0,1000.5,3531.5,0,0,0,3,0.6,0,1.64
1356,0,0,0,1000.4,3139.2,0,0,0,3,0.6,0,1.68
1402,0,0,0,1000.5,3924,0,0,0,3,0.64,0,1.6
1403,0,0,0,1000.5,3531.5,0,0,0,3,0.64,0,1.64
1404,0,0,0,1000.4,3139.2,0,0,0,3,0.64,0,1.68
1450,0,0,0,1000.5,3924,0,0,0,3,0.68,0,1.6
1451,0,0,0,1000.5,3531.5,0,0,0,3,0.68,0,1.64
1452,0,0,0,1000.4,3139.2,0,0,0,3,0.68,0,1.68
1498,0,0,0,1000.5,3924,0,0,0,3,0.72,0,1.6
1499,0,0,0,1000.5,3531.5,0,0,0,3,0.72,0,1.64
1500,0,0,0,1000.4,3139.2,0,0,0,3,0.72,0,1.68
1546,0,0,0,1000.5,3924,0,0,0,3,0.76,0,1.6
1547,0,0,0,1000.5,3531.5,0,0,0,3,0.76,0,1.64
1548,0,0,0,1000.4,3139.2,0,0,0,3,0.76,0,1.68
1594,0,0,0,1000.5,3924,0,0,0,3,0.8,0,1.6
1595,0,0,0,1000.5,3531.5,0,0,0,3,0.8,0,1.64
1596,0,0,0,1000.4,3139.2,0,0,0,3,0.8,0,1.68
1642,0,0,0,1000.5,3924,0,0,0,3,0.84,0,1.6
1643,0,0,0,1000.5,3531.5,0,0,0,3,0.84,0,1.64
1644,0,0,0,1000.4,3139.2,0,0,0,3,0.84,0,1.68
1690,0,0,0,1000.5,3924,0,0,0,3,0.88,0,1.6
1691,0,0,0,1000.5,3531.5,0,0,0,3,0.88,0,1.64
1692,0,0,0,1000.4,3139.2,0,0,0,3,0.88,0,1.68
1738,0,0,0,1000.5,3924,0,0,0,3,0.92,0,1.6
1739,0,0,0,1000.5,3531.5,0,0,0,3,0.92,0,1.64
1740,0,0,0,1000.4,3139.2,0,0,0,3,0.92,0,1.68
1786,0,0,0,1000.5,3924,0,0,0,3,0.96,0,1.6
1787,0,0,0,1000.5,3531.5,0,0,0,3,0.96,0,1.64
1788,0,0,0,1000.4,3139.2,0,0,0,3,0.96,0,1.68
1834,0,0,0,1000.5,3924,0,0,0,3,1,0,1.6
1835,0,0,0,1000.5,3531.5,0,0,0,3,1,0,1.64
1836,0,0,0,1000.4,3139.2,0,0,0,3,1,0,1.68
781,0,0,0,1000.4,2747,0,0,0,3,0.12,0,1.72
782,0,0,0,1000.3,2354.4,0,0,0,3,0.12,0,1.76
783,0,0,0,1000.3,1962,0,0,0,3,0.12,0,1.8
829,0,0,0,1000.4,2747,0,0,0,3,0.16,0,1.72
830,0,0,0,1000.3,2354.4,0,0,0,3,0.16,0,1.76
831,0,0,0,1000.3,1962,0,0,0,3,0.16,0,1.8
877,0,0,0,1000.4,2747,0,0,0,3,0.2,0,1.72
878,0,0,0,1000.3,2354.4,0,0,0,3,0.2,0,1.76
879,0,0,0,1000.3,1962,0,0,0,3,0.2,0,1.8
925,0,0,0,1000.4,2747,0,0,0,3,0.24,0,1.72
926,0,0,0,1000.3,2354.4,0,0,0,3,0.24,0,1.76
927,0,0,0,1000.3,1962,0,0,0,3,0.24,0,1.8
973,0,0,0,1000.4,2747,0,0,0,3,0.28,0,1.72
974,0,0,0,1000.3,2354.4,0,0,0,3,0.28,0,1.76
975,0,0,0,1000.3,1962,0,0,0,3,0.28,0,1.8
1021,0,0,0,1000.4,2747,0,0,0,3,0.32,0,1.72
1022,0,0,0,1000.3,2354.4,0,0,0,3,0.32,0,1.76
1023,0,0,0,1000.3,1962,0,0,0,3,0.32,0,1.8
1069,0,0,0,1000.4,2747,0,0,0,3,0.36,0,1.72
1070,0,0,0,1000.3,2354.4,0,0,0,3,0.36,0,1.76
1071,0,0,0,1000.3,1962,0,0,0,3,0.36,0,1.8
1117,0,0,0,1000.4,2747,0,0,0,3,0.4,0,1.72
1118,0,0,0,1000.3,2354.4,0,0,0,3,0.4,0,1.76
1119,0,0,0,1000.3,1962,0,0,0,3,0.4,0,1.8
1165,0,0,0,1000.4,2747,0,0,0,3,0.44,0,1.72
1166,0,0,0,1000.3,2354.4,0,0,0,3,0.44,0,1.76
1167,0,0,0,1000.3,1962,0,0,0,3,0.44,0,1.8
1213,0,0,0,1000.4,2747,0,0,0,3,0.48,0,1.72
1214,0,0,0,1000.3,2354.4,0,0,0,3,0.48,0,1.76
1215,0,0,0,1000.3,1962,0,0,0,3,0.48,0,1.8
1261,0,0,0,1000.4,2747,0,0,0,3,0.52,0,1.72
1262,0,0,0,1000.3,2354.4,0,0,0,3,0.52,0,1.76
1263,0,0,0,1000.3,1962,0,0,0,3,0.52,0,1.8
1309,0,0,0,1000.4,2747,0,0,0,3,0.56,0,1.72
1310,0,0,0,1000.3,2354.4,0,0,0,3,0.56,0,1.76
1311,0,0,0,1000.3,1962,0,0,0,3,0.56,0,1.8
1357,0,0,0,1000.4,2747,0,0,0,3,0.6,0,1.72
1358,0,0,0,1000.3,2354.4,0,0,0,3,0.6,0,1.76
1359,0,0,0,1000.3,1962,0,0,0,3,0.6,0,1.8
1405,0,0,0,1000.4,2747,0,0,0,3,0.64,0,1.72
1406,0,0,0,1000.3,2354.4,0,0,0,3,0.64,0,1.76
1407,0,0,0,1000.3,1962,0,0,0,3,0.64,0,1.8
1453,0,0,0,1000.4,2747,0,0,0,3,0.68,0,1.72
1454,0,0,0,1000.3,2354.4,0,0,0,3,0.68,0,1.76
1455,0,0,0,1000.3,1962,0,0,0,3,0.68,0,1.8
1501,0,0,0,1000.4,2747,0,0,0,3,0.72,0,1.72
1502,0,0,0,1000.3,2354.4,0,0,0,3,0.72,0,1.76
1503,0,0,0,1000.3,1962,0,0,0,3,0.72,0,1.8
1549,0,0,0,1000.4,2747,0,0,0,3,0.76,0,1.72
1550,0,0,0,1000.3,2354.4,0,0,0,3,0.76,0,1.76
1551,0,0,0,1000.3,1962,0,0,0,3,0.76,0,1.8
1597,0,0,0,1000.4,2747,0,0,0,3,0.8,0,1.72
1598,0,0,0,1000.3,2354.4,0,0,0,3,0.8,0,1.76
1599,0,0,0,1000.3,1962,0,0,0,3,0.8,0,1.8
1645,0,0,0,1000.4,2747,0,0,0,3,0.84,0,1.72
1646,0,0,0,1000.3,2354.4,0,0,0,3,0.84,0,1.76
1647,0,0,0,1000.3,1962,0,0,0,3,0.84,0,1.8
1693,0,0,0,1000.4,2747,0,0,0,3,0.88,0,1.72
1694,0,0,0,1000.3,2354.4,0,0,0,3,0.88,0,1.76
1695,0,0,0,1000.3,1962,0,0,0,3,0.88,0,1.8
1741,0,0,0,1000.4,2747,0,0,0,3,0.92,0,1.72
1742,0,0,0,1000.3,2354.4,0,0,0,3,0.92,0,1.76
1743,0,0,0,1000.3,1962,0,0,0,3,0.92,0,1.8
1789,0,0,0,1000.4,2747,0,0,0,3,0.96,0,1.72
1790,0,0,0,1000.3,2354.4,0,0,0,3,0.96,0,1.76
1791,0,0,0,1000.3,1962,0,0,0,3,0.96,0,1.8
1837,0,0,0,1000.4,2747,0,0,0,3,1,0,1.72
1838,0,0,0,1000.3,2354.4,0,0,0,3,1,0,1.76
1839,0,0,0,1000.3,1962,0,0,0,3,1,0,1.8
784,0,0,0,1000.2,1569.7,0,0,0,3,0.12,0,1.84
785,0,0,0,1000.2,1177.1,0,0,0,3,0.12,0,1.88
786,0,0,0,1000.1,784.61,0,0,0,3,0.12,0,1.92
832,0,0,0,1000.2,1569.7,0,0,0,3,0.16,0,1.84
833,0,0,0,1000.2,1177.1,0,0,0,3,0.16,0,1.88
834,0,0,0,1000.1,784.61,0,0,0,3,0.16,0,1.92
880,0,0,0,1000.2,1569.7,0,0,0,3,0.2,0,1.84
881,0,0,0,1000.2,1177.1,0,0,0,3,0.2,0,1.88
882,0,0,0,1000.1,784.61,0,0,0,3,0.2,0,1.92
928,0,0,0,1000.2,1569.7,0,0,0,3,0.24,0,1.84
929,0,0,0,1000.2,1177.1,0,0,0,3,0.24,0,1.88
930,0,0,0,1000.1,784.61,0,0,0,3,0.24,0,1.92
976,0,0,0,1000.2,1569.7,0,0,0,3,0.28,0,1.84
977,0,0,0,1000.2,1177.1,0,0,0,3,0.28,0,1.88
978,0,0,0,1000.1,784.61,0,0,0,3,0.28,0,1.92
1024,0,0,0,1000.2,1569.7,0,0,0,3,0.32,0,1.84
1025,0,0,0,1000.2,1177.1,0,0,0,3,0.32,0,1.88
1026,0,0,0,1000.1,784.61,0,0,0,3,0.32,0,1.92
1072,0,0,0,1000.2,1569.7,0,0,0,3,0.36,0,1.84
1073,0,0,0,1000.2,1177.1,0,0,0,3,0.36,0,1.88
1074,0,0,0,1000.1,784.61,0,0,0,3,0.36,0,1.92
1120,0,0,0,1000.2,1569.7,0,0,0,3,0.4,0,1.84
1121,0,0,0,1000.2,1177.1,0,0,0,3,0.4,0,1.88
1122,0,0,0,1000.1,784.61,0,0,0,3,0.4,0,1.92
1168,0,0,0,1000.2,1569.7,0,0,0,3,0.44,0,1.84
1169,0,0,0,1000.2,1177.1,0,0,0,3,0.44,0,1.88
1170,0,0,0,1000.1,784.61,0,0,0,3,0.44,0,1.92
1216,0,0,0,1000.2,1569.7,0,0,0,3,0.48,0,1.84
1217,0,0,0,1000.2,1177.1,0,0,0,3,0.48,0,1.88
1218,0,0,0,1000.1,784.61,0,0,0,3,0.48,0,1.92
1264,0,0,0,1000.2,1569.7,0,0,0,3,0.52,0,1.84
1265,0,0,0,1000.2,1177.1,0,0,0,3,0.52,0,1.88
1266,0,0,0,1000.1,784.61,0,0,0,3,0.52,0,1.92
1312,0,0,0,1000.2,1569.7,0,0,0,3,0.56,0,1.84
1313,0,0,0,1000.2,1177.1,0,0,0,3,0.56,0,1.88
1314,0,0,0,1000.1,784.61,0,0,0,3,0.56,0,1.92
1360,0,0,0,1000.2,1569.7,0,0,0,3,0.6,0,1.84
1361,0,0,0,1000.2,1177.1,0,0,0,3,0.6,0,1.88
1362,0,0,0,1000.1,784.61,0,0,0,3,0.6,0,1.92
1408,0,0,0,1000.2,1569.7,0,0,0,3,0.64,0,1.84
1409,0,0,0,1000.2,1177.1,0,0,0,3,0.64,0,1.88
1410,0,0,0,1000.1,784.61,0,0,0,3,0.64,0,1.92
1456,0,0,0,1000.2,1569.7,0,0,0,3,0.68,0,1.84
1457,0,0,0,1000.2,1177.1,0,0,0,3,0.68,0,1.88
1458,0,0,0,1000.1,784.61,0,0,0,3,0.68,0,1.92
1504,0,0,0,1000.2,1569.7,0,0,0,3,0.72,0,1.84
1505,0,0,0,1000.2,1177.1,0,0,0,3,0.72,0,1.88
1506,0,0,0,1000.1,784.61,0,0,0,3,0.72,0,1.92
1552,0,0,0,1000.2,1569.7,0,0,0,3,0.76,0,1.84
1553,0,0,0,1000.2,1177.1,0,0,0,3,0.76,0,1.88
1554,0,0,0,1000.1,784.61,0,0,0,3,0.76,0,1.92
1600,0,0,0,1000.2,1569.7,0,0,0,3,0.8,0,1.84
1601,0,0,0,1000.2,1177.1,0,0,0,3,0.8,0,1.88
1602,0,0,0,1000.1,784.61,0,0,0,3,0.8,0,1.92
1648,0,0,0,1000.2,1569.7,0,0,0,3,0.84,0,1.84
1649,0,0,0,1000.2,1177.1,0,0,0,3,0.84,0,1.88
1650,0,0,0,1000.1,784.61,0,0,0,3,0.84,0,1.92
1696,0,0,0,1000.2,1569.7,0,0,0,3,0.88,0,1.84
1697,0,0,0,1000.2,1177.1,0,0,0,3,0.88,0,1.88
1698,0,0,0,1000.1,784.61,0,0,0,3,0.88,0,1.92
1744,0,0,0,1000.2,1569.7,0,0,0,3,0.92,0,1.84
1745,0,0,0,1000.2,1177.1,0,0,0,3,0.92,0,1.88
1746,0,0,0,1000.1,784.61,0,0,0,3,0.92,0,1.92
1792,0,0,0,1000.2,1569.7,0,0,0,3,0.96,0,1.84
1793,0,0,0,1000.2,1177.1,0,0,0,3,0.96,0,1.88
1794,0,0,0,1000.1,784.61,0,0,0,3,0.96,0,1.92
1840,0,0,0,1000.2,1569.7,0,0,0,3,1,0,1.84
1841,0,0,0,1000.2,1177.1,0,0,0,3,1,0,1.88
1842,0,0,0,1000.1,784.61,0,0,0,3,1,0,1.92
787,0,0,0,1000.1,392.24,0,0,0,3,0.12,0,1.96
788,0,0,0,1000,0,0,0,0,3,0.12,0,2
835,0,0,0,1000.1,392.24,0,0,0,3,0.16,0,1.96
836,0,0,0,1000,0,0,0,0,3,0.16,0,2
883,0,0,0,1000.1,392.24,0,0,0,3,0.2,0,1.96
884,0,0,0,1000,0,0,0,0,3,0.2,0,2
931,0,0,0,1000.1,392.24,0,0,0,3,0.24,0,1.96
932,0,0,0,1000,0,0,0,0,3,0.24,0,2
979,0,0,0,1000.1,392.24,0,0,0,3,0.28,0,1.96
980,0,0,0,1000,0,0,0,0,3,0.28,0,2
1027,0,0,0,1000.1,392.24,0,0,0,3,0.32,0,1.96
1028,0,0,0,1000,0,0,0,0,3,0.32,0,2
1075,0,0,0,1000.1,392.24,0,0,0,3,0.36,0,1.96
1076,0,0,0,1000,0,0,0,0,3,0.36,0,2
1123,0,0,0,1000.1,392.24,0,0,0,3,0.4,0,1.96
1124,0,0,0,1000,0,0,0,0,3,0.4,0,2
1171,0,0,0,1000.1,392.24,0,0,0,3,0.44,0,1.96
1172,0,0,0,1000,0,0,0,0,3,0.44,0,2
1219,0,0,0,1000.1,392.24,0,0,0,3,0.48,0,1.96
1220,0,0,0,1000,0,0,0,0,3,0.48,0,2
1267,0,0,0,1000.1,392.24,0,0,0,3,0.52,0,1.96
1268,0,0,0,1000,0,0,0,0,3,0.52,0,2
1315,0,0,0,1000.1,392.24,0,0,0,3,0.56,0,1.96
1316,0,0,0,1000,0,0,0,0,3,0.56,0,2
1363,0,0,0,1000.1,392.24,0,0,0,3,0.6,0,1.96
1364,0,0,0,1000,0,0,0,0,3,0.6,0,2
1411,0,0,0,1000.1,392.24,0,0,0,3,0.64,0,1.96
1412,0,0,0,1000,0,0,0,0,3,0.64,0,2
1459,0,0,0,1000.1,392.24,0,0,0,3,0.68,0,1.96
1460,0,0,0,1000,0,0,0,0,3,0.68,0,2
1507,0,0,0,1000.1,392.24,0,0,0,3,0.72,0,1.96
1508,0,0,0,1000,0,0,0,0,3,0.72,0,2
1555,0,0,0,1000.1,392.24,0,0,0,3,0.76,0,1.96
1556,0,0,0,1000,0,0,0,0,3,0.76,0,2
1603,0,0,0,1000.1,392.24,0,0,0,3,0.8,0,1.96
1604,0,0,0,1000,0,0,0,0,3,0.8,0,2
1651,0,0,0,1000.1,392.24,0,0,0,3,0.84,0,1.96
1652,0,0,0,1000,0,0,0,0,3,0.84,0,2
1699,0,0,0,1000.1,392.24,0,0,0,3,0.88,0,1.96
1700,0,0,0,1000,0,0,0,0,3,0.88,0,2
1747,0,0,0,1000.1,392.24,0,0,0,3,0.92,0,1.96
1748,0,0,0,1000,0,0,0,0,3,0.92,0,2
1795,0,0,0,1000.1,392.24,0,0,0,3,0.96,0,1.96
1796,0,0,0,1000,0,0,0,0,3,0.96,0,2
1843,0,0,0,1000.1,392.24,0,0,0,3,1,0,1.96
1844,0,0,0,1000,0,0,0,0,3,1,0,2
