"Idp","Vel:0","Vel:1","Vel:2","Rhop","Press","Type","Points:0","Points:1","Points:2"
0,0,0,0,1000,0,0,-0.04,0,-0.04
1,0,0,0,1000,0,0,-0.04,0,-0.02
2,0,0,0,1000,0,0,-0.04,0,0
3,0,0,0,1000,0,0,-0.04,0,0.02
38,0,0,0,1000,0,0,-0.02,0,-0.04
39,0,0,0,1000,0,0,-0.02,0,-0.02
40,0,0,0,1000,0,0,-0.02,0,0
41,0,0,0,1000,0,0,-0.02,0,0.02
76,0,0,0,1000,0,0,0,0,-0.04
77,0,0,0,1000,0,0,0,0,-0.02
78,0,0,0,1000,0,0,0,0,0
79,0,0,0,1000,0,0,0,0,0.02
114,0,0,0,1000,0,0,0.02,0,-0.04
115,0,0,0,1000,0,0,0.02,0,-0.02
116,0,0,0,1000,0,0,0.02,0,0
117,0,0,0,1000,0,0,0.04,0,-0.04
118,0,0,0,1000,0,0,0.04,0,-0.02
119,0,0,0,1000,0,0,0.04,0,0
120,0,0,0,1000,0,0,0.06,0,-0.04
121,0,0,0,1000,0,0,0.06,0,-0.02
122,0,0,0,1000,0,0,0.06,0,0
123,0,0,0,1000,0,0,0.08,0,-0.04
124,0,0,0,1000,0,0,0.08,0,-0.02
125,0,0,0,1000,0,0,0.08,0,0
126,0,0,0,1000,0,0,0.1,0,-0.04
127,0,0,0,1000,0,0,0.1,0,-0.02
128,0,0,0,1000,0,0,0.1,0,0
129,0,0,0,1000,0,0,0.12,0,-0.04
130,0,0,0,1000,0,0,0.12,0,-0.02
131,0,0,0,1000,0,0,0.12,0,0
132,0,0,0,1000,0,0,0.14,0,-0.04
133,0,0,0,1000,0,0,0.14,0,-0.02
134,0,0,0,1000,0,0,0.14,0,0
135,0,0,0,1000,0,0,0.16,0,-0.04
136,0,0,0,1000,0,0,0.16,0,-0.02
137,0,0,0,1000,0,0,0.16,0,0
138,0,0,0,1000,0,0,0.18,0,-0.04
139,0,0,0,1000,0,0,0.18,0,-0.02
140,0,0,0,1000,0,0,0.18,0,0
141,0,0,0,1000,0,0,0.2,0,-0.04
142,0,0,0,1000,0,0,0.2,0,-0.02
143,0,0,0,1000,0,0,0.2,0,0
144,0,0,0,1000,0,0,0.22,0,-0.04
145,0,0,0,1000,0,0,0.22,0,-0.02
146,0,0,0,1000,0,0,0.22,0,0
147,0,0,0,1000,0,0,0.24,0,-0.04
148,0,0,0,1000,0,0,0.24,0,-0.02
149,0,0,0,1000,0,0,0.24,0,0
150,0,0,0,1000,0,0,0.26,0,-0.04
151,0,0,0,1000,0,0,0.26,0,-0.02
152,0,0,0,1000,0,0,0.26,0,0
153,0,0,0,1000,0,0,0.28,0,-0.04
154,0,0,0,1000,0,0,0.28,0,-0.02
155,0,0,0,1000,0,0,0.28,0,0
156,0,0,0,1000,0,0,0.3,0,-0.04
157,0,0,0,1000,0,0,0.3,0,-0.02
158,0,0,0,1000,0,0,0.3,0,0
159,0,0,0,1000,0,0,0.32,0,-0.04
160,0,0,0,1000,0,0,0.32,0,-0.02
161,0,0,0,1000,0,0,0.32,0,0
162,0,0,0,1000,0,0,0.34,0,-0.04
163,0,0,0,1000,0,0,0.34,0,-0.02
164,0,0,0,1000,0,0,0.34,0,0
165,0,0,0,1000,0,0,0.36,0,-0.04
166,0,0,0,1000,0,0,0.36,0,-0.02
167,0,0,0,1000,0,0,0.36,0,0
168,0,0,0,1000,0,0,0.38,0,-0.04
169,0,0,0,1000,0,0,0.38,0,-0.02
170,0,0,0,1000,0,0,0.38,0,0
171,0,0,0,1000,0,0,0.4,0,-0.04
172,0,0,0,1000,0,0,0.4,0,-0.02
173,0,0,0,1000,0,0,0.4,0,0
174,0,0,0,1000,0,0,0.42,0,-0.04
175,0,0,0,1000,0,0,0.42,0,-0.02
176,0,0,0,1000,0,0,0.42,0,0
177,0,0,0,1000,0,0,0.44,0,-0.04
178,0,0,0,1000,0,0,0.44,0,-0.02
179,0,0,0,1000,0,0,0.44,0,0
180,0,0,0,1000,0,0,0.46,0,-0.04
181,0,0,0,1000,0,0,0.46,0,-0.02
182,0,0,0,1000,0,0,0.46,0,0
183,0,0,0,1000,0,0,0.48,0,-0.04
184,0,0,0,1000,0,0,0.48,0,-0.02
185,0,0,0,1000,0,0,0.48,0,0
186,0,0,0,1000,0,0,0.5,0,-0.04
187,0,0,0,1000,0,0,0.5,0,-0.02
188,0,0,0,1000,0,0,0.5,0,0
189,0,0,0,1000,0,0,0.52,0,-0.04
190,0,0,0,1000,0,0,0.52,0,-0.02
191,0,0,0,1000,0,0,0.52,0,0
192,0,0,0,1000,0,0,0.54,0,-0.04
193,0,0,0,1000,0,0,0.54,0,-0.02
194,0,0,0,1000,0,0,0.54,0,0
195,0,0,0,1000,0,0,0.56,0,-0.04
196,0,0,0,1000,0,0,0.56,0,-0.02
197,0,0,0,1000,0,0,0.56,0,0
198,0,0,0,1000,0,0,0.58,0,-0.04
199,0,0,0,1000,0,0,0.58,0,-0.02
200,0,0,0,1000,0,0,0.58,0,0
201,0,0,0,1000,0,0,0.6,0,-0.04
202,0,0,0,1000,0,0,0.6,0,-0.02
203,0,0,0,1000,0,0,0.6,0,0
204,0,0,0,1000,0,0,0.62,0,-0.04
205,0,0,0,1000,0,0,0.62,0,-0.02
206,0,0,0,1000,0,0,0.62,0,0
207,0,0,0,1000,0,0,0.64,0,-0.04
208,0,0,0,1000,0,0,0.64,0,-0.02
209,0,0,0,1000,0,0,0.64,0,0
210,0,0,0,1000,0,0,0.66,0,-0.04
211,0,0,0,1000,0,0,0.66,0,-0.02
212,0,0,0,1000,0,0,0.66,0,0
213,0,0,0,1000,0,0,0.68,0,-0.04
214,0,0,0,1000,0,0,0.68,0,-0.02
215,0,0,0,1000,0,0,0.68,0,0
216,0,0,0,1000,0,0,0.7,0,-0.04
217,0,0,0,1000,0,0,0.7,0,-0.02
218,0,0,0,1000,0,0,0.7,0,0
219,0,0,0,1000,0,0,0.72,0,-0.04
220,0,0,0,1000,0,0,0.72,0,-0.02
221,0,0,0,1000,0,0,0.72,0,0
222,0,0,0,1000,0,0,0.74,0,-0.04
223,0,0,0,1000,0,0,0.74,0,-0.02
224,0,0,0,1000,0,0,0.74,0,0
225,0,0,0,1000,0,0,0.76,0,-0.04
226,0,0,0,1000,0,0,0.76,0,-0.02
227,0,0,0,1000,0,0,0.76,0,0
228,0,0,0,1000,0,0,0.78,0,-0.04
229,0,0,0,1000,0,0,0.78,0,-0.02
230,0,0,0,1000,0,0,0.78,0,0
231,0,0,0,1000,0,0,0.8,0,-0.04
232,0,0,0,1000,0,0,0.8,0,-0.02
233,0,0,0,1000,0,0,0.8,0,0
234,0,0,0,1000,0,0,0.82,0,-0.04
235,0,0,0,1000,0,0,0.82,0,-0.02
236,0,0,0,1000,0,0,0.82,0,0
237,0,0,0,1000,0,0,0.84,0,-0.04
238,0,0,0,1000,0,0,0.84,0,-0.02
239,0,0,0,1000,0,0,0.84,0,0
240,0,0,0,1000,0,0,0.86,0,-0.04
241,0,0,0,1000,0,0,0.86,0,-0.02
242,0,0,0,1000,0,0,0.86,0,0
243,0,0,0,1000,0,0,0.86,0,0.02
244,0,0,0,1000,0,0,0.88,0,-0.02
245,0,0,0,1000,0,0,0.88,0,0
246,0,0,0,1000,0,0,0.88,0,0.02
248,0,0,0,1000,0,0,0.9,0,0
249,0,0,0,1000,0,0,0.9,0,0.02
252,0,0,0,1000,0,0,0.92,0,0.02
324,0,0,0,1000,0,0,1.28,0,0.02
328,0,0,0,1000,0,0,1.3,0,0
329,0,0,0,1000,0,0,1.3,0,0.02
332,0,0,0,1000,0,0,1.32,0,-0.02
333,0,0,0,1000,0,0,1.32,0,0
334,0,0,0,1000,0,0,1.32,0,0.02
336,0,0,0,1000,0,0,1.34,0,-0.04
337,0,0,0,1000,0,0,1.34,0,-0.02
338,0,0,0,1000,0,0,1.34,0,0
339,0,0,0,1000,0,0,1.34,0,0.02
340,0,0,0,1000,0,0,1.36,0,-0.04
341,0,0,0,1000,0,0,1.36,0,-0.02
342,0,0,0,1000,0,0,1.36,0,0
343,0,0,0,1000,0,0,1.38,0,-0.04
344,0,0,0,1000,0,0,1.38,0,-0.02
345,0,0,0,1000,0,0,1.38,0,0
346,0,0,0,1000,0,0,1.4,0,-0.04
347,0,0,0,1000,0,0,1.4,0,-0.02
348,0,0,0,1000,0,0,1.4,0,0
349,0,0,0,1000,0,0,1.42,0,-0.04
350,0,0,0,1000,0,0,1.42,0,-0.02
351,0,0,0,1000,0,0,1.42,0,0
352,0,0,0,1000,0,0,1.44,0,-0.04
353,0,0,0,1000,0,0,1.44,0,-0.02
354,0,0,0,1000,0,0,1.44,0,0
355,0,0,0,1000,0,0,1.46,0,-0.04
356,0,0,0,1000,0,0,1.46,0,-0.02
357,0,0,0,1000,0,0,1.46,0,0
358,0,0,0,1000,0,0,1.48,0,-0.04
359,0,0,0,1000,0,0,1.48,0,-0.02
360,0,0,0,1000,0,0,1.48,0,0
361,0,0,0,1000,0,0,1.5,0,-0.04
362,0,0,0,1000,0,0,1.5,0,-0.02
363,0,0,0,1000,0,0,1.5,0,0
364,0,0,0,1000,0,0,1.52,0,-0.04
365,0,0,0,1000,0,0,1.52,0,-0.02
366,0,0,0,1000,0,0,1.52,0,0
367,0,0,0,1000,0,0,1.54,0,-0.04
368,0,0,0,1000,0,0,1.54,0,-0.02
369,0,0,0,1000,0,0,1.54,0,0
370,0,0,0,1000,0,0,1.56,0,-0.04
371,0,0,0,1000,0,0,1.56,0,-0.02
372,0,0,0,1000,0,0,1.56,0,0
373,0,0,0,1000,0,0,1.58,0,-0.04
374,0,0,0,1000,0,0,1.58,0,-0.02
375,0,0,0,1000,0,0,1.58,0,0
376,0,0,0,1000,0,0,1.6,0,-0.04
377,0,0,0,1000,0,0,1.6,0,-0.02
378,0,0,0,1000,0,0,1.6,0,0
379,0,0,0,1000,0,0,1.62,0,-0.04
380,0,0,0,1000,0,0,1.62,0,-0.02
381,0,0,0,1000,0,0,1.62,0,0
382,0,0,0,1000,0,0,1.64,0,-0.04
383,0,0,0,1000,0,0,1.64,0,-0.02
384,0,0,0,1000,0,0,1.64,0,0
385,0,0,0,1000,0,0,1.66,0,-0.04
386,0,0,0,1000,0,0,1.66,0,-0.02
387,0,0,0,1000,0,0,1.66,0,0
388,0,0,0,1000,0,0,1.68,0,-0.04
389,0,0,0,1000,0,0,1.68,0,-0.02
390,0,0,0,1000,0,0,1.68,0,0
391,0,0,0,1000,0,0,1.7,0,-0.04
392,0,0,0,1000,0,0,1.7,0,-0.02
393,0,0,0,1000,0,0,1.7,0,0
394,0,0,0,1000,0,0,1.72,0,-0.04
395,0,0,0,1000,0,0,1.72,0,-0.02
396,0,0,0,1000,0,0,1.72,0,0
397,0,0,0,1000,0,0,1.74,0,-0.04
398,0,0,0,1000,0,0,1.74,0,-0.02
399,0,0,0,1000,0,0,1.74,0,0
400,0,0,0,1000,0,0,1.76,0,-0.04
401,0,0,0,1000,0,0,1.76,0,-0.02
402,0,0,0,1000,0,0,1.76,0,0
403,0,0,0,1000,0,0,1.78,0,-0.04
404,0,0,0,1000,0,0,1.78,0,-0.02
405,0,0,0,1000,0,0,1.78,0,0
406,0,0,0,1000,0,0,1.8,0,-0.04
407,0,0,0,1000,0,0,1.8,0,-0.02
408,0,0,0,1000,0,0,1.8,0,0
409,0,0,0,1000,0,0,1.82,0,-0.04
410,0,0,0,1000,0,0,1.82,0,-0.02
411,0,0,0,1000,0,0,1.82,0,0
412,0,0,0,1000,0,0,1.84,0,-0.04
413,0,0,0,1000,0,0,1.84,0,-0.02
414,0,0,0,1000,0,0,1.84,0,0
415,0,0,0,1000,0,0,1.86,0,-0.04
416,0,0,0,1000,0,0,1.86,0,-0.02
417,0,0,0,1000,0,0,1.86,0,0
418,0,0,0,1000,0,0,1.88,0,-0.04
419,0,0,0,1000,0,0,1.88,0,-0.02
420,0,0,0,1000,0,0,1.88,0,0
421,0,0,0,1000,0,0,1.9,0,-0.04
422,0,0,0,1000,0,0,1.9,0,-0.02
423,0,0,0,1000,0,0,1.9,0,0
424,0,0,0,1000,0,0,1.92,0,-0.04
425,0,0,0,1000,0,0,1.92,0,-0.02
426,0,0,0,1000,0,0,1.92,0,0
427,0,0,0,1000,0,0,1.94,0,-0.04
428,0,0,0,1000,0,0,1.94,0,-0.02
429,0,0,0,1000,0,0,1.94,0,0
430,0,0,0,1000,0,0,1.96,0,-0.04
431,0,0,0,1000,0,0,1.96,0,-0.02
432,0,0,0,1000,0,0,1.96,0,0
433,0,0,0,1000,0,0,1.98,0,-0.04
434,0,0,0,1000,0,0,1.98,0,-0.02
435,0,0,0,1000,0,0,1.98,0,0
436,0,0,0,1000,0,0,2,0,-0.04
437,0,0,0,1000,0,0,2,0,-0.02
438,0,0,0,1000,0,0,2,0,0
439,0,0,0,1000,0,0,2.02,0,-0.04
440,0,0,0,1000,0,0,2.02,0,-0.02
441,0,0,0,1000,0,0,2.02,0,0
442,0,0,0,1000,0,0,2.04,0,-0.04
443,0,0,0,1000,0,0,2.04,0,-0.02
444,0,0,0,1000,0,0,2.04,0,0
445,0,0,0,1000,0,0,2.06,0,-0.04
446,0,0,0,1000,0,0,2.06,0,-0.02
447,0,0,0,1000,0,0,2.06,0,0
448,0,0,0,1000,0,0,2.08,0,-0.04
449,0,0,0,1000,0,0,2.08,0,-0.02
450,0,0,0,1000,0,0,2.08,0,0
451,0,0,0,1000,0,0,2.1,0,-0.04
452,0,0,0,1000,0,0,2.1,0,-0.02
453,0,0,0,1000,0,0,2.1,0,0
454,0,0,0,1000,0,0,2.12,0,-0.04
455,0,0,0,1000,0,0,2.12,0,-0.02
456,0,0,0,1000,0,0,2.12,0,0
457,0,0,0,1000,0,0,2.14,0,-0.04
458,0,0,0,1000,0,0,2.14,0,-0.02
459,0,0,0,1000,0,0,2.14,0,0
460,0,0,0,1000,0,0,2.16,0,-0.04
461,0,0,0,1000,0,0,2.16,0,-0.02
462,0,0,0,1000,0,0,2.16,0,0
463,0,0,0,1000,0,0,2.18,0,-0.04
464,0,0,0,1000,0,0,2.18,0,-0.02
465,0,0,0,1000,0,0,2.18,0,0
466,0,0,0,1000,0,0,2.2,0,-0.04
467,0,0,0,1000,0,0,2.2,0,-0.02
468,0,0,0,1000,0,0,2.2,0,0
469,0,0,0,1000,0,0,2.2,0,0.02
504,0,0,0,1000,0,0,2.22,0,-0.04
505,0,0,0,1000,0,0,2.22,0,-0.02
506,0,0,0,1000,0,0,2.22,0,0
507,0,0,0,1000,0,0,2.22,0,0.02
542,0,0,0,1000,0,0,2.24,0,-0.04
543,0,0,0,1000,0,0,2.24,0,-0.02
544,0,0,0,1000,0,0,2.24,0,0
545,0,0,0,1000,0,0,2.24,0,0.02
4,0,0,0,1000,0,0,-0.04,0,0.04
5,0,0,0,1000,0,0,-0.04,0,0.06
6,0,0,0,1000,0,0,-0.04,0,0.08
7,0,0,0,1000,0,0,-0.04,0,0.1
42,0,0,0,1000,0,0,-0.02,0,0.04
43,0,0,0,1000,0,0,-0.02,0,0.06
44,0,0,0,1000,0,0,-0.02,0,0.08
45,0,0,0,1000,0,0,-0.02,0,0.1
80,0,0,0,1000,0,0,0,0,0.04
81,0,0,0,1000,0,0,0,0,0.06
82,0,0,0,1000,0,0,0,0,0.08
83,0,0,0,1000,0,0,0,0,0.1
247,0,0,0,1000,0,0,0.88,0,0.04
250,0,0,0,1000,0,0,0.9,0,0.04
251,0,0,0,1000,0,0,0.9,0,0.06
253,0,0,0,1000,0,0,0.92,0,0.04
254,0,0,0,1000,0,0,0.92,0,0.06
255,0,0,0,1000,0,0,0.92,0,0.08
256,0,0,0,1000,0,0,0.94,0,0.04
257,0,0,0,1000,0,0,0.94,0,0.06
258,0,0,0,1000,0,0,0.94,0,0.08
259,0,0,0,1000,0,0,0.94,0,0.1
260,0,0,0,1000,0,0,0.96,0,0.06
261,0,0,0,1000,0,0,0.96,0,0.08
262,0,0,0,1000,0,0,0.96,0,0.1
264,0,0,0,1000,0,0,0.98,0,0.08
265,0,0,0,1000,0,0,0.98,0,0.1
268,0,0,0,1000,0,0,1,0,0.1
308,0,0,0,1000,0,0,1.2,0,0.1
312,0,0,0,1000,0,0,1.22,0,0.08
313,0,0,0,1000,0,0,1.22,0,0.1
316,0,0,0,1000,0,0,1.24,0,0.06
317,0,0,0,1000,0,0,1.24,0,0.08
318,0,0,0,1000,0,0,1.24,0,0.1
320,0,0,0,1000,0,0,1.26,0,0.04
321,0,0,0,1000,0,0,1.26,0,0.06
322,0,0,0,1000,0,0,1.26,0,0.08
323,0,0,0,1000,0,0,1.26,0,0.1
325,0,0,0,1000,0,0,1.28,0,0.04
326,0,0,0,1000,0,0,1.28,0,0.06
327,0,0,0,1000,0,0,1.28,0,0.08
330,0,0,0,1000,0,0,1.3,0,0.04
331,0,0,0,1000,0,0,1.3,0,0.06
335,0,0,0,1000,0,0,1.32,0,0.04
470,0,0,0,1000,0,0,2.2,0,0.04
471,0,0,0,1000,0,0,2.2,0,0.06
472,0,0,0,1000,0,0,2.2,0,0.08
473,0,0,0,1000,0,0,2.2,0,0.1
508,0,0,0,1000,0,0,2.22,0,0.04
509,0,0,0,1000,0,0,2.22,0,0.06
510,0,0,0,1000,0,0,2.22,0,0.08
511,0,0,0,1000,0,0,2.22,0,0.1
546,0,0,0,1000,0,0,2.24,0,0.04
547,0,0,0,1000,0,0,2.24,0,0.06
548,0,0,0,1000,0,0,2.24,0,0.08
549,0,0,0,1000,0,0,2.24,0,0.1
8,0,0,0,1000,0,0,-0.04,0,0.12
9,0,0,0,1000,0,0,-0.04,0,0.14
10,0,0,0,1000,0,0,-0.04,0,0.16
11,0,0,0,1000,0,0,-0.04,0,0.18
46,0,0,0,1000,0,0,-0.02,0,0.12
47,0,0,0,1000,0,0,-0.02,0,0.14
48,0,0,0,1000,0,0,-0.02,0,0.16
49,0,0,0,1000,0,0,-0.02,0,0.18
84,0,0,0,1000,0,0,0,0,0.12
85,0,0,0,1000,0,0,0,0,0.14
86,0,0,0,1000,0,0,0,0,0.16
87,0,0,0,1000,0,0,0,0,0.18
263,0,0,0,1000,0,0,0.96,0,0.12
266,0,0,0,1000,0,0,0.98,0,0.12
267,0,0,0,1000,0,0,0.98,0,0.14
269,0,0,0,1000,0,0,1,0,0.12
270,0,0,0,1000,0,0,1,0,0.14
271,0,0,0,1000,0,0,1,0,0.16
272,0,0,0,1000,0,0,1.02,0,0.12
273,0,0,0,1000,0,0,1.02,0,0.14
274,0,0,0,1000,0,0,1.02,0,0.16
275,0,0,0,1000,0,0,1.02,0,0.18
276,0,0,0,1000,0,0,1.04,0,0.14
277,0,0,0,1000,0,0,1.04,0,0.16
278,0,0,0,1000,0,0,1.04,0,0.18
280,0,0,0,1000,0,0,1.06,0,0.16
281,0,0,0,1000,0,0,1.06,0,0.18
284,0,0,0,1000,0,0,1.08,0,0.18
292,0,0,0,1000,0,0,1.12,0,0.18
296,0,0,0,1000,0,0,1.14,0,0.16
297,0,0,0,1000,0,0,1.14,0,0.18
300,0,0,0,1000,0,0,1.16,0,0.14
301,0,0,0,1000,0,0,1.16,0,0.16
302,0,0,0,1000,0,0,1.16,0,0.18
304,0,0,0,1000,0,0,1.18,0,0.12
305,0,0,0,1000,0,0,1.18,0,0.14
306,0,0,0,1000,0,0,1.18,0,0.16
307,0,0,0,1000,0,0,1.18,0,0.18
309,0,0,0,1000,0,0,1.2,0,0.12
310,0,0,0,1000,0,0,1.2,0,0.14
311,0,0,0,1000,0,0,1.2,0,0.16
314,0,0,0,1000,0,0,1.22,0,0.12
315,0,0,0,1000,0,0,1.22,0,0.14
319,0,0,0,1000,0,0,1.24,0,0.12
474,0,0,0,1000,0,0,2.2,0,0.12
475,0,0,0,1000,0,0,2.2,0,0.14
476,0,0,0,1000,0,0,2.2,0,0.16
477,0,0,0,1000,0,0,2.2,0,0.18
512,0,0,0,1000,0,0,2.22,0,0.12
513,0,0,0,1000,0,0,2.22,0,0.14
514,0,0,0,1000,0,0,2.22,0,0.16
515,0,0,0,1000,0,0,2.22,0,0.18
550,0,0,0,1000,0,0,2.24,0,0.12
551,0,0,0,1000,0,0,2.24,0,0.14
552,0,0,0,1000,0,0,2.24,0,0.16
553,0,0,0,1000,0,0,2.24,0,0.18
12,0,0,0,1000,0,0,-0.04,0,0.2
13,0,0,0,1000,0,0,-0.04,0,0.22
14,0,0,0,1000,0,0,-0.04,0,0.24
15,0,0,0,1000,0,0,-0.04,0,0.26
50,0,0,0,1000,0,0,-0.02,0,0.2
51,0,0,0,1000,0,0,-0.02,0,0.22
52,0,0,0,1000,0,0,-0.02,0,0.24
53,0,0,0,1000,0,0,-0.02,0,0.26
88,0,0,0,1000,0,0,0,0,0.2
89,0,0,0,1000,0,0,0,0,0.22
90,0,0,0,1000,0,0,0,0,0.24
91,0,0,0,1000,0,0,0,0,0.26
279,0,0,0,1000,0,0,1.04,0,0.2
282,0,0,0,1000,0,0,1.06,0,0.2
283,0,0,0,1000,0,0,1.06,0,0.22
285,0,0,0,1000,0,0,1.08,0,0.2
286,0,0,0,1000,0,0,1.08,0,0.22
287,0,0,0,1000,0,0,1.08,0,0.24
288,0,0,0,1000,0,0,1.1,0,0.2
289,0,0,0,1000,0,0,1.1,0,0.22
290,0,0,0,1000,0,0,1.1,0,0.24
291,0,0,0,1000,0,0,1.1,0,0.26
293,0,0,0,1000,0,0,1.12,0,0.2
294,0,0,0,1000,0,0,1.12,0,0.22
295,0,0,0,1000,0,0,1.12,0,0.24
298,0,0,0,1000,0,0,1.14,0,0.2
299,0,0,0,1000,0,0,1.14,0,0.22
303,0,0,0,1000,0,0,1.16,0,0.2
478,0,0,0,1000,0,0,2.2,0,0.2
479,0,0,0,1000,0,0,2.2,0,0.22
480,0,0,0,1000,0,0,2.2,0,0.24
481,0,0,0,1000,0,0,2.2,0,0.26
516,0,0,0,1000,0,0,2.22,0,0.2
517,0,0,0,1000,0,0,2.22,0,0.22
518,0,0,0,1000,0,0,2.22,0,0.24
519,0,0,0,1000,0,0,2.22,0,0.26
554,0,0,0,1000,0,0,2.24,0,0.2
555,0,0,0,1000,0,0,2.24,0,0.22
556,0,0,0,1000,0,0,2.24,0,0.24
557,0,0,0,1000,0,0,2.24,0,0.26
16,0,0,0,1000,0,0,-0.04,0,0.28
17,0,0,0,1000,0,0,-0.04,0,0.3
18,0,0,0,1000,0,0,-0.04,0,0.32
19,0,0,0,1000,0,0,-0.04,0,0.34
54,0,0,0,1000,0,0,-0.02,0,0.28
55,0,0,0,1000,0,0,-0.02,0,0.3
56,0,0,0,1000,0,0,-0.02,0,0.32
57,0,0,0,1000,0,0,-0.02,0,0.34
92,0,0,0,1000,0,0,0,0,0.28
93,0,0,0,1000,0,0,0,0,0.3
94,0,0,0,1000,0,0,0,0,0.32
95,0,0,0,1000,0,0,0,0,0.34
482,0,0,0,1000,0,0,2.2,0,0.28
483,0,0,0,1000,0,0,2.2,0,0.3
484,0,0,0,1000,0,0,2.2,0,0.32
485,0,0,0,1000,0,0,2.2,0,0.34
520,0,0,0,1000,0,0,2.22,0,0.28
521,0,0,0,1000,0,0,2.22,0,0.3
522,0,0,0,1000,0,0,2.22,0,0.32
523,0,0,0,1000,0,0,2.22,0,0.34
558,0,0,0,1000,0,0,2.24,0,0.28
559,0,0,0,1000,0,0,2.24,0,0.3
560,0,0,0,1000,0,0,2.24,0,0.32
561,0,0,0,1000,0,0,2.24,0,0.34
20,0,0,0,1000,0,0,-0.04,0,0.36
21,0,0,0,1000,0,0,-0.04,0,0.38
22,0,0,0,1000,0,0,-0.04,0,0.4
23,0,0,0,1000,0,0,-0.04,0,0.42
58,0,0,0,1000,0,0,-0.02,0,0.36
59,0,0,0,1000,0,0,-0.02,0,0.38
60,0,0,0,1000,0,0,-0.02,0,0.4
61,0,0,0,1000,0,0,-0.02,0,0.42
96,0,0,0,1000,0,0,0,0,0.36
97,0,0,0,1000,0,0,0,0,0.38
98,0,0,0,1000,0,0,0,0,0.4
99,0,0,0,1000,0,0,0,0,0.42
486,0,0,0,1000,0,0,2.2,0,0.36
487,0,0,0,1000,0,0,2.2,0,0.38
488,0,0,0,1000,0,0,2.2,0,0.4
489,0,0,0,1000,0,0,2.2,0,0.42
524,0,0,0,1000,0,0,2.22,0,0.36
525,0,0,0,1000,0,0,2.22,0,0.38
526,0,0,0,1000,0,0,2.22,0,0.4
527,0,0,0,1000,0,0,2.22,0,0.42
562,0,0,0,1000,0,0,2.24,0,0.36
563,0,0,0,1000,0,0,2.24,0,0.38
564,0,0,0,1000,0,0,2.24,0,0.4
565,0,0,0,1000,0,0,2.24,0,0.42
24,0,0,0,1000,0,0,-0.04,0,0.44
25,0,0,0,1000,0,0,-0.04,0,0.46
26,0,0,0,1000,0,0,-0.04,0,0.48
27,0,0,0,1000,0,0,-0.04,0,0.5
62,0,0,0,1000,0,0,-0.02,0,0.44
63,0,0,0,1000,0,0,-0.02,0,0.46
64,0,0,0,1000,0,0,-0.02,0,0.48
65,0,0,0,1000,0,0,-0.02,0,0.5
100,0,0,0,1000,0,0,0,0,0.44
101,0,0,0,1000,0,0,0,0,0.46
102,0,0,0,1000,0,0,0,0,0.48
103,0,0,0,1000,0,0,0,0,0.5
490,0,0,0,1000,0,0,2.2,0,0.44
491,0,0,0,1000,0,0,2.2,0,0.46
492,0,0,0,1000,0,0,2.2,0,0.48
493,0,0,0,1000,0,0,2.2,0,0.5
528,0,0,0,1000,0,0,2.22,0,0.44
529,0,0,0,1000,0,0,2.22,0,0.46
530,0,0,0,1000,0,0,2.22,0,0.48
531,0,0,0,1000,0,0,2.22,0,0.5
566,0,0,0,1000,0,0,2.24,0,0.44
567,0,0,0,1000,0,0,2.24,0,0.46
568,0,0,0,1000,0,0,2.24,0,0.48
569,0,0,0,1000,0,0,2.24,0,0.5
28,0,0,0,1000,0,0,-0.04,0,0.52
29,0,0,0,1000,0,0,-0.04,0,0.54
30,0,0,0,1000,0,0,-0.04,0,0.56
31,0,0,0,1000,0,0,-0.04,0,0.58
66,0,0,0,1000,0,0,-0.02,0,0.52
67,0,0,0,1000,0,0,-0.02,0,0.54
68,0,0,0,1000,0,0,-0.02,0,0.56
69,0,0,0,1000,0,0,-0.02,0,0.58
104,0,0,0,1000,0,0,0,0,0.52
105,0,0,0,1000,0,0,0,0,0.54
106,0,0,0,1000,0,0,0,0,0.56
107,0,0,0,1000,0,0,0,0,0.58
494,0,0,0,1000,0,0,2.2,0,0.52
495,0,0,0,1000,0,0,2.2,0,0.54
496,0,0,0,1000,0,0,2.2,0,0.56
497,0,0,0,1000,0,0,2.2,0,0.58
532,0,0,0,1000,0,0,2.22,0,0.52
533,0,0,0,1000,0,0,2.22,0,0.54
534,0,0,0,1000,0,0,2.22,0,0.56
535,0,0,0,1000,0,0,2.22,0,0.58
570,0,0,0,1000,0,0,2.24,0,0.52
571,0,0,0,1000,0,0,2.24,0,0.54
572,0,0,0,1000,0,0,2.24,0,0.56
573,0,0,0,1000,0,0,2.24,0,0.58
32,0,0,0,1000,0,0,-0.04,0,0.6
33,0,0,0,1000,0,0,-0.04,0,0.62
34,0,0,0,1000,0,0,-0.04,0,0.64
35,0,0,0,1000,0,0,-0.04,0,0.66
36,0,0,0,1000,0,0,-0.04,0,0.68
37,0,0,0,1000,0,0,-0.04,0,0.7
70,0,0,0,1000,0,0,-0.02,0,0.6
71,0,0,0,1000,0,0,-0.02,0,0.62
72,0,0,0,1000,0,0,-0.02,0,0.64
73,0,0,0,1000,0,0,-0.02,0,0.66
74,0,0,0,1000,0,0,-0.02,0,0.68
75,0,0,0,1000,0,0,-0.02,0,0.7
108,0,0,0,1000,0,0,0,0,0.6
109,0,0,0,1000,0,0,0,0,0.62
110,0,0,0,1000,0,0,0,0,0.64
111,0,0,0,1000,0,0,0,0,0.66
112,0,0,0,1000,0,0,0,0,0.68
113,0,0,0,1000,0,0,0,0,0.7
498,0,0,0,1000,0,0,2.2,0,0.6
499,0,0,0,1000,0,0,2.2,0,0.62
500,0,0,0,1000,0,0,2.2,0,0.64
501,0,0,0,1000,0,0,2.2,0,0.66
502,0,0,0,1000,0,0,2.2,0,0.68
503,0,0,0,1000,0,0,2.2,0,0.7
536,0,0,0,1000,0,0,2.22,0,0.6
537,0,0,0,1000,0,0,2.22,0,0.62
538,0,0,0,1000,0,0,2.22,0,0.64
539,0,0,0,1000,0,0,2.22,0,0.66
540,0,0,0,1000,0,0,2.22,0,0.68
541,0,0,0,1000,0,0,2.22,0,0.7
574,0,0,0,1000,0,0,2.24,0,0.6
575,0,0,0,1000,0,0,2.24,0,0.62
576,0,0,0,1000,0,0,2.24,0,0.64
577,0,0,0,1000,0,0,2.24,0,0.66
578,0,0,0,1000,0,0,2.24,0,0.68
579,0,0,0,1000,0,0,2.24,0,0.7
