phase,case,implementation,round,n,wall_s,loop_s,rebuild_host_s,prepare_host_s,state_readback_host_s,steps,rebuilds,state_readbacks,bbox_readbacks,grid_status_readbacks,capacity_growths,host_bytes,gc_s,precision,position_precision,graph,subdivision,batch,duration,baseline_revision,device,julia_version,cuda_version
"isolated","MovingSquare2D_dp0.04","baseline","1","33020","0.0186119","0.0","0.0186119","0.0","0.0","0","100","0","100","0","0","947376","0.0","Float32","Float32","true","1","32","0.15","3f4aaca66a86f14667c3388c062fe11d9ccf9462","NVIDIA GeForce RTX 5080","1.12.7","6.4.2"
"isolated","MovingSquare2D_dp0.04","candidate","1","33020","0.0127324","0.0","0.0127324","0.0","0.0","0","100","0","0","100","0","699968","0.0","Float32","Float32","true","1","32","0.15","3f4aaca66a86f14667c3388c062fe11d9ccf9462","NVIDIA GeForce RTX 5080","1.12.7","6.4.2"
"isolated","MovingSquare2D_dp0.04","candidate","2","33020","0.0127894","0.0","0.0127894","0.0","0.0","0","100","0","0","100","0","699632","0.0","Float32","Float32","true","1","32","0.15","3f4aaca66a86f14667c3388c062fe11d9ccf9462","NVIDIA GeForce RTX 5080","1.12.7","6.4.2"
"isolated","MovingSquare2D_dp0.04","baseline","2","33020","0.0165798","0.0","0.0165798","0.0","0.0","0","100","0","100","0","0","946768","0.0","Float32","Float32","true","1","32","0.15","3f4aaca66a86f14667c3388c062fe11d9ccf9462","NVIDIA GeForce RTX 5080","1.12.7","6.4.2"
"isolated","MovingSquare2D_dp0.04","baseline","3","33020","0.0178276","0.0","0.0178276","0.0","0.0","0","100","0","100","0","0","947040","0.0","Float32","Float32","true","1","32","0.15","3f4aaca66a86f14667c3388c062fe11d9ccf9462","NVIDIA GeForce RTX 5080","1.12.7","6.4.2"
"isolated","MovingSquare2D_dp0.04","candidate","3","33020","0.0129117","0.0","0.0129117","0.0","0.0","0","100","0","0","100","0","699968","0.0","Float32","Float32","true","1","32","0.15","3f4aaca66a86f14667c3388c062fe11d9ccf9462","NVIDIA GeForce RTX 5080","1.12.7","6.4.2"
"isolated","MovingSquare2D_dp0.04","candidate","4","33020","0.012529","0.0","0.012529","0.0","0.0","0","100","0","0","100","0","699968","0.0","Float32","Float32","true","1","32","0.15","3f4aaca66a86f14667c3388c062fe11d9ccf9462","NVIDIA GeForce RTX 5080","1.12.7","6.4.2"
"isolated","MovingSquare2D_dp0.04","baseline","4","33020","0.0171546","0.0","0.0171546","0.0","0.0","0","100","0","100","0","0","946704","0.0","Float32","Float32","true","1","32","0.15","3f4aaca66a86f14667c3388c062fe11d9ccf9462","NVIDIA GeForce RTX 5080","1.12.7","6.4.2"
"isolated","MovingSquare2D_dp0.04","baseline","5","33020","0.0165256","0.0","0.0165256","0.0","0.0","0","100","0","100","0","0","946368","0.0","Float32","Float32","true","1","32","0.15","3f4aaca66a86f14667c3388c062fe11d9ccf9462","NVIDIA GeForce RTX 5080","1.12.7","6.4.2"
"isolated","MovingSquare2D_dp0.04","candidate","5","33020","0.0140841","0.0","0.0140841","0.0","0.0","0","100","0","0","100","0","700640","0.0","Float32","Float32","true","1","32","0.15","3f4aaca66a86f14667c3388c062fe11d9ccf9462","NVIDIA GeForce RTX 5080","1.12.7","6.4.2"
"shared","MovingSquare2D_dp0.04","baseline","1","33020","0.0187769","0.0","0.0187769","0.0","0.0","0","100","100","100","0","0","978704","0.0","Float32","Float32","true","1","32","0.15","3f4aaca66a86f14667c3388c062fe11d9ccf9462","NVIDIA GeForce RTX 5080","1.12.7","6.4.2"
"shared","MovingSquare2D_dp0.04","candidate","1","33020","0.0127059","0.0","0.0127059","0.0","0.0","0","100","100","0","0","0","792768","0.0","Float32","Float32","true","1","32","0.15","3f4aaca66a86f14667c3388c062fe11d9ccf9462","NVIDIA GeForce RTX 5080","1.12.7","6.4.2"
"shared","MovingSquare2D_dp0.04","candidate","2","33020","0.013488","0.0","0.013488","0.0","0.0","0","100","100","0","0","0","793104","0.0","Float32","Float32","true","1","32","0.15","3f4aaca66a86f14667c3388c062fe11d9ccf9462","NVIDIA GeForce RTX 5080","1.12.7","6.4.2"
"shared","MovingSquare2D_dp0.04","baseline","2","33020","0.019145","0.0","0.019145","0.0","0.0","0","100","100","100","0","0","979040","0.0","Float32","Float32","true","1","32","0.15","3f4aaca66a86f14667c3388c062fe11d9ccf9462","NVIDIA GeForce RTX 5080","1.12.7","6.4.2"
"shared","MovingSquare2D_dp0.04","baseline","3","33020","0.0207804","0.0","0.0207804","0.0","0.0","0","100","100","100","0","0","979712","0.0","Float32","Float32","true","1","32","0.15","3f4aaca66a86f14667c3388c062fe11d9ccf9462","NVIDIA GeForce RTX 5080","1.12.7","6.4.2"
"shared","MovingSquare2D_dp0.04","candidate","3","33020","0.0129797","0.0","0.0129797","0.0","0.0","0","100","100","0","0","0","793104","0.0","Float32","Float32","true","1","32","0.15","3f4aaca66a86f14667c3388c062fe11d9ccf9462","NVIDIA GeForce RTX 5080","1.12.7","6.4.2"
"shared","MovingSquare2D_dp0.04","candidate","4","33020","0.0131578","0.0","0.0131578","0.0","0.0","0","100","100","0","0","0","793104","0.0","Float32","Float32","true","1","32","0.15","3f4aaca66a86f14667c3388c062fe11d9ccf9462","NVIDIA GeForce RTX 5080","1.12.7","6.4.2"
"shared","MovingSquare2D_dp0.04","baseline","4","33020","0.017692","0.0","0.017692","0.0","0.0","0","100","100","100","0","0","979040","0.0","Float32","Float32","true","1","32","0.15","3f4aaca66a86f14667c3388c062fe11d9ccf9462","NVIDIA GeForce RTX 5080","1.12.7","6.4.2"
"shared","MovingSquare2D_dp0.04","baseline","5","33020","0.0194065","0.0","0.0194065","0.0","0.0","0","100","100","100","0","0","979712","0.0","Float32","Float32","true","1","32","0.15","3f4aaca66a86f14667c3388c062fe11d9ccf9462","NVIDIA GeForce RTX 5080","1.12.7","6.4.2"
"shared","MovingSquare2D_dp0.04","candidate","5","33020","0.0134945","0.0","0.0134945","0.0","0.0","0","100","100","0","0","0","793440","0.0","Float32","Float32","true","1","32","0.15","3f4aaca66a86f14667c3388c062fe11d9ccf9462","NVIDIA GeForce RTX 5080","1.12.7","6.4.2"
"complete","MovingSquare2D_dp0.04","baseline","1","33020","0.0752376","0.057855","0.0055759","0.0","0.0494617","373","24","45","24","0",,"17261943","0.0","Float32","Float32","true","1","32","0.15","3f4aaca66a86f14667c3388c062fe11d9ccf9462","NVIDIA GeForce RTX 5080","1.12.7","6.4.2"
"complete","MovingSquare2D_dp0.04","candidate","1","33020","0.0746193","0.0569655","0.0032936","0.0010222","0.0497669","373","24","45","0","0","1","17277248","0.0","Float32","Float32","true","1","32","0.15","3f4aaca66a86f14667c3388c062fe11d9ccf9462","NVIDIA GeForce RTX 5080","1.12.7","6.4.2"
"complete","MovingSquare2D_dp0.04","candidate","2","33020","0.0745378","0.0569921","0.0031385","0.0008713","0.0500485","373","24","45","0","0","1","17275680","0.0","Float32","Float32","true","1","32","0.15","3f4aaca66a86f14667c3388c062fe11d9ccf9462","NVIDIA GeForce RTX 5080","1.12.7","6.4.2"
"complete","MovingSquare2D_dp0.04","baseline","2","33020","0.079436","0.0577839","0.0052928","0.0","0.0495918","373","24","45","24","0",,"17261335","0.0","Float32","Float32","true","1","32","0.15","3f4aaca66a86f14667c3388c062fe11d9ccf9462","NVIDIA GeForce RTX 5080","1.12.7","6.4.2"
"complete","MovingSquare2D_dp0.04","baseline","3","33020","0.0766149","0.0588914","0.0052368","0.0","0.0505017","373","24","45","24","0",,"17262199","0.0","Float32","Float32","true","1","32","0.15","3f4aaca66a86f14667c3388c062fe11d9ccf9462","NVIDIA GeForce RTX 5080","1.12.7","6.4.2"
"complete","MovingSquare2D_dp0.04","candidate","3","33020","0.0744536","0.0573021","0.0031897","0.0009321","0.0503424","373","24","45","0","0","1","17275648","0.0","Float32","Float32","true","1","32","0.15","3f4aaca66a86f14667c3388c062fe11d9ccf9462","NVIDIA GeForce RTX 5080","1.12.7","6.4.2"
"complete","MovingSquare2D_dp0.04","candidate","4","33020","0.0738368","0.0565582","0.0029704","0.0010967","0.0495773","373","24","45","0","0","1","17274720","0.0","Float32","Float32","true","1","32","0.15","3f4aaca66a86f14667c3388c062fe11d9ccf9462","NVIDIA GeForce RTX 5080","1.12.7","6.4.2"
"complete","MovingSquare2D_dp0.04","baseline","4","33020","0.0759124","0.0586887","0.005476","0.0","0.0502136","373","24","45","24","0",,"17262071","0.0","Float32","Float32","true","1","32","0.15","3f4aaca66a86f14667c3388c062fe11d9ccf9462","NVIDIA GeForce RTX 5080","1.12.7","6.4.2"
"complete","MovingSquare2D_dp0.04","baseline","5","33020","0.0752815","0.0581002","0.0054035","0.0","0.0497531","373","24","45","24","0",,"17280675","0.0","Float32","Float32","true","1","32","0.15","3f4aaca66a86f14667c3388c062fe11d9ccf9462","NVIDIA GeForce RTX 5080","1.12.7","6.4.2"
"complete","MovingSquare2D_dp0.04","candidate","5","33020","0.0727213","0.0560889","0.0029259","0.0009913","0.0492782","373","24","45","0","0","1","17275504","0.0","Float32","Float32","true","1","32","0.15","3f4aaca66a86f14667c3388c062fe11d9ccf9462","NVIDIA GeForce RTX 5080","1.12.7","6.4.2"
"isolated","MovingSquare2D_dp0.02","baseline","1","128775","0.0177867","0.0","0.0177867","0.0","0.0","0","100","0","100","0","0","949568","0.0","Float32","Float32","true","1","32","0.15","3f4aaca66a86f14667c3388c062fe11d9ccf9462","NVIDIA GeForce RTX 5080","1.12.7","6.4.2"
"isolated","MovingSquare2D_dp0.02","candidate","1","128775","0.0155095","0.0","0.0155095","0.0","0.0","0","100","0","0","100","0","700976","0.0","Float32","Float32","true","1","32","0.15","3f4aaca66a86f14667c3388c062fe11d9ccf9462","NVIDIA GeForce RTX 5080","1.12.7","6.4.2"
"isolated","MovingSquare2D_dp0.02","candidate","2","128775","0.0148294","0.0","0.0148294","0.0","0.0","0","100","0","0","100","0","700640","0.0","Float32","Float32","true","1","32","0.15","3f4aaca66a86f14667c3388c062fe11d9ccf9462","NVIDIA GeForce RTX 5080","1.12.7","6.4.2"
"isolated","MovingSquare2D_dp0.02","baseline","2","128775","0.0213764","0.0","0.0213764","0.0","0.0","0","100","0","100","0","0","950240","0.0","Float32","Float32","true","1","32","0.15","3f4aaca66a86f14667c3388c062fe11d9ccf9462","NVIDIA GeForce RTX 5080","1.12.7","6.4.2"
"isolated","MovingSquare2D_dp0.02","baseline","3","128775","0.0177846","0.0","0.0177846","0.0","0.0","0","100","0","100","0","0","949232","0.0","Float32","Float32","true","1","32","0.15","3f4aaca66a86f14667c3388c062fe11d9ccf9462","NVIDIA GeForce RTX 5080","1.12.7","6.4.2"
"isolated","MovingSquare2D_dp0.02","candidate","3","128775","0.0144547","0.0","0.0144547","0.0","0.0","0","100","0","0","100","0","700304","0.0","Float32","Float32","true","1","32","0.15","3f4aaca66a86f14667c3388c062fe11d9ccf9462","NVIDIA GeForce RTX 5080","1.12.7","6.4.2"
"isolated","MovingSquare2D_dp0.02","candidate","4","128775","0.0140899","0.0","0.0140899","0.0","0.0","0","100","0","0","100","0","700304","0.0","Float32","Float32","true","1","32","0.15","3f4aaca66a86f14667c3388c062fe11d9ccf9462","NVIDIA GeForce RTX 5080","1.12.7","6.4.2"
"isolated","MovingSquare2D_dp0.02","baseline","4","128775","0.0183335","0.0","0.0183335","0.0","0.0","0","100","0","100","0","0","949904","0.0","Float32","Float32","true","1","32","0.15","3f4aaca66a86f14667c3388c062fe11d9ccf9462","NVIDIA GeForce RTX 5080","1.12.7","6.4.2"
"isolated","MovingSquare2D_dp0.02","baseline","5","128775","0.0181259","0.0","0.0181259","0.0","0.0","0","100","0","100","0","0","949568","0.0","Float32","Float32","true","1","32","0.15","3f4aaca66a86f14667c3388c062fe11d9ccf9462","NVIDIA GeForce RTX 5080","1.12.7","6.4.2"
"isolated","MovingSquare2D_dp0.02","candidate","5","128775","0.0149324","0.0","0.0149324","0.0","0.0","0","100","0","0","100","0","699632","0.0","Float32","Float32","true","1","32","0.15","3f4aaca66a86f14667c3388c062fe11d9ccf9462","NVIDIA GeForce RTX 5080","1.12.7","6.4.2"
"shared","MovingSquare2D_dp0.02","baseline","1","128775","0.0214698","0.0","0.0214698","0.0","0.0","0","100","100","100","0","0","982640","0.0","Float32","Float32","true","1","32","0.15","3f4aaca66a86f14667c3388c062fe11d9ccf9462","NVIDIA GeForce RTX 5080","1.12.7","6.4.2"
"shared","MovingSquare2D_dp0.02","candidate","1","128775","0.0189058","0.0","0.0189058","0.0","0.0","0","100","100","0","0","0","793104","0.0","Float32","Float32","true","1","32","0.15","3f4aaca66a86f14667c3388c062fe11d9ccf9462","NVIDIA GeForce RTX 5080","1.12.7","6.4.2"
"shared","MovingSquare2D_dp0.02","candidate","2","128775","0.016171","0.0","0.016171","0.0","0.0","0","100","100","0","0","0","793104","0.0","Float32","Float32","true","1","32","0.15","3f4aaca66a86f14667c3388c062fe11d9ccf9462","NVIDIA GeForce RTX 5080","1.12.7","6.4.2"
"shared","MovingSquare2D_dp0.02","baseline","2","128775","0.0201666","0.0","0.0201666","0.0","0.0","0","100","100","100","0","0","981904","0.0","Float32","Float32","true","1","32","0.15","3f4aaca66a86f14667c3388c062fe11d9ccf9462","NVIDIA GeForce RTX 5080","1.12.7","6.4.2"
"shared","MovingSquare2D_dp0.02","baseline","3","128775","0.0202438","0.0","0.0202438","0.0","0.0","0","100","100","100","0","0","981904","0.0","Float32","Float32","true","1","32","0.15","3f4aaca66a86f14667c3388c062fe11d9ccf9462","NVIDIA GeForce RTX 5080","1.12.7","6.4.2"
"shared","MovingSquare2D_dp0.02","candidate","3","128775","0.0156571","0.0","0.0156571","0.0","0.0","0","100","100","0","0","0","792768","0.0","Float32","Float32","true","1","32","0.15","3f4aaca66a86f14667c3388c062fe11d9ccf9462","NVIDIA GeForce RTX 5080","1.12.7","6.4.2"
"shared","MovingSquare2D_dp0.02","candidate","4","128775","0.0168584","0.0","0.0168584","0.0","0.0","0","100","100","0","0","0","793440","0.0","Float32","Float32","true","1","32","0.15","3f4aaca66a86f14667c3388c062fe11d9ccf9462","NVIDIA GeForce RTX 5080","1.12.7","6.4.2"
"shared","MovingSquare2D_dp0.02","baseline","4","128775","0.0218961","0.0","0.0218961","0.0","0.0","0","100","100","100","0","0","982240","0.0","Float32","Float32","true","1","32","0.15","3f4aaca66a86f14667c3388c062fe11d9ccf9462","NVIDIA GeForce RTX 5080","1.12.7","6.4.2"
"shared","MovingSquare2D_dp0.02","baseline","5","128775","0.0206263","0.0","0.0206263","0.0","0.0","0","100","100","100","0","0","982240","0.0","Float32","Float32","true","1","32","0.15","3f4aaca66a86f14667c3388c062fe11d9ccf9462","NVIDIA GeForce RTX 5080","1.12.7","6.4.2"
"shared","MovingSquare2D_dp0.02","candidate","5","128775","0.0159636","0.0","0.0159636","0.0","0.0","0","100","100","0","0","0","793104","0.0","Float32","Float32","true","1","32","0.15","3f4aaca66a86f14667c3388c062fe11d9ccf9462","NVIDIA GeForce RTX 5080","1.12.7","6.4.2"
"complete","MovingSquare2D_dp0.02","baseline","1","128775","0.2093868","0.1721556","0.0127359","0.0","0.1548643","745","53","94","53","0",,"41774857","0.0","Float32","Float32","true","1","32","0.15","3f4aaca66a86f14667c3388c062fe11d9ccf9462","NVIDIA GeForce RTX 5080","1.12.7","6.4.2"
"complete","MovingSquare2D_dp0.02","candidate","1","128775","0.2024557","0.1650794","0.0068708","0.0021403","0.1515393","745","53","94","0","0","1","41776402","0.0","Float32","Float32","true","1","32","0.15","3f4aaca66a86f14667c3388c062fe11d9ccf9462","NVIDIA GeForce RTX 5080","1.12.7","6.4.2"
"complete","MovingSquare2D_dp0.02","candidate","2","128775","0.2107748","0.1699083","0.0077146","0.0027334","0.154095","745","53","94","0","0","1","41775810","0.0","Float32","Float32","true","1","32","0.15","3f4aaca66a86f14667c3388c062fe11d9ccf9462","NVIDIA GeForce RTX 5080","1.12.7","6.4.2"
"complete","MovingSquare2D_dp0.02","baseline","2","128775","0.2076857","0.1689391","0.0135329","0.0","0.1501852","745","53","94","53","0",,"41774153","0.0","Float32","Float32","true","1","32","0.15","3f4aaca66a86f14667c3388c062fe11d9ccf9462","NVIDIA GeForce RTX 5080","1.12.7","6.4.2"
"complete","MovingSquare2D_dp0.02","baseline","3","128775","0.2014857","0.1646312","0.0107169","0.0","0.1495663","745","53","94","53","0",,"41776137","0.0","Float32","Float32","true","1","32","0.15","3f4aaca66a86f14667c3388c062fe11d9ccf9462","NVIDIA GeForce RTX 5080","1.12.7","6.4.2"
"complete","MovingSquare2D_dp0.02","candidate","3","128775","0.2099925","0.1648056","0.0071696","0.0022911","0.1499459","745","53","94","0","0","1","41772770","0.0","Float32","Float32","true","1","32","0.15","3f4aaca66a86f14667c3388c062fe11d9ccf9462","NVIDIA GeForce RTX 5080","1.12.7","6.4.2"
"complete","MovingSquare2D_dp0.02","candidate","4","128775","0.2011801","0.1644652","0.0073169","0.0023593","0.1497555","745","53","94","0","0","1","41773122","0.0","Float32","Float32","true","1","32","0.15","3f4aaca66a86f14667c3388c062fe11d9ccf9462","NVIDIA GeForce RTX 5080","1.12.7","6.4.2"
"complete","MovingSquare2D_dp0.02","baseline","4","128775","0.2181402","0.1748272","0.0139901","0.0","0.1549207","745","53","94","53","0",,"41772521","0.0","Float32","Float32","true","1","32","0.15","3f4aaca66a86f14667c3388c062fe11d9ccf9462","NVIDIA GeForce RTX 5080","1.12.7","6.4.2"
"complete","MovingSquare2D_dp0.02","baseline","5","128775","0.2092817","0.1722533","0.0128392","0.0","0.1547033","745","53","94","53","0",,"41778569","0.0","Float32","Float32","true","1","32","0.15","3f4aaca66a86f14667c3388c062fe11d9ccf9462","NVIDIA GeForce RTX 5080","1.12.7","6.4.2"
"complete","MovingSquare2D_dp0.02","candidate","5","128775","0.2000387","0.1633429","0.006621","0.002126","0.1503052","745","53","94","0","0","1","41776146","0.0","Float32","Float32","true","1","32","0.15","3f4aaca66a86f14667c3388c062fe11d9ccf9462","NVIDIA GeForce RTX 5080","1.12.7","6.4.2"
