case,variant,round,seconds,steps,rebuilds,readbacks,exact
StillWedge2D_MDBC_dp0.02,baseline,1,0.0041785,425,1,19,true
StillWedge2D_MDBC_dp0.02,graph_prepare,1,0.0041297,425,1,19,true
StillWedge2D_MDBC_dp0.02,baseline,2,0.0044878,532,1,23,true
StillWedge2D_MDBC_dp0.02,graph_prepare,2,0.0047219,532,1,23,true
StillWedge2D_MDBC_dp0.02,baseline,3,0.0040822,638,1,27,true
StillWedge2D_MDBC_dp0.02,graph_prepare,3,0.0041966,638,1,27,true
StillWedge2D_MDBC_dp0.02,baseline,4,0.004296,744,1,31,true
StillWedge2D_MDBC_dp0.02,graph_prepare,4,0.0042498,744,1,31,true
StillWedge2D_MDBC_dp0.02,baseline,5,0.0040702,850,1,35,true
StillWedge2D_MDBC_dp0.02,graph_prepare,5,0.0043635,850,1,35,true
StillWedge2D_MDBC_dp0.02,baseline,6,0.0043478,956,1,39,true
StillWedge2D_MDBC_dp0.02,graph_prepare,6,0.004189,956,1,39,true
StillWedge2D_MDBC_dp0.02,baseline,7,0.0040818,1063,1,43,true
StillWedge2D_MDBC_dp0.02,graph_prepare,7,0.0042504,1063,1,43,true
MovingSquare2D_dp0.02,baseline,1,0.0437091,995,69,120,true
MovingSquare2D_dp0.02,graph_prepare,1,0.0421598,995,69,120,true
MovingSquare2D_dp0.02,baseline,2,0.0468162,1243,86,149,true
MovingSquare2D_dp0.02,graph_prepare,2,0.0454882,1243,86,149,true
MovingSquare2D_dp0.02,baseline,3,0.0589117,1492,119,212,true
MovingSquare2D_dp0.02,graph_prepare,3,0.0523301,1492,119,212,true
MovingSquare2D_dp0.02,baseline,4,0.0499034,1740,151,276,true
MovingSquare2D_dp0.02,graph_prepare,4,0.0496769,1740,151,276,true
MovingSquare2D_dp0.02,baseline,5,0.0519961,1988,181,336,true
MovingSquare2D_dp0.02,graph_prepare,5,0.0514484,1988,181,336,true
MovingSquare2D_dp0.02,baseline,6,0.0473616,2236,204,381,true
MovingSquare2D_dp0.02,graph_prepare,6,0.049265,2236,204,381,true
MovingSquare2D_dp0.02,baseline,7,0.0451196,2484,225,422,true
MovingSquare2D_dp0.02,graph_prepare,7,0.0449367,2484,225,422,true
DamBreak3D_dp0.0085,baseline,1,1.1301712,2255,42,103,true
DamBreak3D_dp0.0085,graph_prepare,1,1.1456529,2255,42,103,true
DamBreak3D_dp0.0085,baseline,2,1.1185203,2819,59,137,true
DamBreak3D_dp0.0085,graph_prepare,2,1.1161151,2819,59,137,true
DamBreak3D_dp0.0085,baseline,3,1.1450748,3382,80,177,true
DamBreak3D_dp0.0085,graph_prepare,3,1.1278588,3382,80,177,true
DamBreak3D_dp0.0085,baseline,4,1.1322395,3946,101,218,true
DamBreak3D_dp0.0085,graph_prepare,4,1.1175478,3946,101,218,true
DamBreak3D_dp0.0085,baseline,5,1.1262776,4509,121,258,true
DamBreak3D_dp0.0085,graph_prepare,5,1.1143146,4509,121,258,true
DamBreak3D_dp0.0085,baseline,6,1.1312308,5072,141,298,true
DamBreak3D_dp0.0085,graph_prepare,6,1.0934496,5072,141,298,true
DamBreak3D_dp0.0085,baseline,7,1.0950664,5636,160,336,true
DamBreak3D_dp0.0085,graph_prepare,7,1.0943056,5636,160,336,true
Duckling3D_MDBC_dp0.005,baseline,1,1.4488739,3126,2,104,true
Duckling3D_MDBC_dp0.005,graph_prepare,1,1.4747689,3126,2,104,true
Duckling3D_MDBC_dp0.005,baseline,2,1.4527692,3908,3,130,true
Duckling3D_MDBC_dp0.005,graph_prepare,2,1.4423843,3908,3,130,true
Duckling3D_MDBC_dp0.005,baseline,3,1.4478793,4689,3,155,true
Duckling3D_MDBC_dp0.005,graph_prepare,3,1.4428796,4689,3,155,true
Duckling3D_MDBC_dp0.005,baseline,4,1.4507855,5471,4,181,true
Duckling3D_MDBC_dp0.005,graph_prepare,4,1.4644456,5471,4,181,true
Duckling3D_MDBC_dp0.005,baseline,5,1.4532383,6252,5,206,true
Duckling3D_MDBC_dp0.005,graph_prepare,5,1.471685,6252,5,206,true
Duckling3D_MDBC_dp0.005,baseline,6,1.4608516,7033,6,231,true
Duckling3D_MDBC_dp0.005,graph_prepare,6,1.4460001,7033,6,231,true
Duckling3D_MDBC_dp0.005,baseline,7,1.4477867,7815,7,257,true
Duckling3D_MDBC_dp0.005,graph_prepare,7,1.4611445,7815,7,257,true
