case,subdivision,kernel,variant,round,us,max_abs_difference,exact
StillWedge2D_MDBC_dp0.02,1,interaction,baseline,1,9.344999853055924,0.0,true
StillWedge2D_MDBC_dp0.02,1,interaction,lazy_rows,1,7.969499165483285,0.0,true
StillWedge2D_MDBC_dp0.02,1,interaction,registers64,1,8.733999493415467,0.0,true
StillWedge2D_MDBC_dp0.02,1,interaction,threads64,1,8.757499927014578,0.0,true
StillWedge2D_MDBC_dp0.02,1,interaction,threads256,1,7.978999747138005,0.0,true
StillWedge2D_MDBC_dp0.02,1,interaction,threads256,2,7.6619999163085595,0.0,true
StillWedge2D_MDBC_dp0.02,1,interaction,threads64,2,8.627999704913236,0.0,true
StillWedge2D_MDBC_dp0.02,1,interaction,registers64,2,8.631999662611634,0.0,true
StillWedge2D_MDBC_dp0.02,1,interaction,lazy_rows,2,7.978999747138005,0.0,true
StillWedge2D_MDBC_dp0.02,1,interaction,baseline,2,13.986499652673956,0.0,true
StillWedge2D_MDBC_dp0.02,1,interaction,baseline,3,8.59949977893848,0.0,true
StillWedge2D_MDBC_dp0.02,1,interaction,lazy_rows,3,7.96249969425844,0.0,true
StillWedge2D_MDBC_dp0.02,1,interaction,registers64,3,8.643999535706826,0.0,true
StillWedge2D_MDBC_dp0.02,1,interaction,threads64,3,8.62199976836564,0.0,true
StillWedge2D_MDBC_dp0.02,1,interaction,threads256,3,7.691000064369291,0.0,true
StillWedge2D_MDBC_dp0.02,1,interaction,threads256,4,7.667000318178907,0.0,true
StillWedge2D_MDBC_dp0.02,1,interaction,threads64,4,8.63900004333118,0.0,true
StillWedge2D_MDBC_dp0.02,1,interaction,registers64,4,8.560000424040481,0.0,true
StillWedge2D_MDBC_dp0.02,1,interaction,lazy_rows,4,7.951999577926472,0.0,true
StillWedge2D_MDBC_dp0.02,1,interaction,baseline,4,13.165499694878235,0.0,true
StillWedge2D_MDBC_dp0.02,1,interaction,baseline,5,9.378500180901028,0.0,true
StillWedge2D_MDBC_dp0.02,1,interaction,lazy_rows,5,8.021000212465879,0.0,true
StillWedge2D_MDBC_dp0.02,1,interaction,registers64,5,8.45849990582792,0.0,true
StillWedge2D_MDBC_dp0.02,1,interaction,threads64,5,8.461499419354368,0.0,true
StillWedge2D_MDBC_dp0.02,1,interaction,threads256,5,7.690499842283316,0.0,true
StillWedge2D_MDBC_dp0.02,1,interaction,threads256,6,7.660500159545336,0.0,true
StillWedge2D_MDBC_dp0.02,1,interaction,threads64,6,8.624499969300814,0.0,true
StillWedge2D_MDBC_dp0.02,1,interaction,registers64,6,8.631000127934385,0.0,true
StillWedge2D_MDBC_dp0.02,1,interaction,lazy_rows,6,7.945000106701627,0.0,true
StillWedge2D_MDBC_dp0.02,1,interaction,baseline,6,13.414500244834926,0.0,true
StillWedge2D_MDBC_dp0.02,1,interaction,baseline,7,8.597499800089281,0.0,true
StillWedge2D_MDBC_dp0.02,1,interaction,lazy_rows,7,7.949500286486,0.0,true
StillWedge2D_MDBC_dp0.02,1,interaction,registers64,7,8.773499757808167,0.0,true
StillWedge2D_MDBC_dp0.02,1,interaction,threads64,7,8.806499863567296,0.0,true
StillWedge2D_MDBC_dp0.02,1,interaction,threads256,7,7.790499694237951,0.0,true
StillWedge2D_MDBC_dp0.02,1,mdbc,baseline,1,6.741499873896828,0.0,true
StillWedge2D_MDBC_dp0.02,1,mdbc,registers64,1,6.787499842175748,0.0,true
StillWedge2D_MDBC_dp0.02,1,mdbc,threads64,1,6.7495002440409735,0.0,true
StillWedge2D_MDBC_dp0.02,1,mdbc,threads256,1,7.065999852784444,0.0,true
StillWedge2D_MDBC_dp0.02,1,mdbc,reused_lu,1,6.595999821001897,0.0,true
StillWedge2D_MDBC_dp0.02,1,mdbc,type_first,1,5.822999810334295,0.0,true
StillWedge2D_MDBC_dp0.02,1,mdbc,type_first,2,5.6599997151352,0.0,true
StillWedge2D_MDBC_dp0.02,1,mdbc,reused_lu,2,6.820499947934877,0.0,true
StillWedge2D_MDBC_dp0.02,1,mdbc,threads256,2,9.348000276077073,0.0,true
StillWedge2D_MDBC_dp0.02,1,mdbc,threads64,2,6.780000148864929,0.0,true
StillWedge2D_MDBC_dp0.02,1,mdbc,registers64,2,6.513500011351425,0.0,true
StillWedge2D_MDBC_dp0.02,1,mdbc,baseline,2,6.601999757549493,0.0,true
StillWedge2D_MDBC_dp0.02,1,mdbc,baseline,3,6.5475001065351535,0.0,true
StillWedge2D_MDBC_dp0.02,1,mdbc,registers64,3,6.522499916172819,0.0,true
StillWedge2D_MDBC_dp0.02,1,mdbc,threads64,3,6.792500244046096,0.0,true
StillWedge2D_MDBC_dp0.02,1,mdbc,threads256,3,7.069500043144217,0.0,true
StillWedge2D_MDBC_dp0.02,1,mdbc,reused_lu,3,6.561499958479544,0.0,true
StillWedge2D_MDBC_dp0.02,1,mdbc,type_first,3,5.8155001170234755,0.0,true
StillWedge2D_MDBC_dp0.02,1,mdbc,type_first,4,5.835000138176838,0.0,true
StillWedge2D_MDBC_dp0.02,1,mdbc,reused_lu,4,6.55899975754437,0.0,true
StillWedge2D_MDBC_dp0.02,1,mdbc,threads256,4,7.105500117177144,0.0,true
StillWedge2D_MDBC_dp0.02,1,mdbc,threads64,4,6.7865003074985,0.0,true
StillWedge2D_MDBC_dp0.02,1,mdbc,registers64,4,6.58450016999268,0.0,true
StillWedge2D_MDBC_dp0.02,1,mdbc,baseline,4,6.5535000430827495,0.0,true
StillWedge2D_MDBC_dp0.02,1,mdbc,baseline,5,6.551500064233551,0.0,true
StillWedge2D_MDBC_dp0.02,1,mdbc,registers64,5,6.521000159409596,0.0,true
StillWedge2D_MDBC_dp0.02,1,mdbc,threads64,5,6.7705000219575595,0.0,true
StillWedge2D_MDBC_dp0.02,1,mdbc,threads256,5,7.079999704728834,0.0,true
StillWedge2D_MDBC_dp0.02,1,mdbc,reused_lu,5,6.552999820996774,0.0,true
StillWedge2D_MDBC_dp0.02,1,mdbc,type_first,5,9.635499736759812,0.0,true
StillWedge2D_MDBC_dp0.02,1,mdbc,type_first,6,5.7735001064429525,0.0,true
StillWedge2D_MDBC_dp0.02,1,mdbc,reused_lu,6,6.5475001065351535,0.0,true
StillWedge2D_MDBC_dp0.02,1,mdbc,threads256,6,7.071500021993415,0.0,true
StillWedge2D_MDBC_dp0.02,1,mdbc,threads64,6,6.7369996941124555,0.0,true
StillWedge2D_MDBC_dp0.02,1,mdbc,registers64,6,6.531000053655589,0.0,true
StillWedge2D_MDBC_dp0.02,1,mdbc,baseline,6,6.515999757539248,0.0,true
StillWedge2D_MDBC_dp0.02,1,mdbc,baseline,7,6.585500159417279,0.0,true
StillWedge2D_MDBC_dp0.02,1,mdbc,registers64,7,6.493999990198063,0.0,true
StillWedge2D_MDBC_dp0.02,1,mdbc,threads64,7,6.7064997892885,0.0,true
StillWedge2D_MDBC_dp0.02,1,mdbc,threads256,7,7.06450009602122,0.0,true
StillWedge2D_MDBC_dp0.02,1,mdbc,reused_lu,7,6.523999672936043,0.0,true
StillWedge2D_MDBC_dp0.02,1,mdbc,type_first,7,5.813500138174277,0.0,true
StillWedge2D_MDBC_dp0.02,2,interaction,baseline,1,9.845000022323802,0.0,true
StillWedge2D_MDBC_dp0.02,2,interaction,lazy_rows,1,9.725499694468454,0.0,true
StillWedge2D_MDBC_dp0.02,2,interaction,registers64,1,7.295499926840421,0.0,true
StillWedge2D_MDBC_dp0.02,2,interaction,threads64,1,8.314999831782188,0.0,true
StillWedge2D_MDBC_dp0.02,2,interaction,threads256,1,7.997499778866768,0.0,true
StillWedge2D_MDBC_dp0.02,2,interaction,threads256,2,7.64600008551497,0.0,true
StillWedge2D_MDBC_dp0.02,2,interaction,threads64,2,7.8670000220881775,0.0,true
StillWedge2D_MDBC_dp0.02,2,interaction,registers64,2,7.466000170097686,0.0,true
StillWedge2D_MDBC_dp0.02,2,interaction,lazy_rows,2,11.845500011986587,0.0,true
StillWedge2D_MDBC_dp0.02,2,interaction,baseline,2,7.3940000220318325,0.0,true
StillWedge2D_MDBC_dp0.02,2,interaction,baseline,3,7.333000212383922,0.0,true
StillWedge2D_MDBC_dp0.02,2,interaction,lazy_rows,3,7.352500233537285,0.0,true
StillWedge2D_MDBC_dp0.02,2,interaction,registers64,3,7.708999874012079,0.0,true
StillWedge2D_MDBC_dp0.02,2,interaction,threads64,3,7.832500159565825,0.0,true
StillWedge2D_MDBC_dp0.02,2,interaction,threads256,3,7.6374999480322,0.0,true
StillWedge2D_MDBC_dp0.02,2,interaction,threads256,4,7.679000191274099,0.0,true
StillWedge2D_MDBC_dp0.02,2,interaction,threads64,4,7.8670000220881775,0.0,true
StillWedge2D_MDBC_dp0.02,2,interaction,registers64,4,7.2914999691420235,0.0,true
StillWedge2D_MDBC_dp0.02,2,interaction,lazy_rows,4,7.3274995884275995,0.0,true
StillWedge2D_MDBC_dp0.02,2,interaction,baseline,4,11.917500160052441,0.0,true
StillWedge2D_MDBC_dp0.02,2,interaction,baseline,5,7.346500296989689,0.0,true
StillWedge2D_MDBC_dp0.02,2,interaction,lazy_rows,5,7.175000064307824,0.0,true
StillWedge2D_MDBC_dp0.02,2,interaction,registers64,5,7.091000043146778,0.0,true
StillWedge2D_MDBC_dp0.02,2,interaction,threads64,5,7.86300006438978,0.0,true
StillWedge2D_MDBC_dp0.02,2,interaction,threads256,5,7.639499926881399,0.0,true
StillWedge2D_MDBC_dp0.02,2,interaction,threads256,6,8.062499546213076,0.0,true
StillWedge2D_MDBC_dp0.02,2,interaction,threads64,6,7.827999979781453,0.0,true
StillWedge2D_MDBC_dp0.02,2,interaction,registers64,6,7.488999926863471,0.0,true
StillWedge2D_MDBC_dp0.02,2,interaction,lazy_rows,6,7.344999630731763,0.0,true
StillWedge2D_MDBC_dp0.02,2,interaction,baseline,6,17.60200029821135,0.0,true
StillWedge2D_MDBC_dp0.02,2,interaction,baseline,7,7.346500296989689,0.0,true
StillWedge2D_MDBC_dp0.02,2,interaction,lazy_rows,7,7.325999831664376,0.0,true
StillWedge2D_MDBC_dp0.02,2,interaction,registers64,7,7.271999947988661,0.0,true
StillWedge2D_MDBC_dp0.02,2,interaction,threads64,7,7.8550001489929855,0.0,true
StillWedge2D_MDBC_dp0.02,2,interaction,threads256,7,7.634500434505753,0.0,true
StillWedge2D_MDBC_dp0.02,2,mdbc,baseline,1,7.114999789337162,0.0,true
StillWedge2D_MDBC_dp0.02,2,mdbc,registers64,1,7.238499620143557,0.0,true
StillWedge2D_MDBC_dp0.02,2,mdbc,threads64,1,7.387000096059637,0.0,true
StillWedge2D_MDBC_dp0.02,2,mdbc,threads256,1,7.761000233585946,0.0,true
StillWedge2D_MDBC_dp0.02,2,mdbc,reused_lu,1,6.990000201767543,0.0,true
StillWedge2D_MDBC_dp0.02,2,mdbc,type_first,1,5.999499990139157,0.0,true
StillWedge2D_MDBC_dp0.02,2,mdbc,type_first,2,6.030500117049087,0.0,true
StillWedge2D_MDBC_dp0.02,2,mdbc,reused_lu,2,6.88599993736716,0.0,true
StillWedge2D_MDBC_dp0.02,2,mdbc,threads256,2,7.457000265276292,0.0,true
StillWedge2D_MDBC_dp0.02,2,mdbc,threads64,2,7.433000064338557,0.0,true
StillWedge2D_MDBC_dp0.02,2,mdbc,registers64,2,6.834499799879268,0.0,true
StillWedge2D_MDBC_dp0.02,2,mdbc,baseline,2,6.908000159455696,0.0,true
StillWedge2D_MDBC_dp0.02,2,mdbc,baseline,3,6.878499789308989,0.0,true
StillWedge2D_MDBC_dp0.02,2,mdbc,registers64,3,6.76950003253296,0.0,true
StillWedge2D_MDBC_dp0.02,2,mdbc,threads64,3,7.201000244094757,0.0,true
StillWedge2D_MDBC_dp0.02,2,mdbc,threads256,3,7.557000117230928,0.0,true
StillWedge2D_MDBC_dp0.02,2,mdbc,reused_lu,3,6.832499821030069,0.0,true
StillWedge2D_MDBC_dp0.02,2,mdbc,type_first,3,6.046499947842676,0.0,true
StillWedge2D_MDBC_dp0.02,2,mdbc,type_first,4,5.970499842078425,0.0,true
StillWedge2D_MDBC_dp0.02,2,mdbc,reused_lu,4,6.863499947939999,0.0,true
StillWedge2D_MDBC_dp0.02,2,mdbc,threads256,4,7.650500265299343,0.0,true
StillWedge2D_MDBC_dp0.02,2,mdbc,threads64,4,7.138999990274897,0.0,true
StillWedge2D_MDBC_dp0.02,2,mdbc,registers64,4,6.7974997364217415,0.0,true
StillWedge2D_MDBC_dp0.02,2,mdbc,baseline,4,6.866499916213797,0.0,true
StillWedge2D_MDBC_dp0.02,2,mdbc,baseline,5,6.8790000113949645,0.0,true
StillWedge2D_MDBC_dp0.02,2,mdbc,registers64,5,6.818000201747054,0.0,true
StillWedge2D_MDBC_dp0.02,2,mdbc,threads64,5,7.190500127762789,0.0,true
StillWedge2D_MDBC_dp0.02,2,mdbc,threads256,5,7.579499651910737,0.0,true
StillWedge2D_MDBC_dp0.02,2,mdbc,reused_lu,5,6.897000275785103,0.0,true
StillWedge2D_MDBC_dp0.02,2,mdbc,type_first,5,6.026999926689314,0.0,true
StillWedge2D_MDBC_dp0.02,2,mdbc,type_first,6,5.967999641143251,0.0,true
StillWedge2D_MDBC_dp0.02,2,mdbc,reused_lu,6,11.57000042439904,0.0,true
StillWedge2D_MDBC_dp0.02,2,mdbc,threads256,6,7.552499937446555,0.0,true
StillWedge2D_MDBC_dp0.02,2,mdbc,threads64,6,7.232499683595961,0.0,true
StillWedge2D_MDBC_dp0.02,2,mdbc,registers64,6,6.836000011389842,0.0,true
StillWedge2D_MDBC_dp0.02,2,mdbc,baseline,6,6.856500021967804,0.0,true
StillWedge2D_MDBC_dp0.02,2,mdbc,baseline,7,6.899999789311551,0.0,true
StillWedge2D_MDBC_dp0.02,2,mdbc,registers64,7,6.85600025462918,0.0,true
StillWedge2D_MDBC_dp0.02,2,mdbc,threads64,7,7.191500117187388,0.0,true
StillWedge2D_MDBC_dp0.02,2,mdbc,threads256,7,7.573999937449116,0.0,true
StillWedge2D_MDBC_dp0.02,2,mdbc,reused_lu,7,6.880499768158188,0.0,true
StillWedge2D_MDBC_dp0.02,2,mdbc,type_first,7,6.030999884387711,0.0,true
MovingSquare2D_dp0.02,1,interaction,baseline,1,54.76700243889354,0.0,true
MovingSquare2D_dp0.02,1,interaction,lazy_rows,1,58.844998420681804,0.0,true
MovingSquare2D_dp0.02,1,interaction,registers64,1,63.09449963737279,0.0,true
MovingSquare2D_dp0.02,1,interaction,threads64,1,57.037497754208744,0.0,true
MovingSquare2D_dp0.02,1,interaction,threads256,1,60.87200017645955,0.0,true
MovingSquare2D_dp0.02,1,interaction,threads256,2,60.775499150622636,0.0,true
MovingSquare2D_dp0.02,1,interaction,threads64,2,55.355998483719304,0.0,true
MovingSquare2D_dp0.02,1,interaction,registers64,2,64.20149293262511,0.0,true
MovingSquare2D_dp0.02,1,interaction,lazy_rows,2,58.80349999642931,0.0,true
MovingSquare2D_dp0.02,1,interaction,baseline,2,55.10700066224672,0.0,true
MovingSquare2D_dp0.02,1,interaction,baseline,3,59.94800085318275,0.0,true
MovingSquare2D_dp0.02,1,interaction,lazy_rows,3,53.58849739423022,0.0,true
MovingSquare2D_dp0.02,1,interaction,registers64,3,61.56299787107855,0.0,true
MovingSquare2D_dp0.02,1,interaction,threads64,3,61.66350067360327,0.0,true
MovingSquare2D_dp0.02,1,interaction,threads256,3,59.6189966017846,0.0,true
MovingSquare2D_dp0.02,1,interaction,threads256,4,71.68699812609702,0.0,true
MovingSquare2D_dp0.02,1,interaction,threads64,4,70.08350075921044,0.0,true
MovingSquare2D_dp0.02,1,interaction,registers64,4,71.19300425983965,0.0,true
MovingSquare2D_dp0.02,1,interaction,lazy_rows,4,53.414500143844634,0.0,true
MovingSquare2D_dp0.02,1,interaction,baseline,4,67.53549678251147,0.0,true
MovingSquare2D_dp0.02,1,interaction,baseline,5,65.82550122402608,0.0,true
MovingSquare2D_dp0.02,1,interaction,lazy_rows,5,58.437002735445276,0.0,true
MovingSquare2D_dp0.02,1,interaction,registers64,5,65.2939997962676,0.0,true
MovingSquare2D_dp0.02,1,interaction,threads64,5,66.34200690314174,0.0,true
MovingSquare2D_dp0.02,1,interaction,threads256,5,59.88449993310496,0.0,true
MovingSquare2D_dp0.02,1,interaction,threads256,6,54.49150194181129,0.0,true
MovingSquare2D_dp0.02,1,interaction,threads64,6,66.18150655413046,0.0,true
MovingSquare2D_dp0.02,1,interaction,registers64,6,62.056999013293535,0.0,true
MovingSquare2D_dp0.02,1,interaction,lazy_rows,6,53.35899913916364,0.0,true
MovingSquare2D_dp0.02,1,interaction,baseline,6,68.18749534431845,0.0,true
MovingSquare2D_dp0.02,1,interaction,baseline,7,59.43249925621785,0.0,true
MovingSquare2D_dp0.02,1,interaction,lazy_rows,7,53.21549906511791,0.0,true
MovingSquare2D_dp0.02,1,interaction,registers64,7,68.71949881315231,0.0,true
MovingSquare2D_dp0.02,1,interaction,threads64,7,58.35299816681072,0.0,true
MovingSquare2D_dp0.02,1,interaction,threads256,7,54.65299909701571,0.0,true
MovingSquare2D_dp0.02,2,interaction,baseline,1,36.302499211160466,0.0,true
MovingSquare2D_dp0.02,2,interaction,lazy_rows,1,47.026998799992725,0.0,true
MovingSquare2D_dp0.02,2,interaction,registers64,1,33.61000199220143,0.0,true
MovingSquare2D_dp0.02,2,interaction,threads64,1,40.45699824928306,0.0,true
MovingSquare2D_dp0.02,2,interaction,threads256,1,32.59849836467765,0.0,true
MovingSquare2D_dp0.02,2,interaction,threads256,2,32.44800245738588,0.0,true
MovingSquare2D_dp0.02,2,interaction,threads64,2,43.156000174349174,0.0,true
MovingSquare2D_dp0.02,2,interaction,registers64,2,33.51849954924546,0.0,true
MovingSquare2D_dp0.02,2,interaction,lazy_rows,2,33.13050183351152,0.0,true
MovingSquare2D_dp0.02,2,interaction,baseline,2,49.04599700239487,0.0,true
MovingSquare2D_dp0.02,2,interaction,baseline,3,33.13149863970466,0.0,true
MovingSquare2D_dp0.02,2,interaction,lazy_rows,3,42.88399941287935,0.0,true
MovingSquare2D_dp0.02,2,interaction,registers64,3,33.72199716977775,0.0,true
MovingSquare2D_dp0.02,2,interaction,threads64,3,43.80950122140348,0.0,true
MovingSquare2D_dp0.02,2,interaction,threads256,3,32.78450094512664,0.0,true
MovingSquare2D_dp0.02,2,interaction,threads256,4,32.615502277622,0.0,true
MovingSquare2D_dp0.02,2,interaction,threads64,4,47.310502850450575,0.0,true
MovingSquare2D_dp0.02,2,interaction,registers64,4,33.68499892530963,0.0,true
MovingSquare2D_dp0.02,2,interaction,lazy_rows,4,39.00549927493557,0.0,true
MovingSquare2D_dp0.02,2,interaction,baseline,4,33.141499443445355,0.0,true
MovingSquare2D_dp0.02,2,interaction,baseline,5,32.864500099094585,0.0,true
MovingSquare2D_dp0.02,2,interaction,lazy_rows,5,38.36350151686929,0.0,true
MovingSquare2D_dp0.02,2,interaction,registers64,5,33.44950164319016,0.0,true
MovingSquare2D_dp0.02,2,interaction,threads64,5,39.64650022680871,0.0,true
MovingSquare2D_dp0.02,2,interaction,threads256,5,36.54749889392406,0.0,true
MovingSquare2D_dp0.02,2,interaction,threads256,6,32.59000004618429,0.0,true
MovingSquare2D_dp0.02,2,interaction,threads64,6,50.296002882532775,0.0,true
MovingSquare2D_dp0.02,2,interaction,registers64,6,33.689499105094,0.0,true
MovingSquare2D_dp0.02,2,interaction,lazy_rows,6,38.612000935245305,0.0,true
MovingSquare2D_dp0.02,2,interaction,baseline,6,33.0380025843624,0.0,true
MovingSquare2D_dp0.02,2,interaction,baseline,7,32.90750100859441,0.0,true
MovingSquare2D_dp0.02,2,interaction,lazy_rows,7,40.63300002599135,0.0,true
MovingSquare2D_dp0.02,2,interaction,registers64,7,33.41399860801175,0.0,true
MovingSquare2D_dp0.02,2,interaction,threads64,7,38.881997170392424,0.0,true
MovingSquare2D_dp0.02,2,interaction,threads256,7,39.56200089305639,0.0,true
DamBreak3D_dp0.0085,1,interaction,baseline,1,957.3684656061232,0.0,true
DamBreak3D_dp0.0085,1,interaction,lazy_rows,1,903.7209674715996,0.0,true
DamBreak3D_dp0.0085,1,interaction,registers64,1,887.7360378392041,0.0,true
DamBreak3D_dp0.0085,1,interaction,threads64,1,980.0599655136466,0.0,true
DamBreak3D_dp0.0085,1,interaction,threads256,1,936.4699944853783,0.0,true
DamBreak3D_dp0.0085,1,interaction,threads256,2,953.3474803902209,0.0,true
DamBreak3D_dp0.0085,1,interaction,threads64,2,973.7114887684584,0.0,true
DamBreak3D_dp0.0085,1,interaction,registers64,2,879.9430215731263,0.0,true
DamBreak3D_dp0.0085,1,interaction,lazy_rows,2,907.6999849639833,0.0,true
DamBreak3D_dp0.0085,1,interaction,baseline,2,938.7864847667515,0.0,true
DamBreak3D_dp0.0085,1,interaction,baseline,3,933.4604837931693,0.0,true
DamBreak3D_dp0.0085,1,interaction,lazy_rows,3,898.207479622215,0.0,true
DamBreak3D_dp0.0085,1,interaction,registers64,3,888.7584554031491,0.0,true
DamBreak3D_dp0.0085,1,interaction,threads64,3,977.9150132089853,0.0,true
DamBreak3D_dp0.0085,1,interaction,threads256,3,936.2570126540959,0.0,true
DamBreak3D_dp0.0085,1,interaction,threads256,4,933.2535555586219,0.0,true
DamBreak3D_dp0.0085,1,interaction,threads64,4,974.079011939466,0.0,true
DamBreak3D_dp0.0085,1,interaction,registers64,4,882.9400176182389,0.0,true
DamBreak3D_dp0.0085,1,interaction,lazy_rows,4,899.9005076475441,0.0,true
DamBreak3D_dp0.0085,1,interaction,baseline,4,941.2135113961995,0.0,true
DamBreak3D_dp0.0085,1,interaction,baseline,5,936.6690064780414,0.0,true
DamBreak3D_dp0.0085,1,interaction,lazy_rows,5,904.2019955813885,0.0,true
DamBreak3D_dp0.0085,1,interaction,registers64,5,900.9845089167356,0.0,true
DamBreak3D_dp0.0085,1,interaction,threads64,5,973.9475208334625,0.0,true
DamBreak3D_dp0.0085,1,interaction,threads256,5,936.2925193272531,0.0,true
DamBreak3D_dp0.0085,1,interaction,threads256,6,936.19100516662,0.0,true
DamBreak3D_dp0.0085,1,interaction,threads64,6,973.9315137267113,0.0,true
DamBreak3D_dp0.0085,1,interaction,registers64,6,889.8070082068443,0.0,true
DamBreak3D_dp0.0085,1,interaction,lazy_rows,6,898.7680193968117,0.0,true
DamBreak3D_dp0.0085,1,interaction,baseline,6,933.3814959973097,0.0,true
DamBreak3D_dp0.0085,1,interaction,baseline,7,935.8429815620184,0.0,true
DamBreak3D_dp0.0085,1,interaction,lazy_rows,7,904.4730104506016,0.0,true
DamBreak3D_dp0.0085,1,interaction,registers64,7,879.599538166076,0.0,true
DamBreak3D_dp0.0085,1,interaction,threads64,7,970.736495219171,0.0,true
DamBreak3D_dp0.0085,1,interaction,threads256,7,932.9010499641299,0.0,true
DamBreak3D_dp0.0085,2,interaction,baseline,1,722.6539892144501,0.0,true
DamBreak3D_dp0.0085,2,interaction,lazy_rows,1,714.0554953366518,0.0,true
DamBreak3D_dp0.0085,2,interaction,registers64,1,650.1399911940098,0.0,true
DamBreak3D_dp0.0085,2,interaction,threads64,1,735.4404660873115,0.0,true
DamBreak3D_dp0.0085,2,interaction,threads256,1,684.0170244686306,0.0,true
DamBreak3D_dp0.0085,2,interaction,threads256,2,691.6735437698662,0.0,true
DamBreak3D_dp0.0085,2,interaction,threads64,2,715.9789674915373,0.0,true
DamBreak3D_dp0.0085,2,interaction,registers64,2,660.1095083169639,0.0,true
DamBreak3D_dp0.0085,2,interaction,lazy_rows,2,724.3040017783642,0.0,true
DamBreak3D_dp0.0085,2,interaction,baseline,2,716.9194868765771,0.0,true
DamBreak3D_dp0.0085,2,interaction,baseline,3,709.9669892340899,0.0,true
DamBreak3D_dp0.0085,2,interaction,lazy_rows,3,702.8514519333839,0.0,true
DamBreak3D_dp0.0085,2,interaction,registers64,3,634.4785215333104,0.0,true
DamBreak3D_dp0.0085,2,interaction,threads64,3,702.1934725344181,0.0,true
DamBreak3D_dp0.0085,2,interaction,threads256,3,677.1519547328353,0.0,true
DamBreak3D_dp0.0085,2,interaction,threads256,4,674.072012770921,0.0,true
DamBreak3D_dp0.0085,2,interaction,threads64,4,729.6584662981331,0.0,true
DamBreak3D_dp0.0085,2,interaction,registers64,4,638.7885077856481,0.0,true
DamBreak3D_dp0.0085,2,interaction,lazy_rows,4,694.1030151210725,0.0,true
DamBreak3D_dp0.0085,2,interaction,baseline,4,691.1529926583171,0.0,true
DamBreak3D_dp0.0085,2,interaction,baseline,5,700.1014892011881,0.0,true
DamBreak3D_dp0.0085,2,interaction,lazy_rows,5,692.0354790054262,0.0,true
DamBreak3D_dp0.0085,2,interaction,registers64,5,654.407951515168,0.0,true
DamBreak3D_dp0.0085,2,interaction,threads64,5,701.3040012679994,0.0,true
DamBreak3D_dp0.0085,2,interaction,threads256,5,670.666981022805,0.0,true
DamBreak3D_dp0.0085,2,interaction,threads256,6,674.9789463356137,0.0,true
DamBreak3D_dp0.0085,2,interaction,threads64,6,702.3735088296235,0.0,true
DamBreak3D_dp0.0085,2,interaction,registers64,6,633.478513918817,0.0,true
DamBreak3D_dp0.0085,2,interaction,lazy_rows,6,690.7834904268384,0.0,true
DamBreak3D_dp0.0085,2,interaction,baseline,6,689.4015241414309,0.0,true
DamBreak3D_dp0.0085,2,interaction,baseline,7,695.9169986657798,0.0,true
DamBreak3D_dp0.0085,2,interaction,lazy_rows,7,690.6480411998928,0.0,true
DamBreak3D_dp0.0085,2,interaction,registers64,7,634.1999978758395,0.0,true
DamBreak3D_dp0.0085,2,interaction,threads64,7,701.0734989307821,0.0,true
DamBreak3D_dp0.0085,2,interaction,threads256,7,670.2074897475541,0.0,true
Duckling3D_MDBC_dp0.005,1,interaction,baseline,1,777.0234951749444,0.0,true
Duckling3D_MDBC_dp0.005,1,interaction,lazy_rows,1,750.4879613406956,0.0,true
Duckling3D_MDBC_dp0.005,1,interaction,registers64,1,765.7284731976688,0.0,true
Duckling3D_MDBC_dp0.005,1,interaction,threads64,1,818.2774763554335,0.0,true
Duckling3D_MDBC_dp0.005,1,interaction,threads256,1,829.1470003314316,0.0,true
Duckling3D_MDBC_dp0.005,1,interaction,threads256,2,844.9545130133629,0.0,true
Duckling3D_MDBC_dp0.005,1,interaction,threads64,2,800.5995186977088,0.0,true
Duckling3D_MDBC_dp0.005,1,interaction,registers64,2,778.1835156492889,0.0,true
Duckling3D_MDBC_dp0.005,1,interaction,lazy_rows,2,755.1105227321386,0.0,true
Duckling3D_MDBC_dp0.005,1,interaction,baseline,2,787.8245087340474,0.0,true
Duckling3D_MDBC_dp0.005,1,interaction,baseline,3,802.5944698601961,0.0,true
Duckling3D_MDBC_dp0.005,1,interaction,lazy_rows,3,759.1320318169892,0.0,true
Duckling3D_MDBC_dp0.005,1,interaction,registers64,3,771.4920211583376,0.0,true
Duckling3D_MDBC_dp0.005,1,interaction,threads64,3,802.999478764832,0.0,true
Duckling3D_MDBC_dp0.005,1,interaction,threads256,3,811.9969861581922,0.0,true
Duckling3D_MDBC_dp0.005,1,interaction,threads256,4,813.5070092976093,0.0,true
Duckling3D_MDBC_dp0.005,1,interaction,threads64,4,770.4660529270768,0.0,true
Duckling3D_MDBC_dp0.005,1,interaction,registers64,4,773.1050136499107,0.0,true
Duckling3D_MDBC_dp0.005,1,interaction,lazy_rows,4,734.3574543483555,0.0,true
Duckling3D_MDBC_dp0.005,1,interaction,baseline,4,771.9920249655843,0.0,true
Duckling3D_MDBC_dp0.005,1,interaction,baseline,5,766.4120057597756,0.0,true
Duckling3D_MDBC_dp0.005,1,interaction,lazy_rows,5,739.3205305561423,0.0,true
Duckling3D_MDBC_dp0.005,1,interaction,registers64,5,756.3745020888746,0.0,true
Duckling3D_MDBC_dp0.005,1,interaction,threads64,5,791.5974711067975,0.0,true
Duckling3D_MDBC_dp0.005,1,interaction,threads256,5,814.8039923980832,0.0,true
Duckling3D_MDBC_dp0.005,1,interaction,threads256,6,820.2060125768185,0.0,true
Duckling3D_MDBC_dp0.005,1,interaction,threads64,6,793.5125031508505,0.0,true
Duckling3D_MDBC_dp0.005,1,interaction,registers64,6,755.438522901386,0.0,true
Duckling3D_MDBC_dp0.005,1,interaction,lazy_rows,6,734.6965139731765,0.0,true
Duckling3D_MDBC_dp0.005,1,interaction,baseline,6,772.6240437477827,0.0,true
Duckling3D_MDBC_dp0.005,1,interaction,baseline,7,763.3974892087281,0.0,true
Duckling3D_MDBC_dp0.005,1,interaction,lazy_rows,7,739.8825255222619,0.0,true
Duckling3D_MDBC_dp0.005,1,interaction,registers64,7,756.3874823972583,0.0,true
Duckling3D_MDBC_dp0.005,1,interaction,threads64,7,777.2794924676418,0.0,true
Duckling3D_MDBC_dp0.005,1,interaction,threads256,7,813.848979305476,0.0,true
Duckling3D_MDBC_dp0.005,1,mdbc,baseline,1,189.31050726678222,0.0,true
Duckling3D_MDBC_dp0.005,1,mdbc,registers64,1,179.7305012587458,0.0,true
Duckling3D_MDBC_dp0.005,1,mdbc,threads64,1,189.34751278720796,0.0,true
Duckling3D_MDBC_dp0.005,1,mdbc,threads256,1,187.48000729829073,0.0,true
Duckling3D_MDBC_dp0.005,1,mdbc,reused_lu,1,221.8369918409735,0.0,true
Duckling3D_MDBC_dp0.005,1,mdbc,type_first,1,177.86950047593564,0.0,true
Duckling3D_MDBC_dp0.005,1,mdbc,type_first,2,156.4404956297949,0.0,true
Duckling3D_MDBC_dp0.005,1,mdbc,reused_lu,2,243.56949143111706,0.0,true
Duckling3D_MDBC_dp0.005,1,mdbc,threads256,2,182.229996426031,0.0,true
Duckling3D_MDBC_dp0.005,1,mdbc,threads64,2,181.47499940823764,0.0,true
Duckling3D_MDBC_dp0.005,1,mdbc,registers64,2,196.8200085684657,0.0,true
Duckling3D_MDBC_dp0.005,1,mdbc,baseline,2,176.3789914548397,0.0,true
Duckling3D_MDBC_dp0.005,1,mdbc,baseline,3,184.77000412531197,0.0,true
Duckling3D_MDBC_dp0.005,1,mdbc,registers64,3,177.94700397644192,0.0,true
Duckling3D_MDBC_dp0.005,1,mdbc,threads64,3,193.3349994942546,0.0,true
Duckling3D_MDBC_dp0.005,1,mdbc,threads256,3,183.51399921812117,0.0,true
Duckling3D_MDBC_dp0.005,1,mdbc,reused_lu,3,200.03649115096778,0.0,true
Duckling3D_MDBC_dp0.005,1,mdbc,type_first,3,170.82800331991166,0.0,true
Duckling3D_MDBC_dp0.005,1,mdbc,type_first,4,157.6409995323047,0.0,true
Duckling3D_MDBC_dp0.005,1,mdbc,reused_lu,4,203.15749861765653,0.0,true
Duckling3D_MDBC_dp0.005,1,mdbc,threads256,4,180.75999105349183,0.0,true
Duckling3D_MDBC_dp0.005,1,mdbc,threads64,4,189.86700160894543,0.0,true
Duckling3D_MDBC_dp0.005,1,mdbc,registers64,4,178.42200759332627,0.0,true
Duckling3D_MDBC_dp0.005,1,mdbc,baseline,4,181.5625000745058,0.0,true
Duckling3D_MDBC_dp0.005,1,mdbc,baseline,5,185.22099708206952,0.0,true
Duckling3D_MDBC_dp0.005,1,mdbc,registers64,5,177.63600044418126,0.0,true
Duckling3D_MDBC_dp0.005,1,mdbc,threads64,5,187.5160087365657,0.0,true
Duckling3D_MDBC_dp0.005,1,mdbc,threads256,5,181.40749307349324,0.0,true
Duckling3D_MDBC_dp0.005,1,mdbc,reused_lu,5,202.1114923991263,0.0,true
Duckling3D_MDBC_dp0.005,1,mdbc,type_first,5,172.26600903086364,0.0,true
Duckling3D_MDBC_dp0.005,1,mdbc,type_first,6,161.61349776666611,0.0,true
Duckling3D_MDBC_dp0.005,1,mdbc,reused_lu,6,195.1669983100146,0.0,true
Duckling3D_MDBC_dp0.005,1,mdbc,threads256,6,179.33349590748549,0.0,true
Duckling3D_MDBC_dp0.005,1,mdbc,threads64,6,190.49798720516264,0.0,true
Duckling3D_MDBC_dp0.005,1,mdbc,registers64,6,173.39650366920978,0.0,true
Duckling3D_MDBC_dp0.005,1,mdbc,baseline,6,182.60000797454268,0.0,true
Duckling3D_MDBC_dp0.005,1,mdbc,baseline,7,175.0009978422895,0.0,true
Duckling3D_MDBC_dp0.005,1,mdbc,registers64,7,180.32349180430174,0.0,true
Duckling3D_MDBC_dp0.005,1,mdbc,threads64,7,193.4455067384988,0.0,true
Duckling3D_MDBC_dp0.005,1,mdbc,threads256,7,180.16800459008664,0.0,true
Duckling3D_MDBC_dp0.005,1,mdbc,reused_lu,7,206.48998906835914,0.0,true
Duckling3D_MDBC_dp0.005,1,mdbc,type_first,7,161.58899234142154,0.0,true
Duckling3D_MDBC_dp0.005,2,interaction,baseline,1,476.23549471609294,0.0,true
Duckling3D_MDBC_dp0.005,2,interaction,lazy_rows,1,498.4054830856621,0.0,true
Duckling3D_MDBC_dp0.005,2,interaction,registers64,1,479.8125009983778,0.0,true
Duckling3D_MDBC_dp0.005,2,interaction,threads64,1,485.50701467320323,0.0,true
Duckling3D_MDBC_dp0.005,2,interaction,threads256,1,485.28952174820006,0.0,true
Duckling3D_MDBC_dp0.005,2,interaction,threads256,2,484.6900119446218,0.0,true
Duckling3D_MDBC_dp0.005,2,interaction,threads64,2,478.74150914140046,0.0,true
Duckling3D_MDBC_dp0.005,2,interaction,registers64,2,536.2424999475479,0.0,true
Duckling3D_MDBC_dp0.005,2,interaction,lazy_rows,2,531.4205191098154,0.0,true
Duckling3D_MDBC_dp0.005,2,interaction,baseline,2,535.1064610294998,0.0,true
Duckling3D_MDBC_dp0.005,2,interaction,baseline,3,539.8449720814824,0.0,true
Duckling3D_MDBC_dp0.005,2,interaction,lazy_rows,3,532.0780328474939,0.0,true
Duckling3D_MDBC_dp0.005,2,interaction,registers64,3,535.3540182113647,0.0,true
Duckling3D_MDBC_dp0.005,2,interaction,threads64,3,530.4935039021075,0.0,true
Duckling3D_MDBC_dp0.005,2,interaction,threads256,3,503.0870088376105,0.0,true
Duckling3D_MDBC_dp0.005,2,interaction,threads256,4,488.4870140813291,0.0,true
Duckling3D_MDBC_dp0.005,2,interaction,threads64,4,487.4794976785779,0.0,true
Duckling3D_MDBC_dp0.005,2,interaction,registers64,4,550.4180444404483,0.0,true
Duckling3D_MDBC_dp0.005,2,interaction,lazy_rows,4,534.5569807104766,0.0,true
Duckling3D_MDBC_dp0.005,2,interaction,baseline,4,537.2070008888841,0.0,true
Duckling3D_MDBC_dp0.005,2,interaction,baseline,5,534.9689745344222,0.0,true
Duckling3D_MDBC_dp0.005,2,interaction,lazy_rows,5,542.2875401563942,0.0,true
Duckling3D_MDBC_dp0.005,2,interaction,registers64,5,532.8670376911759,0.0,true
Duckling3D_MDBC_dp0.005,2,interaction,threads64,5,541.0144804045558,0.0,true
Duckling3D_MDBC_dp0.005,2,interaction,threads256,5,494.9640133418143,0.0,true
Duckling3D_MDBC_dp0.005,2,interaction,threads256,6,490.26397755369544,0.0,true
Duckling3D_MDBC_dp0.005,2,interaction,threads64,6,481.4690037164837,0.0,true
Duckling3D_MDBC_dp0.005,2,interaction,registers64,6,478.34101133048534,0.0,true
Duckling3D_MDBC_dp0.005,2,interaction,lazy_rows,6,480.520015116781,0.0,true
Duckling3D_MDBC_dp0.005,2,interaction,baseline,6,478.80198690108955,0.0,true
Duckling3D_MDBC_dp0.005,2,interaction,baseline,7,491.9935017824173,0.0,true
Duckling3D_MDBC_dp0.005,2,interaction,lazy_rows,7,489.22101268544793,0.0,true
Duckling3D_MDBC_dp0.005,2,interaction,registers64,7,475.2374952659011,0.0,true
Duckling3D_MDBC_dp0.005,2,interaction,threads64,7,524.3539926595986,0.0,true
Duckling3D_MDBC_dp0.005,2,interaction,threads256,7,558.0959841609001,0.0,true
Duckling3D_MDBC_dp0.005,2,mdbc,baseline,1,153.8674987386912,0.0,true
Duckling3D_MDBC_dp0.005,2,mdbc,registers64,1,158.72649964876473,0.0,true
Duckling3D_MDBC_dp0.005,2,mdbc,threads64,1,165.17699987161905,0.0,true
Duckling3D_MDBC_dp0.005,2,mdbc,threads256,1,168.97800378501415,0.0,true
Duckling3D_MDBC_dp0.005,2,mdbc,reused_lu,1,165.4049992794171,0.0,true
Duckling3D_MDBC_dp0.005,2,mdbc,type_first,1,144.53299809247255,0.0,true
Duckling3D_MDBC_dp0.005,2,mdbc,type_first,2,147.80150377191603,0.0,true
Duckling3D_MDBC_dp0.005,2,mdbc,reused_lu,2,160.22799536585808,0.0,true
Duckling3D_MDBC_dp0.005,2,mdbc,threads256,2,163.04050222970545,0.0,true
Duckling3D_MDBC_dp0.005,2,mdbc,threads64,2,156.5704878885299,0.0,true
Duckling3D_MDBC_dp0.005,2,mdbc,registers64,2,139.10500274505466,0.0,true
Duckling3D_MDBC_dp0.005,2,mdbc,baseline,2,150.93649562913924,0.0,true
Duckling3D_MDBC_dp0.005,2,mdbc,baseline,3,145.1299904147163,0.0,true
Duckling3D_MDBC_dp0.005,2,mdbc,registers64,3,138.98700126446784,0.0,true
Duckling3D_MDBC_dp0.005,2,mdbc,threads64,3,148.57649512123317,0.0,true
Duckling3D_MDBC_dp0.005,2,mdbc,threads256,3,148.72150495648384,0.0,true
Duckling3D_MDBC_dp0.005,2,mdbc,reused_lu,3,160.93350131995976,0.0,true
Duckling3D_MDBC_dp0.005,2,mdbc,type_first,3,132.00449757277966,0.0,true
Duckling3D_MDBC_dp0.005,2,mdbc,type_first,4,136.99800183530897,0.0,true
Duckling3D_MDBC_dp0.005,2,mdbc,reused_lu,4,152.1279918961227,0.0,true
Duckling3D_MDBC_dp0.005,2,mdbc,threads256,4,153.5010087536648,0.0,true
Duckling3D_MDBC_dp0.005,2,mdbc,threads64,4,149.8119963798672,0.0,true
Duckling3D_MDBC_dp0.005,2,mdbc,registers64,4,145.1050047762692,0.0,true
Duckling3D_MDBC_dp0.005,2,mdbc,baseline,4,147.63300714548677,0.0,true
Duckling3D_MDBC_dp0.005,2,mdbc,baseline,5,140.9505057381466,0.0,true
Duckling3D_MDBC_dp0.005,2,mdbc,registers64,5,144.79950186796486,0.0,true
Duckling3D_MDBC_dp0.005,2,mdbc,threads64,5,144.65401181951165,0.0,true
Duckling3D_MDBC_dp0.005,2,mdbc,threads256,5,153.50949252024293,0.0,true
Duckling3D_MDBC_dp0.005,2,mdbc,reused_lu,5,157.77850057929754,0.0,true
Duckling3D_MDBC_dp0.005,2,mdbc,type_first,5,131.86299474909902,0.0,true
Duckling3D_MDBC_dp0.005,2,mdbc,type_first,6,137.02949217986315,0.0,true
Duckling3D_MDBC_dp0.005,2,mdbc,reused_lu,6,151.69300604611635,0.0,true
Duckling3D_MDBC_dp0.005,2,mdbc,threads256,6,155.78499005641788,0.0,true
Duckling3D_MDBC_dp0.005,2,mdbc,threads64,6,145.575002534315,0.0,true
Duckling3D_MDBC_dp0.005,2,mdbc,registers64,6,158.0809912411496,0.0,true
Duckling3D_MDBC_dp0.005,2,mdbc,baseline,6,147.82648941036314,0.0,true
Duckling3D_MDBC_dp0.005,2,mdbc,baseline,7,140.9090036759153,0.0,true
Duckling3D_MDBC_dp0.005,2,mdbc,registers64,7,144.94550123345107,0.0,true
Duckling3D_MDBC_dp0.005,2,mdbc,threads64,7,144.76649812422693,0.0,true
Duckling3D_MDBC_dp0.005,2,mdbc,threads256,7,157.3945046402514,0.0,true
Duckling3D_MDBC_dp0.005,2,mdbc,reused_lu,7,157.48399891890585,0.0,true
Duckling3D_MDBC_dp0.005,2,mdbc,type_first,7,132.8289945377037,0.0,true
