case,subdivision,variant,round,wall_s,loop_s,steps,final_time,exact_state,exact_output,max_scaled_difference
StillWedge2D_MDBC_dp0.02,1,baseline,1,0.0641649,0.0494569,1063,0.5003789,true,true,0.0
StillWedge2D_MDBC_dp0.02,1,candidate,1,0.0547376,0.0415048,1063,0.5003789,true,true,0.0
StillWedge2D_MDBC_dp0.02,1,baseline,2,0.0572489,0.0444571,1063,0.5003789,true,true,0.0
StillWedge2D_MDBC_dp0.02,1,candidate,2,0.0548394,0.0421097,1063,0.5003789,true,true,0.0
StillWedge2D_MDBC_dp0.02,1,baseline,3,0.0592256,0.0461687,1063,0.5003789,true,true,0.0
StillWedge2D_MDBC_dp0.02,1,candidate,3,0.0546959,0.042464,1063,0.5003789,true,true,0.0
StillWedge2D_MDBC_dp0.02,1,baseline,4,0.0568584,0.0443884,1063,0.5003789,true,true,0.0
StillWedge2D_MDBC_dp0.02,1,candidate,4,0.0551522,0.042484,1063,0.5003789,true,true,0.0
StillWedge2D_MDBC_dp0.02,1,baseline,5,0.0575412,0.0451922,1063,0.5003789,true,true,0.0
StillWedge2D_MDBC_dp0.02,1,candidate,5,0.0624396,0.0464672,1063,0.5003789,true,true,0.0
MovingSquare2D_dp0.02,1,baseline,1,0.6137981,0.4400928,2484,0.5000343,true,true,0.0
MovingSquare2D_dp0.02,1,candidate,1,0.6183763,0.4490335,2484,0.5000343,true,true,0.0
MovingSquare2D_dp0.02,1,baseline,2,0.6283846,0.4491622,2484,0.5000343,true,true,0.0
MovingSquare2D_dp0.02,1,candidate,2,0.6242505,0.4332134,2484,0.5000343,true,true,0.0
MovingSquare2D_dp0.02,1,baseline,3,0.6203351,0.4387777,2484,0.5000343,true,true,0.0
MovingSquare2D_dp0.02,1,candidate,3,0.6120697,0.4425169,2484,0.5000343,true,true,0.0
MovingSquare2D_dp0.02,1,baseline,4,0.6207171,0.4507804,2484,0.5000343,true,true,0.0
MovingSquare2D_dp0.02,1,candidate,4,0.6041152,0.4355862,2484,0.5000343,true,true,0.0
MovingSquare2D_dp0.02,1,baseline,5,0.6072403,0.4384143,2484,0.5000343,true,true,0.0
MovingSquare2D_dp0.02,1,candidate,5,0.6157293,0.4457078,2484,0.5000343,true,true,0.0
DamBreak3D_dp0.0085,1,baseline,1,7.0434236,6.7718601,3382,0.3000278,true,true,0.0
DamBreak3D_dp0.0085,1,candidate,1,6.7868115,6.4827302,3382,0.3000278,true,true,0.0
DamBreak3D_dp0.0085,1,baseline,2,7.033688,6.7630962,3382,0.3000278,true,true,0.0
DamBreak3D_dp0.0085,1,candidate,2,6.7706896,6.4998363,3382,0.3000278,true,true,0.0
DamBreak3D_dp0.0085,1,baseline,3,7.0550175,6.7656521,3382,0.3000278,true,true,0.0
DamBreak3D_dp0.0085,1,candidate,3,6.9543014,6.6530445,3382,0.3000278,true,true,0.0
DamBreak3D_dp0.0085,1,baseline,4,7.0647481,6.7796098,3382,0.3000278,true,true,0.0
DamBreak3D_dp0.0085,1,candidate,4,6.837198,6.5579941,3382,0.3000278,true,true,0.0
DamBreak3D_dp0.0085,1,baseline,5,7.1351121,6.7779141,3382,0.3000278,true,true,0.0
DamBreak3D_dp0.0085,1,candidate,5,6.8327133,6.5035254,3382,0.3000278,true,true,0.0
Duckling3D_MDBC_dp0.005,1,baseline,1,9.2457366,8.751602,4689,0.30002043,true,true,0.0
Duckling3D_MDBC_dp0.005,1,candidate,1,8.9565233,8.4982946,4689,0.30002043,true,true,0.0
Duckling3D_MDBC_dp0.005,1,baseline,2,9.2137055,8.7524671,4689,0.30002043,true,true,0.0
Duckling3D_MDBC_dp0.005,1,candidate,2,8.868296,8.4115933,4689,0.30002043,true,true,0.0
Duckling3D_MDBC_dp0.005,1,baseline,3,9.1604546,8.7704787,4689,0.30002043,true,true,0.0
Duckling3D_MDBC_dp0.005,1,candidate,3,8.8603972,8.3534039,4689,0.30002043,true,true,0.0
Duckling3D_MDBC_dp0.005,1,baseline,4,9.1490995,8.7474098,4689,0.30002043,true,true,0.0
Duckling3D_MDBC_dp0.005,1,candidate,4,8.8311914,8.4077292,4689,0.30002043,true,true,0.0
Duckling3D_MDBC_dp0.005,1,baseline,5,9.2311502,8.8210731,4689,0.30002043,true,true,0.0
Duckling3D_MDBC_dp0.005,1,candidate,5,8.7672884,8.3749892,4689,0.30002043,true,true,0.0
