"Idp","Vel:0","Vel:1","Vel:2","Rhop","Type","Mk","Points:0","Points:1","Points:2"
0,0,0,0,1000,0,10,0,0,0
1,0,0,0,1000,0,10,0,0,0.02
2,0,0,0,1000,0,10,0,0,0.04
3,0,0,0,1000,0,10,0,0,0.06
4,0,0,0,1000,0,10,0,0,0.08
5,0,0,0,1000,0,10,0,0,0.1
6,0,0,0,1000,0,10,0,0,0.12
7,0,0,0,1000,0,10,0,0,0.14
8,0,0,0,1000,0,10,0,0,0.16
9,0,0,0,1000,0,10,0,0,0.18
10,0,0,0,1000,0,10,0,0,0.2
11,0,0,0,1000,0,10,0,0,0.22
12,0,0,0,1000,0,10,0,0,0.24
13,0,0,0,1000,0,10,0,0,0.26
14,0,0,0,1000,0,10,0,0,0.28
15,0,0,0,1000,0,10,0,0,0.3
16,0,0,0,1000,0,10,0,0,0.32
17,0,0,0,1000,0,10,0,0,0.34
18,0,0,0,1000,0,10,0,0,0.36
19,0,0,0,1000,0,10,0,0,0.38
20,0,0,0,1000,0,10,0,0,0.4
21,0,0,0,1000,0,10,0,0,0.42
22,0,0,0,1000,0,10,0,0,0.44
23,0,0,0,1000,0,10,0,0,0.46
24,0,0,0,1000,0,10,0,0,0.48
25,0,0,0,1000,0,10,0,0,0.5
26,0,0,0,1000,0,10,0,0,0.52
27,0,0,0,1000,0,10,0,0,0.54
28,0,0,0,1000,0,10,0,0,0.56
29,0,0,0,1000,0,10,0,0,0.58
30,0,0,0,1000,0,10,0,0,0.6
31,0,0,0,1000,0,10,0,0,0.62
32,0,0,0,1000,0,10,0,0,0.64
33,0,0,0,1000,0,10,0,0,0.66
34,0,0,0,1000,0,10,0,0,0.68
35,0,0,0,1000,0,10,0,0,0.7
36,0,0,0,1000,0,10,0,0,0.72
37,0,0,0,1000,0,10,0,0,0.74
38,0,0,0,1000,0,10,0,0,0.76
39,0,0,0,1000,0,10,0,0,0.78
40,0,0,0,1000,0,10,0,0,0.8
41,0,0,0,1000,0,10,0,0,0.82
42,0,0,0,1000,0,10,0,0,0.84
43,0,0,0,1000,0,10,0,0,0.86
44,0,0,0,1000,0,10,0,0,0.88
45,0,0,0,1000,0,10,0,0,0.9
46,0,0,0,1000,0,10,0,0,0.92
47,0,0,0,1000,0,10,0,0,0.94
48,0,0,0,1000,0,10,0,0,0.96
49,0,0,0,1000,0,10,0,0,0.98
50,0,0,0,1000,0,10,0,0,1
51,0,0,0,1000,0,10,0,0,1.02
52,0,0,0,1000,0,10,0,0,1.04
53,0,0,0,1000,0,10,0,0,1.06
54,0,0,0,1000,0,10,0,0,1.08
55,0,0,0,1000,0,10,0,0,1.1
56,0,0,0,1000,0,10,0,0,1.12
57,0,0,0,1000,0,10,0,0,1.14
58,0,0,0,1000,0,10,0,0,1.16
59,0,0,0,1000,0,10,0,0,1.18
60,0,0,0,1000,0,10,0,0,1.2
61,0,0,0,1000,0,10,0,0,1.22
62,0,0,0,1000,0,10,0,0,1.24
63,0,0,0,1000,0,10,0,0,1.26
64,0,0,0,1000,0,10,0,0,1.28
65,0,0,0,1000,0,10,0,0,1.3
66,0,0,0,1000,0,10,0,0,1.32
67,0,0,0,1000,0,10,0,0,1.34
68,0,0,0,1000,0,10,0,0,1.36
69,0,0,0,1000,0,10,0,0,1.38
70,0,0,0,1000,0,10,0,0,1.4
71,0,0,0,1000,0,10,0,0,1.42
72,0,0,0,1000,0,10,0,0,1.44
73,0,0,0,1000,0,10,0,0,1.46
74,0,0,0,1000,0,10,0,0,1.48
75,0,0,0,1000,0,10,0,0,1.5
76,0,0,0,1000,0,10,0,0,1.52
77,0,0,0,1000,0,10,0,0,1.54
78,0,0,0,1000,0,10,0,0,1.56
79,0,0,0,1000,0,10,0,0,1.58
80,0,0,0,1000,0,10,0,0,1.6
81,0,0,0,1000,0,10,0,0,1.62
82,0,0,0,1000,0,10,0,0,1.64
83,0,0,0,1000,0,10,0,0,1.66
84,0,0,0,1000,0,10,0,0,1.68
85,0,0,0,1000,0,10,0,0,1.7
86,0,0,0,1000,0,10,0,0,1.72
87,0,0,0,1000,0,10,0,0,1.74
88,0,0,0,1000,0,10,0,0,1.76
89,0,0,0,1000,0,10,0,0,1.78
90,0,0,0,1000,0,10,0,0,1.8
91,0,0,0,1000,0,10,0,0,1.82
92,0,0,0,1000,0,10,0,0,1.84
93,0,0,0,1000,0,10,0,0,1.86
94,0,0,0,1000,0,10,0,0,1.88
95,0,0,0,1000,0,10,0,0,1.9
96,0,0,0,1000,0,10,0,0,1.92
97,0,0,0,1000,0,10,0,0,1.94
98,0,0,0,1000,0,10,0,0,1.96
99,0,0,0,1000,0,10,0,0,1.98
100,0,0,0,1000,0,10,0,0,2
101,0,0,0,1000,0,10,0,0,2.02
102,0,0,0,1000,0,10,0,0,2.04
103,0,0,0,1000,0,10,0,0,2.06
104,0,0,0,1000,0,10,0,0,2.08
105,0,0,0,1000,0,10,0,0,2.1
106,0,0,0,1000,0,10,0,0,2.12
107,0,0,0,1000,0,10,0,0,2.14
108,0,0,0,1000,0,10,0,0,2.16
109,0,0,0,1000,0,10,0,0,2.18
110,0,0,0,1000,0,10,0,0,2.2
111,0,0,0,1000,0,10,0,0,2.22
112,0,0,0,1000,0,10,0,0,2.24
113,0,0,0,1000,0,10,0,0,2.26
114,0,0,0,1000,0,10,0,0,2.28
115,0,0,0,1000,0,10,0,0,2.3
116,0,0,0,1000,0,10,0,0,2.32
117,0,0,0,1000,0,10,0,0,2.34
118,0,0,0,1000,0,10,0,0,2.36
119,0,0,0,1000,0,10,0,0,2.38
120,0,0,0,1000,0,10,0,0,2.4
121,0,0,0,1000,0,10,0,0,2.42
122,0,0,0,1000,0,10,0,0,2.44
123,0,0,0,1000,0,10,0,0,2.46
124,0,0,0,1000,0,10,0,0,2.48
125,0,0,0,1000,0,10,0,0,2.5
126,0,0,0,1000,0,10,0,0,2.52
127,0,0,0,1000,0,10,0,0,2.54
128,0,0,0,1000,0,10,0,0,2.56
129,0,0,0,1000,0,10,0,0,2.58
130,0,0,0,1000,0,10,0,0,2.6
131,0,0,0,1000,0,10,0,0,2.62
132,0,0,0,1000,0,10,0,0,2.64
133,0,0,0,1000,0,10,0,0,2.66
134,0,0,0,1000,0,10,0,0,2.68
135,0,0,0,1000,0,10,0,0,2.7
136,0,0,0,1000,0,10,0,0,2.72
137,0,0,0,1000,0,10,0,0,2.74
138,0,0,0,1000,0,10,0,0,2.76
139,0,0,0,1000,0,10,0,0,2.78
140,0,0,0,1000,0,10,0,0,2.8
141,0,0,0,1000,0,10,0,0,2.82
142,0,0,0,1000,0,10,0,0,2.84
143,0,0,0,1000,0,10,0,0,2.86
144,0,0,0,1000,0,10,0,0,2.88
145,0,0,0,1000,0,10,0,0,2.9
146,0,0,0,1000,0,10,0,0,2.92
147,0,0,0,1000,0,10,0,0,2.94
148,0,0,0,1000,0,10,0,0,2.96
149,0,0,0,1000,0,10,0,0,2.98
150,0,0,0,1000,0,10,0,0,3
151,0,0,0,1000,0,10,0.02,0,0
152,0,0,0,1000,0,10,0.02,0,0.02
153,0,0,0,1000,0,10,0.02,0,0.04
154,0,0,0,1000,0,10,0.02,0,0.06
155,0,0,0,1000,0,10,0.02,0,0.08
156,0,0,0,1000,0,10,0.02,0,0.1
157,0,0,0,1000,0,10,0.02,0,0.12
158,0,0,0,1000,0,10,0.02,0,0.14
159,0,0,0,1000,0,10,0.02,0,0.16
160,0,0,0,1000,0,10,0.02,0,0.18
161,0,0,0,1000,0,10,0.02,0,0.2
162,0,0,0,1000,0,10,0.02,0,0.22
163,0,0,0,1000,0,10,0.02,0,0.24
164,0,0,0,1000,0,10,0.02,0,0.26
165,0,0,0,1000,0,10,0.02,0,0.28
166,0,0,0,1000,0,10,0.02,0,0.3
167,0,0,0,1000,0,10,0.02,0,0.32
168,0,0,0,1000,0,10,0.02,0,0.34
169,0,0,0,1000,0,10,0.02,0,0.36
170,0,0,0,1000,0,10,0.02,0,0.38
171,0,0,0,1000,0,10,0.02,0,0.4
172,0,0,0,1000,0,10,0.02,0,0.42
173,0,0,0,1000,0,10,0.02,0,0.44
174,0,0,0,1000,0,10,0.02,0,0.46
175,0,0,0,1000,0,10,0.02,0,0.48
176,0,0,0,1000,0,10,0.02,0,0.5
177,0,0,0,1000,0,10,0.02,0,0.52
178,0,0,0,1000,0,10,0.02,0,0.54
179,0,0,0,1000,0,10,0.02,0,0.56
180,0,0,0,1000,0,10,0.02,0,0.58
181,0,0,0,1000,0,10,0.02,0,0.6
182,0,0,0,1000,0,10,0.02,0,0.62
183,0,0,0,1000,0,10,0.02,0,0.64
184,0,0,0,1000,0,10,0.02,0,0.66
185,0,0,0,1000,0,10,0.02,0,0.68
186,0,0,0,1000,0,10,0.02,0,0.7
187,0,0,0,1000,0,10,0.02,0,0.72
188,0,0,0,1000,0,10,0.02,0,0.74
189,0,0,0,1000,0,10,0.02,0,0.76
190,0,0,0,1000,0,10,0.02,0,0.78
191,0,0,0,1000,0,10,0.02,0,0.8
192,0,0,0,1000,0,10,0.02,0,0.82
193,0,0,0,1000,0,10,0.02,0,0.84
194,0,0,0,1000,0,10,0.02,0,0.86
195,0,0,0,1000,0,10,0.02,0,0.88
196,0,0,0,1000,0,10,0.02,0,0.9
197,0,0,0,1000,0,10,0.02,0,0.92
198,0,0,0,1000,0,10,0.02,0,0.94
199,0,0,0,1000,0,10,0.02,0,0.96
200,0,0,0,1000,0,10,0.02,0,0.98
201,0,0,0,1000,0,10,0.02,0,1
202,0,0,0,1000,0,10,0.02,0,1.02
203,0,0,0,1000,0,10,0.02,0,1.04
204,0,0,0,1000,0,10,0.02,0,1.06
205,0,0,0,1000,0,10,0.02,0,1.08
206,0,0,0,1000,0,10,0.02,0,1.1
207,0,0,0,1000,0,10,0.02,0,1.12
208,0,0,0,1000,0,10,0.02,0,1.14
209,0,0,0,1000,0,10,0.02,0,1.16
210,0,0,0,1000,0,10,0.02,0,1.18
211,0,0,0,1000,0,10,0.02,0,1.2
212,0,0,0,1000,0,10,0.02,0,1.22
213,0,0,0,1000,0,10,0.02,0,1.24
214,0,0,0,1000,0,10,0.02,0,1.26
215,0,0,0,1000,0,10,0.02,0,1.28
216,0,0,0,1000,0,10,0.02,0,1.3
217,0,0,0,1000,0,10,0.02,0,1.32
218,0,0,0,1000,0,10,0.02,0,1.34
219,0,0,0,1000,0,10,0.02,0,1.36
220,0,0,0,1000,0,10,0.02,0,1.38
221,0,0,0,1000,0,10,0.02,0,1.4
222,0,0,0,1000,0,10,0.02,0,1.42
223,0,0,0,1000,0,10,0.02,0,1.44
224,0,0,0,1000,0,10,0.02,0,1.46
225,0,0,0,1000,0,10,0.02,0,1.48
226,0,0,0,1000,0,10,0.02,0,1.5
227,0,0,0,1000,0,10,0.02,0,1.52
228,0,0,0,1000,0,10,0.02,0,1.54
229,0,0,0,1000,0,10,0.02,0,1.56
230,0,0,0,1000,0,10,0.02,0,1.58
231,0,0,0,1000,0,10,0.02,0,1.6
232,0,0,0,1000,0,10,0.02,0,1.62
233,0,0,0,1000,0,10,0.02,0,1.64
234,0,0,0,1000,0,10,0.02,0,1.66
235,0,0,0,1000,0,10,0.02,0,1.68
236,0,0,0,1000,0,10,0.02,0,1.7
237,0,0,0,1000,0,10,0.02,0,1.72
238,0,0,0,1000,0,10,0.02,0,1.74
239,0,0,0,1000,0,10,0.02,0,1.76
240,0,0,0,1000,0,10,0.02,0,1.78
241,0,0,0,1000,0,10,0.02,0,1.8
242,0,0,0,1000,0,10,0.02,0,1.82
243,0,0,0,1000,0,10,0.02,0,1.84
244,0,0,0,1000,0,10,0.02,0,1.86
245,0,0,0,1000,0,10,0.02,0,1.88
246,0,0,0,1000,0,10,0.02,0,1.9
247,0,0,0,1000,0,10,0.02,0,1.92
248,0,0,0,1000,0,10,0.02,0,1.94
249,0,0,0,1000,0,10,0.02,0,1.96
250,0,0,0,1000,0,10,0.02,0,1.98
251,0,0,0,1000,0,10,0.02,0,2
252,0,0,0,1000,0,10,0.02,0,2.02
253,0,0,0,1000,0,10,0.02,0,2.04
254,0,0,0,1000,0,10,0.02,0,2.06
255,0,0,0,1000,0,10,0.02,0,2.08
256,0,0,0,1000,0,10,0.02,0,2.1
257,0,0,0,1000,0,10,0.02,0,2.12
258,0,0,0,1000,0,10,0.02,0,2.14
259,0,0,0,1000,0,10,0.02,0,2.16
260,0,0,0,1000,0,10,0.02,0,2.18
261,0,0,0,1000,0,10,0.02,0,2.2
262,0,0,0,1000,0,10,0.02,0,2.22
263,0,0,0,1000,0,10,0.02,0,2.24
264,0,0,0,1000,0,10,0.02,0,2.26
265,0,0,0,1000,0,10,0.02,0,2.28
266,0,0,0,1000,0,10,0.02,0,2.3
267,0,0,0,1000,0,10,0.02,0,2.32
268,0,0,0,1000,0,10,0.02,0,2.34
269,0,0,0,1000,0,10,0.02,0,2.36
270,0,0,0,1000,0,10,0.02,0,2.38
271,0,0,0,1000,0,10,0.02,0,2.4
272,0,0,0,1000,0,10,0.02,0,2.42
273,0,0,0,1000,0,10,0.02,0,2.44
274,0,0,0,1000,0,10,0.02,0,2.46
275,0,0,0,1000,0,10,0.02,0,2.48
276,0,0,0,1000,0,10,0.02,0,2.5
277,0,0,0,1000,0,10,0.02,0,2.52
278,0,0,0,1000,0,10,0.02,0,2.54
279,0,0,0,1000,0,10,0.02,0,2.56
280,0,0,0,1000,0,10,0.02,0,2.58
281,0,0,0,1000,0,10,0.02,0,2.6
282,0,0,0,1000,0,10,0.02,0,2.62
283,0,0,0,1000,0,10,0.02,0,2.64
284,0,0,0,1000,0,10,0.02,0,2.66
285,0,0,0,1000,0,10,0.02,0,2.68
286,0,0,0,1000,0,10,0.02,0,2.7
287,0,0,0,1000,0,10,0.02,0,2.72
288,0,0,0,1000,0,10,0.02,0,2.74
289,0,0,0,1000,0,10,0.02,0,2.76
290,0,0,0,1000,0,10,0.02,0,2.78
291,0,0,0,1000,0,10,0.02,0,2.8
292,0,0,0,1000,0,10,0.02,0,2.82
293,0,0,0,1000,0,10,0.02,0,2.84
294,0,0,0,1000,0,10,0.02,0,2.86
295,0,0,0,1000,0,10,0.02,0,2.88
296,0,0,0,1000,0,10,0.02,0,2.9
297,0,0,0,1000,0,10,0.02,0,2.92
298,0,0,0,1000,0,10,0.02,0,2.94
299,0,0,0,1000,0,10,0.02,0,2.96
300,0,0,0,1000,0,10,0.02,0,2.98
301,0,0,0,1000,0,10,0.02,0,3
302,0,0,0,1000,0,10,0.04,0,0
303,0,0,0,1000,0,10,0.04,0,0.02
304,0,0,0,1000,0,10,0.04,0,0.04
305,0,0,0,1000,0,10,0.04,0,0.06
306,0,0,0,1000,0,10,0.04,0,0.08
307,0,0,0,1000,0,10,0.04,0,0.1
308,0,0,0,1000,0,10,0.04,0,0.12
309,0,0,0,1000,0,10,0.04,0,0.14
310,0,0,0,1000,0,10,0.04,0,0.16
311,0,0,0,1000,0,10,0.04,0,0.18
312,0,0,0,1000,0,10,0.04,0,0.2
313,0,0,0,1000,0,10,0.04,0,0.22
314,0,0,0,1000,0,10,0.04,0,0.24
315,0,0,0,1000,0,10,0.04,0,0.26
316,0,0,0,1000,0,10,0.04,0,0.28
317,0,0,0,1000,0,10,0.04,0,0.3
318,0,0,0,1000,0,10,0.04,0,0.32
319,0,0,0,1000,0,10,0.04,0,0.34
320,0,0,0,1000,0,10,0.04,0,0.36
321,0,0,0,1000,0,10,0.04,0,0.38
322,0,0,0,1000,0,10,0.04,0,0.4
323,0,0,0,1000,0,10,0.04,0,0.42
324,0,0,0,1000,0,10,0.04,0,0.44
325,0,0,0,1000,0,10,0.04,0,0.46
326,0,0,0,1000,0,10,0.04,0,0.48
327,0,0,0,1000,0,10,0.04,0,0.5
328,0,0,0,1000,0,10,0.04,0,0.52
329,0,0,0,1000,0,10,0.04,0,0.54
330,0,0,0,1000,0,10,0.04,0,0.56
331,0,0,0,1000,0,10,0.04,0,0.58
332,0,0,0,1000,0,10,0.04,0,0.6
333,0,0,0,1000,0,10,0.04,0,0.62
334,0,0,0,1000,0,10,0.04,0,0.64
335,0,0,0,1000,0,10,0.04,0,0.66
336,0,0,0,1000,0,10,0.04,0,0.68
337,0,0,0,1000,0,10,0.04,0,0.7
338,0,0,0,1000,0,10,0.04,0,0.72
339,0,0,0,1000,0,10,0.04,0,0.74
340,0,0,0,1000,0,10,0.04,0,0.76
341,0,0,0,1000,0,10,0.04,0,0.78
342,0,0,0,1000,0,10,0.04,0,0.8
343,0,0,0,1000,0,10,0.04,0,0.82
344,0,0,0,1000,0,10,0.04,0,0.84
345,0,0,0,1000,0,10,0.04,0,0.86
346,0,0,0,1000,0,10,0.04,0,0.88
347,0,0,0,1000,0,10,0.04,0,0.9
348,0,0,0,1000,0,10,0.04,0,0.92
349,0,0,0,1000,0,10,0.04,0,0.94
350,0,0,0,1000,0,10,0.04,0,0.96
351,0,0,0,1000,0,10,0.04,0,0.98
352,0,0,0,1000,0,10,0.04,0,1
353,0,0,0,1000,0,10,0.04,0,1.02
354,0,0,0,1000,0,10,0.04,0,1.04
355,0,0,0,1000,0,10,0.04,0,1.06
356,0,0,0,1000,0,10,0.04,0,1.08
357,0,0,0,1000,0,10,0.04,0,1.1
358,0,0,0,1000,0,10,0.04,0,1.12
359,0,0,0,1000,0,10,0.04,0,1.14
360,0,0,0,1000,0,10,0.04,0,1.16
361,0,0,0,1000,0,10,0.04,0,1.18
362,0,0,0,1000,0,10,0.04,0,1.2
363,0,0,0,1000,0,10,0.04,0,1.22
364,0,0,0,1000,0,10,0.04,0,1.24
365,0,0,0,1000,0,10,0.04,0,1.26
366,0,0,0,1000,0,10,0.04,0,1.28
367,0,0,0,1000,0,10,0.04,0,1.3
368,0,0,0,1000,0,10,0.04,0,1.32
369,0,0,0,1000,0,10,0.04,0,1.34
370,0,0,0,1000,0,10,0.04,0,1.36
371,0,0,0,1000,0,10,0.04,0,1.38
372,0,0,0,1000,0,10,0.04,0,1.4
373,0,0,0,1000,0,10,0.04,0,1.42
374,0,0,0,1000,0,10,0.04,0,1.44
375,0,0,0,1000,0,10,0.04,0,1.46
376,0,0,0,1000,0,10,0.04,0,1.48
377,0,0,0,1000,0,10,0.04,0,1.5
378,0,0,0,1000,0,10,0.04,0,1.52
379,0,0,0,1000,0,10,0.04,0,1.54
380,0,0,0,1000,0,10,0.04,0,1.56
381,0,0,0,1000,0,10,0.04,0,1.58
382,0,0,0,1000,0,10,0.04,0,1.6
383,0,0,0,1000,0,10,0.04,0,1.62
384,0,0,0,1000,0,10,0.04,0,1.64
385,0,0,0,1000,0,10,0.04,0,1.66
386,0,0,0,1000,0,10,0.04,0,1.68
387,0,0,0,1000,0,10,0.04,0,1.7
388,0,0,0,1000,0,10,0.04,0,1.72
389,0,0,0,1000,0,10,0.04,0,1.74
390,0,0,0,1000,0,10,0.04,0,1.76
391,0,0,0,1000,0,10,0.04,0,1.78
392,0,0,0,1000,0,10,0.04,0,1.8
393,0,0,0,1000,0,10,0.04,0,1.82
394,0,0,0,1000,0,10,0.04,0,1.84
395,0,0,0,1000,0,10,0.04,0,1.86
396,0,0,0,1000,0,10,0.04,0,1.88
397,0,0,0,1000,0,10,0.04,0,1.9
398,0,0,0,1000,0,10,0.04,0,1.92
399,0,0,0,1000,0,10,0.04,0,1.94
400,0,0,0,1000,0,10,0.04,0,1.96
401,0,0,0,1000,0,10,0.04,0,1.98
402,0,0,0,1000,0,10,0.04,0,2
403,0,0,0,1000,0,10,0.04,0,2.02
404,0,0,0,1000,0,10,0.04,0,2.04
405,0,0,0,1000,0,10,0.04,0,2.06
406,0,0,0,1000,0,10,0.04,0,2.08
407,0,0,0,1000,0,10,0.04,0,2.1
408,0,0,0,1000,0,10,0.04,0,2.12
409,0,0,0,1000,0,10,0.04,0,2.14
410,0,0,0,1000,0,10,0.04,0,2.16
411,0,0,0,1000,0,10,0.04,0,2.18
412,0,0,0,1000,0,10,0.04,0,2.2
413,0,0,0,1000,0,10,0.04,0,2.22
414,0,0,0,1000,0,10,0.04,0,2.24
415,0,0,0,1000,0,10,0.04,0,2.26
416,0,0,0,1000,0,10,0.04,0,2.28
417,0,0,0,1000,0,10,0.04,0,2.3
418,0,0,0,1000,0,10,0.04,0,2.32
419,0,0,0,1000,0,10,0.04,0,2.34
420,0,0,0,1000,0,10,0.04,0,2.36
421,0,0,0,1000,0,10,0.04,0,2.38
422,0,0,0,1000,0,10,0.04,0,2.4
423,0,0,0,1000,0,10,0.04,0,2.42
424,0,0,0,1000,0,10,0.04,0,2.44
425,0,0,0,1000,0,10,0.04,0,2.46
426,0,0,0,1000,0,10,0.04,0,2.48
427,0,0,0,1000,0,10,0.04,0,2.5
428,0,0,0,1000,0,10,0.04,0,2.52
429,0,0,0,1000,0,10,0.04,0,2.54
430,0,0,0,1000,0,10,0.04,0,2.56
431,0,0,0,1000,0,10,0.04,0,2.58
432,0,0,0,1000,0,10,0.04,0,2.6
433,0,0,0,1000,0,10,0.04,0,2.62
434,0,0,0,1000,0,10,0.04,0,2.64
435,0,0,0,1000,0,10,0.04,0,2.66
436,0,0,0,1000,0,10,0.04,0,2.68
437,0,0,0,1000,0,10,0.04,0,2.7
438,0,0,0,1000,0,10,0.04,0,2.72
439,0,0,0,1000,0,10,0.04,0,2.74
440,0,0,0,1000,0,10,0.04,0,2.76
441,0,0,0,1000,0,10,0.04,0,2.78
442,0,0,0,1000,0,10,0.04,0,2.8
443,0,0,0,1000,0,10,0.04,0,2.82
444,0,0,0,1000,0,10,0.04,0,2.84
445,0,0,0,1000,0,10,0.04,0,2.86
446,0,0,0,1000,0,10,0.04,0,2.88
447,0,0,0,1000,0,10,0.04,0,2.9
448,0,0,0,1000,0,10,0.04,0,2.92
449,0,0,0,1000,0,10,0.04,0,2.94
450,0,0,0,1000,0,10,0.04,0,2.96
451,0,0,0,1000,0,10,0.04,0,2.98
452,0,0,0,1000,0,10,0.04,0,3
453,0,0,0,1000,0,10,0.06,0,0
454,0,0,0,1000,0,10,0.06,0,0.02
455,0,0,0,1000,0,10,0.06,0,0.04
456,0,0,0,1000,0,10,0.06,0,0.06
457,0,0,0,1000,0,10,0.06,0,0.08
458,0,0,0,1000,0,10,0.06,0,0.1
459,0,0,0,1000,0,10,0.06,0,0.12
460,0,0,0,1000,0,10,0.06,0,0.14
461,0,0,0,1000,0,10,0.06,0,0.16
462,0,0,0,1000,0,10,0.06,0,0.18
463,0,0,0,1000,0,10,0.06,0,0.2
464,0,0,0,1000,0,10,0.06,0,0.22
465,0,0,0,1000,0,10,0.06,0,0.24
466,0,0,0,1000,0,10,0.06,0,0.26
467,0,0,0,1000,0,10,0.06,0,0.28
468,0,0,0,1000,0,10,0.06,0,0.3
469,0,0,0,1000,0,10,0.06,0,0.32
470,0,0,0,1000,0,10,0.06,0,0.34
471,0,0,0,1000,0,10,0.06,0,0.36
472,0,0,0,1000,0,10,0.06,0,0.38
473,0,0,0,1000,0,10,0.06,0,0.4
474,0,0,0,1000,0,10,0.06,0,0.42
475,0,0,0,1000,0,10,0.06,0,0.44
476,0,0,0,1000,0,10,0.06,0,0.46
477,0,0,0,1000,0,10,0.06,0,0.48
478,0,0,0,1000,0,10,0.06,0,0.5
479,0,0,0,1000,0,10,0.06,0,0.52
480,0,0,0,1000,0,10,0.06,0,0.54
481,0,0,0,1000,0,10,0.06,0,0.56
482,0,0,0,1000,0,10,0.06,0,0.58
483,0,0,0,1000,0,10,0.06,0,0.6
484,0,0,0,1000,0,10,0.06,0,0.62
485,0,0,0,1000,0,10,0.06,0,0.64
486,0,0,0,1000,0,10,0.06,0,0.66
487,0,0,0,1000,0,10,0.06,0,0.68
488,0,0,0,1000,0,10,0.06,0,0.7
489,0,0,0,1000,0,10,0.06,0,0.72
490,0,0,0,1000,0,10,0.06,0,0.74
491,0,0,0,1000,0,10,0.06,0,0.76
492,0,0,0,1000,0,10,0.06,0,0.78
493,0,0,0,1000,0,10,0.06,0,0.8
494,0,0,0,1000,0,10,0.06,0,0.82
495,0,0,0,1000,0,10,0.06,0,0.84
496,0,0,0,1000,0,10,0.06,0,0.86
497,0,0,0,1000,0,10,0.06,0,0.88
498,0,0,0,1000,0,10,0.06,0,0.9
499,0,0,0,1000,0,10,0.06,0,0.92
500,0,0,0,1000,0,10,0.06,0,0.94
501,0,0,0,1000,0,10,0.06,0,0.96
502,0,0,0,1000,0,10,0.06,0,0.98
503,0,0,0,1000,0,10,0.06,0,1
504,0,0,0,1000,0,10,0.06,0,1.02
505,0,0,0,1000,0,10,0.06,0,1.04
506,0,0,0,1000,0,10,0.06,0,1.06
507,0,0,0,1000,0,10,0.06,0,1.08
508,0,0,0,1000,0,10,0.06,0,1.1
509,0,0,0,1000,0,10,0.06,0,1.12
510,0,0,0,1000,0,10,0.06,0,1.14
511,0,0,0,1000,0,10,0.06,0,1.16
512,0,0,0,1000,0,10,0.06,0,1.18
513,0,0,0,1000,0,10,0.06,0,1.2
514,0,0,0,1000,0,10,0.06,0,1.22
515,0,0,0,1000,0,10,0.06,0,1.24
516,0,0,0,1000,0,10,0.06,0,1.26
517,0,0,0,1000,0,10,0.06,0,1.28
518,0,0,0,1000,0,10,0.06,0,1.3
519,0,0,0,1000,0,10,0.06,0,1.32
520,0,0,0,1000,0,10,0.06,0,1.34
521,0,0,0,1000,0,10,0.06,0,1.36
522,0,0,0,1000,0,10,0.06,0,1.38
523,0,0,0,1000,0,10,0.06,0,1.4
524,0,0,0,1000,0,10,0.06,0,1.42
525,0,0,0,1000,0,10,0.06,0,1.44
526,0,0,0,1000,0,10,0.06,0,1.46
527,0,0,0,1000,0,10,0.06,0,1.48
528,0,0,0,1000,0,10,0.06,0,1.5
529,0,0,0,1000,0,10,0.06,0,1.52
530,0,0,0,1000,0,10,0.06,0,1.54
531,0,0,0,1000,0,10,0.06,0,1.56
532,0,0,0,1000,0,10,0.06,0,1.58
533,0,0,0,1000,0,10,0.06,0,1.6
534,0,0,0,1000,0,10,0.06,0,1.62
535,0,0,0,1000,0,10,0.06,0,1.64
536,0,0,0,1000,0,10,0.06,0,1.66
537,0,0,0,1000,0,10,0.06,0,1.68
538,0,0,0,1000,0,10,0.06,0,1.7
539,0,0,0,1000,0,10,0.06,0,1.72
540,0,0,0,1000,0,10,0.06,0,1.74
541,0,0,0,1000,0,10,0.06,0,1.76
542,0,0,0,1000,0,10,0.06,0,1.78
543,0,0,0,1000,0,10,0.06,0,1.8
544,0,0,0,1000,0,10,0.06,0,1.82
545,0,0,0,1000,0,10,0.06,0,1.84
546,0,0,0,1000,0,10,0.06,0,1.86
547,0,0,0,1000,0,10,0.06,0,1.88
548,0,0,0,1000,0,10,0.06,0,1.9
549,0,0,0,1000,0,10,0.06,0,1.92
550,0,0,0,1000,0,10,0.06,0,1.94
551,0,0,0,1000,0,10,0.06,0,1.96
552,0,0,0,1000,0,10,0.06,0,1.98
553,0,0,0,1000,0,10,0.06,0,2
554,0,0,0,1000,0,10,0.06,0,2.02
555,0,0,0,1000,0,10,0.06,0,2.04
556,0,0,0,1000,0,10,0.06,0,2.06
557,0,0,0,1000,0,10,0.06,0,2.08
558,0,0,0,1000,0,10,0.06,0,2.1
559,0,0,0,1000,0,10,0.06,0,2.12
560,0,0,0,1000,0,10,0.06,0,2.14
561,0,0,0,1000,0,10,0.06,0,2.16
562,0,0,0,1000,0,10,0.06,0,2.18
563,0,0,0,1000,0,10,0.06,0,2.2
564,0,0,0,1000,0,10,0.06,0,2.22
565,0,0,0,1000,0,10,0.06,0,2.24
566,0,0,0,1000,0,10,0.06,0,2.26
567,0,0,0,1000,0,10,0.06,0,2.28
568,0,0,0,1000,0,10,0.06,0,2.3
569,0,0,0,1000,0,10,0.06,0,2.32
570,0,0,0,1000,0,10,0.06,0,2.34
571,0,0,0,1000,0,10,0.06,0,2.36
572,0,0,0,1000,0,10,0.06,0,2.38
573,0,0,0,1000,0,10,0.06,0,2.4
574,0,0,0,1000,0,10,0.06,0,2.42
575,0,0,0,1000,0,10,0.06,0,2.44
576,0,0,0,1000,0,10,0.06,0,2.46
577,0,0,0,1000,0,10,0.06,0,2.48
578,0,0,0,1000,0,10,0.06,0,2.5
579,0,0,0,1000,0,10,0.06,0,2.52
580,0,0,0,1000,0,10,0.06,0,2.54
581,0,0,0,1000,0,10,0.06,0,2.56
582,0,0,0,1000,0,10,0.06,0,2.58
583,0,0,0,1000,0,10,0.06,0,2.6
584,0,0,0,1000,0,10,0.06,0,2.62
585,0,0,0,1000,0,10,0.06,0,2.64
586,0,0,0,1000,0,10,0.06,0,2.66
587,0,0,0,1000,0,10,0.06,0,2.68
588,0,0,0,1000,0,10,0.06,0,2.7
589,0,0,0,1000,0,10,0.06,0,2.72
590,0,0,0,1000,0,10,0.06,0,2.74
591,0,0,0,1000,0,10,0.06,0,2.76
592,0,0,0,1000,0,10,0.06,0,2.78
593,0,0,0,1000,0,10,0.06,0,2.8
594,0,0,0,1000,0,10,0.06,0,2.82
595,0,0,0,1000,0,10,0.06,0,2.84
596,0,0,0,1000,0,10,0.06,0,2.86
597,0,0,0,1000,0,10,0.06,0,2.88
598,0,0,0,1000,0,10,0.06,0,2.9
599,0,0,0,1000,0,10,0.06,0,2.92
600,0,0,0,1000,0,10,0.06,0,2.94
601,0,0,0,1000,0,10,0.06,0,2.96
602,0,0,0,1000,0,10,0.06,0,2.98
603,0,0,0,1000,0,10,0.06,0,3
604,0,0,0,1000,0,10,0.08,0,0
605,0,0,0,1000,0,10,0.08,0,0.02
606,0,0,0,1000,0,10,0.08,0,0.04
607,0,0,0,1000,0,10,0.08,0,0.06
608,0,0,0,1000,0,10,0.08,0,0.08
609,0,0,0,1000,0,10,0.08,0,0.1
610,0,0,0,1000,0,10,0.08,0,0.12
611,0,0,0,1000,0,10,0.08,0,0.14
612,0,0,0,1000,0,10,0.08,0,0.16
613,0,0,0,1000,0,10,0.08,0,0.18
614,0,0,0,1000,0,10,0.08,0,0.2
615,0,0,0,1000,0,10,0.08,0,0.22
616,0,0,0,1000,0,10,0.08,0,0.24
617,0,0,0,1000,0,10,0.08,0,0.26
618,0,0,0,1000,0,10,0.08,0,0.28
619,0,0,0,1000,0,10,0.08,0,0.3
620,0,0,0,1000,0,10,0.08,0,0.32
621,0,0,0,1000,0,10,0.08,0,0.34
622,0,0,0,1000,0,10,0.08,0,0.36
623,0,0,0,1000,0,10,0.08,0,0.38
624,0,0,0,1000,0,10,0.08,0,0.4
625,0,0,0,1000,0,10,0.08,0,0.42
626,0,0,0,1000,0,10,0.08,0,0.44
627,0,0,0,1000,0,10,0.08,0,0.46
628,0,0,0,1000,0,10,0.08,0,0.48
629,0,0,0,1000,0,10,0.08,0,0.5
630,0,0,0,1000,0,10,0.08,0,0.52
631,0,0,0,1000,0,10,0.08,0,0.54
632,0,0,0,1000,0,10,0.08,0,0.56
633,0,0,0,1000,0,10,0.08,0,0.58
634,0,0,0,1000,0,10,0.08,0,0.6
635,0,0,0,1000,0,10,0.08,0,0.62
636,0,0,0,1000,0,10,0.08,0,0.64
637,0,0,0,1000,0,10,0.08,0,0.66
638,0,0,0,1000,0,10,0.08,0,0.68
639,0,0,0,1000,0,10,0.08,0,0.7
640,0,0,0,1000,0,10,0.08,0,0.72
641,0,0,0,1000,0,10,0.08,0,0.74
642,0,0,0,1000,0,10,0.08,0,0.76
643,0,0,0,1000,0,10,0.08,0,0.78
644,0,0,0,1000,0,10,0.08,0,0.8
645,0,0,0,1000,0,10,0.08,0,0.82
646,0,0,0,1000,0,10,0.08,0,0.84
647,0,0,0,1000,0,10,0.08,0,0.86
648,0,0,0,1000,0,10,0.08,0,0.88
649,0,0,0,1000,0,10,0.08,0,0.9
650,0,0,0,1000,0,10,0.08,0,0.92
651,0,0,0,1000,0,10,0.08,0,0.94
652,0,0,0,1000,0,10,0.08,0,0.96
653,0,0,0,1000,0,10,0.08,0,0.98
654,0,0,0,1000,0,10,0.08,0,1
655,0,0,0,1000,0,10,0.08,0,1.02
656,0,0,0,1000,0,10,0.08,0,1.04
657,0,0,0,1000,0,10,0.08,0,1.06
658,0,0,0,1000,0,10,0.08,0,1.08
659,0,0,0,1000,0,10,0.08,0,1.1
660,0,0,0,1000,0,10,0.08,0,1.12
661,0,0,0,1000,0,10,0.08,0,1.14
662,0,0,0,1000,0,10,0.08,0,1.16
663,0,0,0,1000,0,10,0.08,0,1.18
664,0,0,0,1000,0,10,0.08,0,1.2
665,0,0,0,1000,0,10,0.08,0,1.22
666,0,0,0,1000,0,10,0.08,0,1.24
667,0,0,0,1000,0,10,0.08,0,1.26
668,0,0,0,1000,0,10,0.08,0,1.28
669,0,0,0,1000,0,10,0.08,0,1.3
670,0,0,0,1000,0,10,0.08,0,1.32
671,0,0,0,1000,0,10,0.08,0,1.34
672,0,0,0,1000,0,10,0.08,0,1.36
673,0,0,0,1000,0,10,0.08,0,1.38
674,0,0,0,1000,0,10,0.08,0,1.4
675,0,0,0,1000,0,10,0.08,0,1.42
676,0,0,0,1000,0,10,0.08,0,1.44
677,0,0,0,1000,0,10,0.08,0,1.46
678,0,0,0,1000,0,10,0.08,0,1.48
679,0,0,0,1000,0,10,0.08,0,1.5
680,0,0,0,1000,0,10,0.08,0,1.52
681,0,0,0,1000,0,10,0.08,0,1.54
682,0,0,0,1000,0,10,0.08,0,1.56
683,0,0,0,1000,0,10,0.08,0,1.58
684,0,0,0,1000,0,10,0.08,0,1.6
685,0,0,0,1000,0,10,0.08,0,1.62
686,0,0,0,1000,0,10,0.08,0,1.64
687,0,0,0,1000,0,10,0.08,0,1.66
688,0,0,0,1000,0,10,0.08,0,1.68
689,0,0,0,1000,0,10,0.08,0,1.7
690,0,0,0,1000,0,10,0.08,0,1.72
691,0,0,0,1000,0,10,0.08,0,1.74
692,0,0,0,1000,0,10,0.08,0,1.76
693,0,0,0,1000,0,10,0.08,0,1.78
694,0,0,0,1000,0,10,0.08,0,1.8
695,0,0,0,1000,0,10,0.08,0,1.82
696,0,0,0,1000,0,10,0.08,0,1.84
697,0,0,0,1000,0,10,0.08,0,1.86
698,0,0,0,1000,0,10,0.08,0,1.88
699,0,0,0,1000,0,10,0.08,0,1.9
700,0,0,0,1000,0,10,0.08,0,1.92
701,0,0,0,1000,0,10,0.08,0,1.94
702,0,0,0,1000,0,10,0.08,0,1.96
703,0,0,0,1000,0,10,0.08,0,1.98
704,0,0,0,1000,0,10,0.08,0,2
705,0,0,0,1000,0,10,0.08,0,2.02
706,0,0,0,1000,0,10,0.08,0,2.04
707,0,0,0,1000,0,10,0.08,0,2.06
708,0,0,0,1000,0,10,0.08,0,2.08
709,0,0,0,1000,0,10,0.08,0,2.1
710,0,0,0,1000,0,10,0.08,0,2.12
711,0,0,0,1000,0,10,0.08,0,2.14
712,0,0,0,1000,0,10,0.08,0,2.16
713,0,0,0,1000,0,10,0.08,0,2.18
714,0,0,0,1000,0,10,0.08,0,2.2
715,0,0,0,1000,0,10,0.08,0,2.22
716,0,0,0,1000,0,10,0.08,0,2.24
717,0,0,0,1000,0,10,0.08,0,2.26
718,0,0,0,1000,0,10,0.08,0,2.28
719,0,0,0,1000,0,10,0.08,0,2.3
720,0,0,0,1000,0,10,0.08,0,2.32
721,0,0,0,1000,0,10,0.08,0,2.34
722,0,0,0,1000,0,10,0.08,0,2.36
723,0,0,0,1000,0,10,0.08,0,2.38
724,0,0,0,1000,0,10,0.08,0,2.4
725,0,0,0,1000,0,10,0.08,0,2.42
726,0,0,0,1000,0,10,0.08,0,2.44
727,0,0,0,1000,0,10,0.08,0,2.46
728,0,0,0,1000,0,10,0.08,0,2.48
729,0,0,0,1000,0,10,0.08,0,2.5
730,0,0,0,1000,0,10,0.08,0,2.52
731,0,0,0,1000,0,10,0.08,0,2.54
732,0,0,0,1000,0,10,0.08,0,2.56
733,0,0,0,1000,0,10,0.08,0,2.58
734,0,0,0,1000,0,10,0.08,0,2.6
735,0,0,0,1000,0,10,0.08,0,2.62
736,0,0,0,1000,0,10,0.08,0,2.64
737,0,0,0,1000,0,10,0.08,0,2.66
738,0,0,0,1000,0,10,0.08,0,2.68
739,0,0,0,1000,0,10,0.08,0,2.7
740,0,0,0,1000,0,10,0.08,0,2.72
741,0,0,0,1000,0,10,0.08,0,2.74
742,0,0,0,1000,0,10,0.08,0,2.76
743,0,0,0,1000,0,10,0.08,0,2.78
744,0,0,0,1000,0,10,0.08,0,2.8
745,0,0,0,1000,0,10,0.08,0,2.82
746,0,0,0,1000,0,10,0.08,0,2.84
747,0,0,0,1000,0,10,0.08,0,2.86
748,0,0,0,1000,0,10,0.08,0,2.88
749,0,0,0,1000,0,10,0.08,0,2.9
750,0,0,0,1000,0,10,0.08,0,2.92
751,0,0,0,1000,0,10,0.08,0,2.94
752,0,0,0,1000,0,10,0.08,0,2.96
753,0,0,0,1000,0,10,0.08,0,2.98
754,0,0,0,1000,0,10,0.08,0,3
755,0,0,0,1000,0,10,0.1,0,0
756,0,0,0,1000,0,10,0.1,0,0.02
757,0,0,0,1000,0,10,0.1,0,0.04
758,0,0,0,1000,0,10,0.1,0,0.06
759,0,0,0,1000,0,10,0.1,0,0.08
760,0,0,0,1000,0,10,0.12,0,0
761,0,0,0,1000,0,10,0.12,0,0.02
762,0,0,0,1000,0,10,0.12,0,0.04
763,0,0,0,1000,0,10,0.12,0,0.06
764,0,0,0,1000,0,10,0.12,0,0.08
765,0,0,0,1000,0,10,0.14,0,0
766,0,0,0,1000,0,10,0.14,0,0.02
767,0,0,0,1000,0,10,0.14,0,0.04
768,0,0,0,1000,0,10,0.14,0,0.06
769,0,0,0,1000,0,10,0.14,0,0.08
770,0,0,0,1000,0,10,0.16,0,0
771,0,0,0,1000,0,10,0.16,0,0.02
772,0,0,0,1000,0,10,0.16,0,0.04
773,0,0,0,1000,0,10,0.16,0,0.06
774,0,0,0,1000,0,10,0.16,0,0.08
775,0,0,0,1000,0,10,0.18,0,0
776,0,0,0,1000,0,10,0.18,0,0.02
777,0,0,0,1000,0,10,0.18,0,0.04
778,0,0,0,1000,0,10,0.18,0,0.06
779,0,0,0,1000,0,10,0.18,0,0.08
780,0,0,0,1000,0,10,0.2,0,0
781,0,0,0,1000,0,10,0.2,0,0.02
782,0,0,0,1000,0,10,0.2,0,0.04
783,0,0,0,1000,0,10,0.2,0,0.06
784,0,0,0,1000,0,10,0.2,0,0.08
785,0,0,0,1000,0,10,0.22,0,0
786,0,0,0,1000,0,10,0.22,0,0.02
787,0,0,0,1000,0,10,0.22,0,0.04
788,0,0,0,1000,0,10,0.22,0,0.06
789,0,0,0,1000,0,10,0.22,0,0.08
790,0,0,0,1000,0,10,0.24,0,0
791,0,0,0,1000,0,10,0.24,0,0.02
792,0,0,0,1000,0,10,0.24,0,0.04
793,0,0,0,1000,0,10,0.24,0,0.06
794,0,0,0,1000,0,10,0.24,0,0.08
795,0,0,0,1000,0,10,0.26,0,0
796,0,0,0,1000,0,10,0.26,0,0.02
797,0,0,0,1000,0,10,0.26,0,0.04
798,0,0,0,1000,0,10,0.26,0,0.06
799,0,0,0,1000,0,10,0.26,0,0.08
800,0,0,0,1000,0,10,0.28,0,0
801,0,0,0,1000,0,10,0.28,0,0.02
802,0,0,0,1000,0,10,0.28,0,0.04
803,0,0,0,1000,0,10,0.28,0,0.06
804,0,0,0,1000,0,10,0.28,0,0.08
805,0,0,0,1000,0,10,0.3,0,0
806,0,0,0,1000,0,10,0.3,0,0.02
807,0,0,0,1000,0,10,0.3,0,0.04
808,0,0,0,1000,0,10,0.3,0,0.06
809,0,0,0,1000,0,10,0.3,0,0.08
810,0,0,0,1000,0,10,0.32,0,0
811,0,0,0,1000,0,10,0.32,0,0.02
812,0,0,0,1000,0,10,0.32,0,0.04
813,0,0,0,1000,0,10,0.32,0,0.06
814,0,0,0,1000,0,10,0.32,0,0.08
815,0,0,0,1000,0,10,0.34,0,0
816,0,0,0,1000,0,10,0.34,0,0.02
817,0,0,0,1000,0,10,0.34,0,0.04
818,0,0,0,1000,0,10,0.34,0,0.06
819,0,0,0,1000,0,10,0.34,0,0.08
820,0,0,0,1000,0,10,0.36,0,0
821,0,0,0,1000,0,10,0.36,0,0.02
822,0,0,0,1000,0,10,0.36,0,0.04
823,0,0,0,1000,0,10,0.36,0,0.06
824,0,0,0,1000,0,10,0.36,0,0.08
825,0,0,0,1000,0,10,0.38,0,0
826,0,0,0,1000,0,10,0.38,0,0.02
827,0,0,0,1000,0,10,0.38,0,0.04
828,0,0,0,1000,0,10,0.38,0,0.06
829,0,0,0,1000,0,10,0.38,0,0.08
830,0,0,0,1000,0,10,0.4,0,0
831,0,0,0,1000,0,10,0.4,0,0.02
832,0,0,0,1000,0,10,0.4,0,0.04
833,0,0,0,1000,0,10,0.4,0,0.06
834,0,0,0,1000,0,10,0.4,0,0.08
835,0,0,0,1000,0,10,0.42,0,0
836,0,0,0,1000,0,10,0.42,0,0.02
837,0,0,0,1000,0,10,0.42,0,0.04
838,0,0,0,1000,0,10,0.42,0,0.06
839,0,0,0,1000,0,10,0.42,0,0.08
840,0,0,0,1000,0,10,0.44,0,0
841,0,0,0,1000,0,10,0.44,0,0.02
842,0,0,0,1000,0,10,0.44,0,0.04
843,0,0,0,1000,0,10,0.44,0,0.06
844,0,0,0,1000,0,10,0.44,0,0.08
845,0,0,0,1000,0,10,0.46,0,0
846,0,0,0,1000,0,10,0.46,0,0.02
847,0,0,0,1000,0,10,0.46,0,0.04
848,0,0,0,1000,0,10,0.46,0,0.06
849,0,0,0,1000,0,10,0.46,0,0.08
850,0,0,0,1000,0,10,0.48,0,0
851,0,0,0,1000,0,10,0.48,0,0.02
852,0,0,0,1000,0,10,0.48,0,0.04
853,0,0,0,1000,0,10,0.48,0,0.06
854,0,0,0,1000,0,10,0.48,0,0.08
855,0,0,0,1000,0,10,0.5,0,0
856,0,0,0,1000,0,10,0.5,0,0.02
857,0,0,0,1000,0,10,0.5,0,0.04
858,0,0,0,1000,0,10,0.5,0,0.06
859,0,0,0,1000,0,10,0.5,0,0.08
860,0,0,0,1000,0,10,0.52,0,0
861,0,0,0,1000,0,10,0.52,0,0.02
862,0,0,0,1000,0,10,0.52,0,0.04
863,0,0,0,1000,0,10,0.52,0,0.06
864,0,0,0,1000,0,10,0.52,0,0.08
865,0,0,0,1000,0,10,0.54,0,0
866,0,0,0,1000,0,10,0.54,0,0.02
867,0,0,0,1000,0,10,0.54,0,0.04
868,0,0,0,1000,0,10,0.54,0,0.06
869,0,0,0,1000,0,10,0.54,0,0.08
870,0,0,0,1000,0,10,0.56,0,0
871,0,0,0,1000,0,10,0.56,0,0.02
872,0,0,0,1000,0,10,0.56,0,0.04
873,0,0,0,1000,0,10,0.56,0,0.06
874,0,0,0,1000,0,10,0.56,0,0.08
875,0,0,0,1000,0,10,0.58,0,0
876,0,0,0,1000,0,10,0.58,0,0.02
877,0,0,0,1000,0,10,0.58,0,0.04
878,0,0,0,1000,0,10,0.58,0,0.06
879,0,0,0,1000,0,10,0.58,0,0.08
880,0,0,0,1000,0,10,0.6,0,0
881,0,0,0,1000,0,10,0.6,0,0.02
882,0,0,0,1000,0,10,0.6,0,0.04
883,0,0,0,1000,0,10,0.6,0,0.06
884,0,0,0,1000,0,10,0.6,0,0.08
885,0,0,0,1000,0,10,0.62,0,0
886,0,0,0,1000,0,10,0.62,0,0.02
887,0,0,0,1000,0,10,0.62,0,0.04
888,0,0,0,1000,0,10,0.62,0,0.06
889,0,0,0,1000,0,10,0.62,0,0.08
890,0,0,0,1000,0,10,0.64,0,0
891,0,0,0,1000,0,10,0.64,0,0.02
892,0,0,0,1000,0,10,0.64,0,0.04
893,0,0,0,1000,0,10,0.64,0,0.06
894,0,0,0,1000,0,10,0.64,0,0.08
895,0,0,0,1000,0,10,0.66,0,0
896,0,0,0,1000,0,10,0.66,0,0.02
897,0,0,0,1000,0,10,0.66,0,0.04
898,0,0,0,1000,0,10,0.66,0,0.06
899,0,0,0,1000,0,10,0.66,0,0.08
900,0,0,0,1000,0,10,0.68,0,0
901,0,0,0,1000,0,10,0.68,0,0.02
902,0,0,0,1000,0,10,0.68,0,0.04
903,0,0,0,1000,0,10,0.68,0,0.06
904,0,0,0,1000,0,10,0.68,0,0.08
905,0,0,0,1000,0,10,0.7,0,0
906,0,0,0,1000,0,10,0.7,0,0.02
907,0,0,0,1000,0,10,0.7,0,0.04
908,0,0,0,1000,0,10,0.7,0,0.06
909,0,0,0,1000,0,10,0.7,0,0.08
910,0,0,0,1000,0,10,0.72,0,0
911,0,0,0,1000,0,10,0.72,0,0.02
912,0,0,0,1000,0,10,0.72,0,0.04
913,0,0,0,1000,0,10,0.72,0,0.06
914,0,0,0,1000,0,10,0.72,0,0.08
915,0,0,0,1000,0,10,0.74,0,0
916,0,0,0,1000,0,10,0.74,0,0.02
917,0,0,0,1000,0,10,0.74,0,0.04
918,0,0,0,1000,0,10,0.74,0,0.06
919,0,0,0,1000,0,10,0.74,0,0.08
920,0,0,0,1000,0,10,0.76,0,0
921,0,0,0,1000,0,10,0.76,0,0.02
922,0,0,0,1000,0,10,0.76,0,0.04
923,0,0,0,1000,0,10,0.76,0,0.06
924,0,0,0,1000,0,10,0.76,0,0.08
925,0,0,0,1000,0,10,0.78,0,0
926,0,0,0,1000,0,10,0.78,0,0.02
927,0,0,0,1000,0,10,0.78,0,0.04
928,0,0,0,1000,0,10,0.78,0,0.06
929,0,0,0,1000,0,10,0.78,0,0.08
930,0,0,0,1000,0,10,0.8,0,0
931,0,0,0,1000,0,10,0.8,0,0.02
932,0,0,0,1000,0,10,0.8,0,0.04
933,0,0,0,1000,0,10,0.8,0,0.06
934,0,0,0,1000,0,10,0.8,0,0.08
935,0,0,0,1000,0,10,0.82,0,0
936,0,0,0,1000,0,10,0.82,0,0.02
937,0,0,0,1000,0,10,0.82,0,0.04
938,0,0,0,1000,0,10,0.82,0,0.06
939,0,0,0,1000,0,10,0.82,0,0.08
940,0,0,0,1000,0,10,0.84,0,0
941,0,0,0,1000,0,10,0.84,0,0.02
942,0,0,0,1000,0,10,0.84,0,0.04
943,0,0,0,1000,0,10,0.84,0,0.06
944,0,0,0,1000,0,10,0.84,0,0.08
945,0,0,0,1000,0,10,0.86,0,0
946,0,0,0,1000,0,10,0.86,0,0.02
947,0,0,0,1000,0,10,0.86,0,0.04
948,0,0,0,1000,0,10,0.86,0,0.06
949,0,0,0,1000,0,10,0.86,0,0.08
950,0,0,0,1000,0,10,0.88,0,0
951,0,0,0,1000,0,10,0.88,0,0.02
952,0,0,0,1000,0,10,0.88,0,0.04
953,0,0,0,1000,0,10,0.88,0,0.06
954,0,0,0,1000,0,10,0.88,0,0.08
955,0,0,0,1000,0,10,0.9,0,0
956,0,0,0,1000,0,10,0.9,0,0.02
957,0,0,0,1000,0,10,0.9,0,0.04
958,0,0,0,1000,0,10,0.9,0,0.06
959,0,0,0,1000,0,10,0.9,0,0.08
960,0,0,0,1000,0,10,0.92,0,0
961,0,0,0,1000,0,10,0.92,0,0.02
962,0,0,0,1000,0,10,0.92,0,0.04
963,0,0,0,1000,0,10,0.92,0,0.06
964,0,0,0,1000,0,10,0.92,0,0.08
965,0,0,0,1000,0,10,0.94,0,0
966,0,0,0,1000,0,10,0.94,0,0.02
967,0,0,0,1000,0,10,0.94,0,0.04
968,0,0,0,1000,0,10,0.94,0,0.06
969,0,0,0,1000,0,10,0.94,0,0.08
970,0,0,0,1000,0,10,0.96,0,0
971,0,0,0,1000,0,10,0.96,0,0.02
972,0,0,0,1000,0,10,0.96,0,0.04
973,0,0,0,1000,0,10,0.96,0,0.06
974,0,0,0,1000,0,10,0.96,0,0.08
975,0,0,0,1000,0,10,0.98,0,0
976,0,0,0,1000,0,10,0.98,0,0.02
977,0,0,0,1000,0,10,0.98,0,0.04
978,0,0,0,1000,0,10,0.98,0,0.06
979,0,0,0,1000,0,10,0.98,0,0.08
980,0,0,0,1000,0,10,1,0,0
981,0,0,0,1000,0,10,1,0,0.02
982,0,0,0,1000,0,10,1,0,0.04
983,0,0,0,1000,0,10,1,0,0.06
984,0,0,0,1000,0,10,1,0,0.08
985,0,0,0,1000,0,10,1.02,0,0
986,0,0,0,1000,0,10,1.02,0,0.02
987,0,0,0,1000,0,10,1.02,0,0.04
988,0,0,0,1000,0,10,1.02,0,0.06
989,0,0,0,1000,0,10,1.02,0,0.08
990,0,0,0,1000,0,10,1.04,0,0
991,0,0,0,1000,0,10,1.04,0,0.02
992,0,0,0,1000,0,10,1.04,0,0.04
993,0,0,0,1000,0,10,1.04,0,0.06
994,0,0,0,1000,0,10,1.04,0,0.08
995,0,0,0,1000,0,10,1.06,0,0
996,0,0,0,1000,0,10,1.06,0,0.02
997,0,0,0,1000,0,10,1.06,0,0.04
998,0,0,0,1000,0,10,1.06,0,0.06
999,0,0,0,1000,0,10,1.06,0,0.08
1000,0,0,0,1000,0,10,1.08,0,0
1001,0,0,0,1000,0,10,1.08,0,0.02
1002,0,0,0,1000,0,10,1.08,0,0.04
1003,0,0,0,1000,0,10,1.08,0,0.06
1004,0,0,0,1000,0,10,1.08,0,0.08
1005,0,0,0,1000,0,10,1.1,0,0
1006,0,0,0,1000,0,10,1.1,0,0.02
1007,0,0,0,1000,0,10,1.1,0,0.04
1008,0,0,0,1000,0,10,1.1,0,0.06
1009,0,0,0,1000,0,10,1.1,0,0.08
1010,0,0,0,1000,0,10,1.12,0,0
1011,0,0,0,1000,0,10,1.12,0,0.02
1012,0,0,0,1000,0,10,1.12,0,0.04
1013,0,0,0,1000,0,10,1.12,0,0.06
1014,0,0,0,1000,0,10,1.12,0,0.08
1015,0,0,0,1000,0,10,1.14,0,0
1016,0,0,0,1000,0,10,1.14,0,0.02
1017,0,0,0,1000,0,10,1.14,0,0.04
1018,0,0,0,1000,0,10,1.14,0,0.06
1019,0,0,0,1000,0,10,1.14,0,0.08
1020,0,0,0,1000,0,10,1.16,0,0
1021,0,0,0,1000,0,10,1.16,0,0.02
1022,0,0,0,1000,0,10,1.16,0,0.04
1023,0,0,0,1000,0,10,1.16,0,0.06
1024,0,0,0,1000,0,10,1.16,0,0.08
1025,0,0,0,1000,0,10,1.18,0,0
1026,0,0,0,1000,0,10,1.18,0,0.02
1027,0,0,0,1000,0,10,1.18,0,0.04
1028,0,0,0,1000,0,10,1.18,0,0.06
1029,0,0,0,1000,0,10,1.18,0,0.08
1030,0,0,0,1000,0,10,1.2,0,0
1031,0,0,0,1000,0,10,1.2,0,0.02
1032,0,0,0,1000,0,10,1.2,0,0.04
1033,0,0,0,1000,0,10,1.2,0,0.06
1034,0,0,0,1000,0,10,1.2,0,0.08
1035,0,0,0,1000,0,10,1.22,0,0
1036,0,0,0,1000,0,10,1.22,0,0.02
1037,0,0,0,1000,0,10,1.22,0,0.04
1038,0,0,0,1000,0,10,1.22,0,0.06
1039,0,0,0,1000,0,10,1.22,0,0.08
1040,0,0,0,1000,0,10,1.24,0,0
1041,0,0,0,1000,0,10,1.24,0,0.02
1042,0,0,0,1000,0,10,1.24,0,0.04
1043,0,0,0,1000,0,10,1.24,0,0.06
1044,0,0,0,1000,0,10,1.24,0,0.08
1045,0,0,0,1000,0,10,1.26,0,0
1046,0,0,0,1000,0,10,1.26,0,0.02
1047,0,0,0,1000,0,10,1.26,0,0.04
1048,0,0,0,1000,0,10,1.26,0,0.06
1049,0,0,0,1000,0,10,1.26,0,0.08
1050,0,0,0,1000,0,10,1.28,0,0
1051,0,0,0,1000,0,10,1.28,0,0.02
1052,0,0,0,1000,0,10,1.28,0,0.04
1053,0,0,0,1000,0,10,1.28,0,0.06
1054,0,0,0,1000,0,10,1.28,0,0.08
1055,0,0,0,1000,0,10,1.3,0,0
1056,0,0,0,1000,0,10,1.3,0,0.02
1057,0,0,0,1000,0,10,1.3,0,0.04
1058,0,0,0,1000,0,10,1.3,0,0.06
1059,0,0,0,1000,0,10,1.3,0,0.08
1060,0,0,0,1000,0,10,1.32,0,0
1061,0,0,0,1000,0,10,1.32,0,0.02
1062,0,0,0,1000,0,10,1.32,0,0.04
1063,0,0,0,1000,0,10,1.32,0,0.06
1064,0,0,0,1000,0,10,1.32,0,0.08
1065,0,0,0,1000,0,10,1.34,0,0
1066,0,0,0,1000,0,10,1.34,0,0.02
1067,0,0,0,1000,0,10,1.34,0,0.04
1068,0,0,0,1000,0,10,1.34,0,0.06
1069,0,0,0,1000,0,10,1.34,0,0.08
1070,0,0,0,1000,0,10,1.36,0,0
1071,0,0,0,1000,0,10,1.36,0,0.02
1072,0,0,0,1000,0,10,1.36,0,0.04
1073,0,0,0,1000,0,10,1.36,0,0.06
1074,0,0,0,1000,0,10,1.36,0,0.08
1075,0,0,0,1000,0,10,1.38,0,0
1076,0,0,0,1000,0,10,1.38,0,0.02
1077,0,0,0,1000,0,10,1.38,0,0.04
1078,0,0,0,1000,0,10,1.38,0,0.06
1079,0,0,0,1000,0,10,1.38,0,0.08
1080,0,0,0,1000,0,10,1.4,0,0
1081,0,0,0,1000,0,10,1.4,0,0.02
1082,0,0,0,1000,0,10,1.4,0,0.04
1083,0,0,0,1000,0,10,1.4,0,0.06
1084,0,0,0,1000,0,10,1.4,0,0.08
1085,0,0,0,1000,0,10,1.42,0,0
1086,0,0,0,1000,0,10,1.42,0,0.02
1087,0,0,0,1000,0,10,1.42,0,0.04
1088,0,0,0,1000,0,10,1.42,0,0.06
1089,0,0,0,1000,0,10,1.42,0,0.08
1090,0,0,0,1000,0,10,1.44,0,0
1091,0,0,0,1000,0,10,1.44,0,0.02
1092,0,0,0,1000,0,10,1.44,0,0.04
1093,0,0,0,1000,0,10,1.44,0,0.06
1094,0,0,0,1000,0,10,1.44,0,0.08
1095,0,0,0,1000,0,10,1.46,0,0
1096,0,0,0,1000,0,10,1.46,0,0.02
1097,0,0,0,1000,0,10,1.46,0,0.04
1098,0,0,0,1000,0,10,1.46,0,0.06
1099,0,0,0,1000,0,10,1.46,0,0.08
1100,0,0,0,1000,0,10,1.48,0,0
1101,0,0,0,1000,0,10,1.48,0,0.02
1102,0,0,0,1000,0,10,1.48,0,0.04
1103,0,0,0,1000,0,10,1.48,0,0.06
1104,0,0,0,1000,0,10,1.48,0,0.08
1105,0,0,0,1000,0,10,1.5,0,0
1106,0,0,0,1000,0,10,1.5,0,0.02
1107,0,0,0,1000,0,10,1.5,0,0.04
1108,0,0,0,1000,0,10,1.5,0,0.06
1109,0,0,0,1000,0,10,1.5,0,0.08
1110,0,0,0,1000,0,10,1.52,0,0
1111,0,0,0,1000,0,10,1.52,0,0.02
1112,0,0,0,1000,0,10,1.52,0,0.04
1113,0,0,0,1000,0,10,1.52,0,0.06
1114,0,0,0,1000,0,10,1.52,0,0.08
1115,0,0,0,1000,0,10,1.54,0,0
1116,0,0,0,1000,0,10,1.54,0,0.02
1117,0,0,0,1000,0,10,1.54,0,0.04
1118,0,0,0,1000,0,10,1.54,0,0.06
1119,0,0,0,1000,0,10,1.54,0,0.08
1120,0,0,0,1000,0,10,1.56,0,0
1121,0,0,0,1000,0,10,1.56,0,0.02
1122,0,0,0,1000,0,10,1.56,0,0.04
1123,0,0,0,1000,0,10,1.56,0,0.06
1124,0,0,0,1000,0,10,1.56,0,0.08
1125,0,0,0,1000,0,10,1.58,0,0
1126,0,0,0,1000,0,10,1.58,0,0.02
1127,0,0,0,1000,0,10,1.58,0,0.04
1128,0,0,0,1000,0,10,1.58,0,0.06
1129,0,0,0,1000,0,10,1.58,0,0.08
1130,0,0,0,1000,0,10,1.6,0,0
1131,0,0,0,1000,0,10,1.6,0,0.02
1132,0,0,0,1000,0,10,1.6,0,0.04
1133,0,0,0,1000,0,10,1.6,0,0.06
1134,0,0,0,1000,0,10,1.6,0,0.08
1135,0,0,0,1000,0,10,1.62,0,0
1136,0,0,0,1000,0,10,1.62,0,0.02
1137,0,0,0,1000,0,10,1.62,0,0.04
1138,0,0,0,1000,0,10,1.62,0,0.06
1139,0,0,0,1000,0,10,1.62,0,0.08
1140,0,0,0,1000,0,10,1.64,0,0
1141,0,0,0,1000,0,10,1.64,0,0.02
1142,0,0,0,1000,0,10,1.64,0,0.04
1143,0,0,0,1000,0,10,1.64,0,0.06
1144,0,0,0,1000,0,10,1.64,0,0.08
1145,0,0,0,1000,0,10,1.66,0,0
1146,0,0,0,1000,0,10,1.66,0,0.02
1147,0,0,0,1000,0,10,1.66,0,0.04
1148,0,0,0,1000,0,10,1.66,0,0.06
1149,0,0,0,1000,0,10,1.66,0,0.08
1150,0,0,0,1000,0,10,1.68,0,0
1151,0,0,0,1000,0,10,1.68,0,0.02
1152,0,0,0,1000,0,10,1.68,0,0.04
1153,0,0,0,1000,0,10,1.68,0,0.06
1154,0,0,0,1000,0,10,1.68,0,0.08
1155,0,0,0,1000,0,10,1.7,0,0
1156,0,0,0,1000,0,10,1.7,0,0.02
1157,0,0,0,1000,0,10,1.7,0,0.04
1158,0,0,0,1000,0,10,1.7,0,0.06
1159,0,0,0,1000,0,10,1.7,0,0.08
1160,0,0,0,1000,0,10,1.72,0,0
1161,0,0,0,1000,0,10,1.72,0,0.02
1162,0,0,0,1000,0,10,1.72,0,0.04
1163,0,0,0,1000,0,10,1.72,0,0.06
1164,0,0,0,1000,0,10,1.72,0,0.08
1165,0,0,0,1000,0,10,1.74,0,0
1166,0,0,0,1000,0,10,1.74,0,0.02
1167,0,0,0,1000,0,10,1.74,0,0.04
1168,0,0,0,1000,0,10,1.74,0,0.06
1169,0,0,0,1000,0,10,1.74,0,0.08
1170,0,0,0,1000,0,10,1.76,0,0
1171,0,0,0,1000,0,10,1.76,0,0.02
1172,0,0,0,1000,0,10,1.76,0,0.04
1173,0,0,0,1000,0,10,1.76,0,0.06
1174,0,0,0,1000,0,10,1.76,0,0.08
1175,0,0,0,1000,0,10,1.78,0,0
1176,0,0,0,1000,0,10,1.78,0,0.02
1177,0,0,0,1000,0,10,1.78,0,0.04
1178,0,0,0,1000,0,10,1.78,0,0.06
1179,0,0,0,1000,0,10,1.78,0,0.08
1180,0,0,0,1000,0,10,1.8,0,0
1181,0,0,0,1000,0,10,1.8,0,0.02
1182,0,0,0,1000,0,10,1.8,0,0.04
1183,0,0,0,1000,0,10,1.8,0,0.06
1184,0,0,0,1000,0,10,1.8,0,0.08
1185,0,0,0,1000,0,10,1.82,0,0
1186,0,0,0,1000,0,10,1.82,0,0.02
1187,0,0,0,1000,0,10,1.82,0,0.04
1188,0,0,0,1000,0,10,1.82,0,0.06
1189,0,0,0,1000,0,10,1.82,0,0.08
1190,0,0,0,1000,0,10,1.84,0,0
1191,0,0,0,1000,0,10,1.84,0,0.02
1192,0,0,0,1000,0,10,1.84,0,0.04
1193,0,0,0,1000,0,10,1.84,0,0.06
1194,0,0,0,1000,0,10,1.84,0,0.08
1195,0,0,0,1000,0,10,1.86,0,0
1196,0,0,0,1000,0,10,1.86,0,0.02
1197,0,0,0,1000,0,10,1.86,0,0.04
1198,0,0,0,1000,0,10,1.86,0,0.06
1199,0,0,0,1000,0,10,1.86,0,0.08
1200,0,0,0,1000,0,10,1.88,0,0
1201,0,0,0,1000,0,10,1.88,0,0.02
1202,0,0,0,1000,0,10,1.88,0,0.04
1203,0,0,0,1000,0,10,1.88,0,0.06
1204,0,0,0,1000,0,10,1.88,0,0.08
1205,0,0,0,1000,0,10,1.9,0,0
1206,0,0,0,1000,0,10,1.9,0,0.02
1207,0,0,0,1000,0,10,1.9,0,0.04
1208,0,0,0,1000,0,10,1.9,0,0.06
1209,0,0,0,1000,0,10,1.9,0,0.08
1210,0,0,0,1000,0,10,1.92,0,0
1211,0,0,0,1000,0,10,1.92,0,0.02
1212,0,0,0,1000,0,10,1.92,0,0.04
1213,0,0,0,1000,0,10,1.92,0,0.06
1214,0,0,0,1000,0,10,1.92,0,0.08
1215,0,0,0,1000,0,10,1.94,0,0
1216,0,0,0,1000,0,10,1.94,0,0.02
1217,0,0,0,1000,0,10,1.94,0,0.04
1218,0,0,0,1000,0,10,1.94,0,0.06
1219,0,0,0,1000,0,10,1.94,0,0.08
1220,0,0,0,1000,0,10,1.96,0,0
1221,0,0,0,1000,0,10,1.96,0,0.02
1222,0,0,0,1000,0,10,1.96,0,0.04
1223,0,0,0,1000,0,10,1.96,0,0.06
1224,0,0,0,1000,0,10,1.96,0,0.08
1225,0,0,0,1000,0,10,1.98,0,0
1226,0,0,0,1000,0,10,1.98,0,0.02
1227,0,0,0,1000,0,10,1.98,0,0.04
1228,0,0,0,1000,0,10,1.98,0,0.06
1229,0,0,0,1000,0,10,1.98,0,0.08
1230,0,0,0,1000,0,10,2,0,0
1231,0,0,0,1000,0,10,2,0,0.02
1232,0,0,0,1000,0,10,2,0,0.04
1233,0,0,0,1000,0,10,2,0,0.06
1234,0,0,0,1000,0,10,2,0,0.08
1235,0,0,0,1000,0,10,2.02,0,0
1236,0,0,0,1000,0,10,2.02,0,0.02
1237,0,0,0,1000,0,10,2.02,0,0.04
1238,0,0,0,1000,0,10,2.02,0,0.06
1239,0,0,0,1000,0,10,2.02,0,0.08
1240,0,0,0,1000,0,10,2.04,0,0
1241,0,0,0,1000,0,10,2.04,0,0.02
1242,0,0,0,1000,0,10,2.04,0,0.04
1243,0,0,0,1000,0,10,2.04,0,0.06
1244,0,0,0,1000,0,10,2.04,0,0.08
1245,0,0,0,1000,0,10,2.06,0,0
1246,0,0,0,1000,0,10,2.06,0,0.02
1247,0,0,0,1000,0,10,2.06,0,0.04
1248,0,0,0,1000,0,10,2.06,0,0.06
1249,0,0,0,1000,0,10,2.06,0,0.08
1250,0,0,0,1000,0,10,2.08,0,0
1251,0,0,0,1000,0,10,2.08,0,0.02
1252,0,0,0,1000,0,10,2.08,0,0.04
1253,0,0,0,1000,0,10,2.08,0,0.06
1254,0,0,0,1000,0,10,2.08,0,0.08
1255,0,0,0,1000,0,10,2.1,0,0
1256,0,0,0,1000,0,10,2.1,0,0.02
1257,0,0,0,1000,0,10,2.1,0,0.04
1258,0,0,0,1000,0,10,2.1,0,0.06
1259,0,0,0,1000,0,10,2.1,0,0.08
1260,0,0,0,1000,0,10,2.12,0,0
1261,0,0,0,1000,0,10,2.12,0,0.02
1262,0,0,0,1000,0,10,2.12,0,0.04
1263,0,0,0,1000,0,10,2.12,0,0.06
1264,0,0,0,1000,0,10,2.12,0,0.08
1265,0,0,0,1000,0,10,2.14,0,0
1266,0,0,0,1000,0,10,2.14,0,0.02
1267,0,0,0,1000,0,10,2.14,0,0.04
1268,0,0,0,1000,0,10,2.14,0,0.06
1269,0,0,0,1000,0,10,2.14,0,0.08
1270,0,0,0,1000,0,10,2.16,0,0
1271,0,0,0,1000,0,10,2.16,0,0.02
1272,0,0,0,1000,0,10,2.16,0,0.04
1273,0,0,0,1000,0,10,2.16,0,0.06
1274,0,0,0,1000,0,10,2.16,0,0.08
1275,0,0,0,1000,0,10,2.18,0,0
1276,0,0,0,1000,0,10,2.18,0,0.02
1277,0,0,0,1000,0,10,2.18,0,0.04
1278,0,0,0,1000,0,10,2.18,0,0.06
1279,0,0,0,1000,0,10,2.18,0,0.08
1280,0,0,0,1000,0,10,2.2,0,0
1281,0,0,0,1000,0,10,2.2,0,0.02
1282,0,0,0,1000,0,10,2.2,0,0.04
1283,0,0,0,1000,0,10,2.2,0,0.06
1284,0,0,0,1000,0,10,2.2,0,0.08
1285,0,0,0,1000,0,10,2.22,0,0
1286,0,0,0,1000,0,10,2.22,0,0.02
1287,0,0,0,1000,0,10,2.22,0,0.04
1288,0,0,0,1000,0,10,2.22,0,0.06
1289,0,0,0,1000,0,10,2.22,0,0.08
1290,0,0,0,1000,0,10,2.24,0,0
1291,0,0,0,1000,0,10,2.24,0,0.02
1292,0,0,0,1000,0,10,2.24,0,0.04
1293,0,0,0,1000,0,10,2.24,0,0.06
1294,0,0,0,1000,0,10,2.24,0,0.08
1295,0,0,0,1000,0,10,2.26,0,0
1296,0,0,0,1000,0,10,2.26,0,0.02
1297,0,0,0,1000,0,10,2.26,0,0.04
1298,0,0,0,1000,0,10,2.26,0,0.06
1299,0,0,0,1000,0,10,2.26,0,0.08
1300,0,0,0,1000,0,10,2.28,0,0
1301,0,0,0,1000,0,10,2.28,0,0.02
1302,0,0,0,1000,0,10,2.28,0,0.04
1303,0,0,0,1000,0,10,2.28,0,0.06
1304,0,0,0,1000,0,10,2.28,0,0.08
1305,0,0,0,1000,0,10,2.3,0,0
1306,0,0,0,1000,0,10,2.3,0,0.02
1307,0,0,0,1000,0,10,2.3,0,0.04
1308,0,0,0,1000,0,10,2.3,0,0.06
1309,0,0,0,1000,0,10,2.3,0,0.08
1310,0,0,0,1000,0,10,2.32,0,0
1311,0,0,0,1000,0,10,2.32,0,0.02
1312,0,0,0,1000,0,10,2.32,0,0.04
1313,0,0,0,1000,0,10,2.32,0,0.06
1314,0,0,0,1000,0,10,2.32,0,0.08
1315,0,0,0,1000,0,10,2.34,0,0
1316,0,0,0,1000,0,10,2.34,0,0.02
1317,0,0,0,1000,0,10,2.34,0,0.04
1318,0,0,0,1000,0,10,2.34,0,0.06
1319,0,0,0,1000,0,10,2.34,0,0.08
1320,0,0,0,1000,0,10,2.36,0,0
1321,0,0,0,1000,0,10,2.36,0,0.02
1322,0,0,0,1000,0,10,2.36,0,0.04
1323,0,0,0,1000,0,10,2.36,0,0.06
1324,0,0,0,1000,0,10,2.36,0,0.08
1325,0,0,0,1000,0,10,2.38,0,0
1326,0,0,0,1000,0,10,2.38,0,0.02
1327,0,0,0,1000,0,10,2.38,0,0.04
1328,0,0,0,1000,0,10,2.38,0,0.06
1329,0,0,0,1000,0,10,2.38,0,0.08
1330,0,0,0,1000,0,10,2.4,0,0
1331,0,0,0,1000,0,10,2.4,0,0.02
1332,0,0,0,1000,0,10,2.4,0,0.04
1333,0,0,0,1000,0,10,2.4,0,0.06
1334,0,0,0,1000,0,10,2.4,0,0.08
1335,0,0,0,1000,0,10,2.42,0,0
1336,0,0,0,1000,0,10,2.42,0,0.02
1337,0,0,0,1000,0,10,2.42,0,0.04
1338,0,0,0,1000,0,10,2.42,0,0.06
1339,0,0,0,1000,0,10,2.42,0,0.08
1340,0,0,0,1000,0,10,2.44,0,0
1341,0,0,0,1000,0,10,2.44,0,0.02
1342,0,0,0,1000,0,10,2.44,0,0.04
1343,0,0,0,1000,0,10,2.44,0,0.06
1344,0,0,0,1000,0,10,2.44,0,0.08
1345,0,0,0,1000,0,10,2.46,0,0
1346,0,0,0,1000,0,10,2.46,0,0.02
1347,0,0,0,1000,0,10,2.46,0,0.04
1348,0,0,0,1000,0,10,2.46,0,0.06
1349,0,0,0,1000,0,10,2.46,0,0.08
1350,0,0,0,1000,0,10,2.48,0,0
1351,0,0,0,1000,0,10,2.48,0,0.02
1352,0,0,0,1000,0,10,2.48,0,0.04
1353,0,0,0,1000,0,10,2.48,0,0.06
1354,0,0,0,1000,0,10,2.48,0,0.08
1355,0,0,0,1000,0,10,2.5,0,0
1356,0,0,0,1000,0,10,2.5,0,0.02
1357,0,0,0,1000,0,10,2.5,0,0.04
1358,0,0,0,1000,0,10,2.5,0,0.06
1359,0,0,0,1000,0,10,2.5,0,0.08
1360,0,0,0,1000,0,10,2.52,0,0
1361,0,0,0,1000,0,10,2.52,0,0.02
1362,0,0,0,1000,0,10,2.52,0,0.04
1363,0,0,0,1000,0,10,2.52,0,0.06
1364,0,0,0,1000,0,10,2.52,0,0.08
1365,0,0,0,1000,0,10,2.54,0,0
1366,0,0,0,1000,0,10,2.54,0,0.02
1367,0,0,0,1000,0,10,2.54,0,0.04
1368,0,0,0,1000,0,10,2.54,0,0.06
1369,0,0,0,1000,0,10,2.54,0,0.08
1370,0,0,0,1000,0,10,2.56,0,0
1371,0,0,0,1000,0,10,2.56,0,0.02
1372,0,0,0,1000,0,10,2.56,0,0.04
1373,0,0,0,1000,0,10,2.56,0,0.06
1374,0,0,0,1000,0,10,2.56,0,0.08
1375,0,0,0,1000,0,10,2.58,0,0
1376,0,0,0,1000,0,10,2.58,0,0.02
1377,0,0,0,1000,0,10,2.58,0,0.04
1378,0,0,0,1000,0,10,2.58,0,0.06
1379,0,0,0,1000,0,10,2.58,0,0.08
1380,0,0,0,1000,0,10,2.6,0,0
1381,0,0,0,1000,0,10,2.6,0,0.02
1382,0,0,0,1000,0,10,2.6,0,0.04
1383,0,0,0,1000,0,10,2.6,0,0.06
1384,0,0,0,1000,0,10,2.6,0,0.08
1385,0,0,0,1000,0,10,2.62,0,0
1386,0,0,0,1000,0,10,2.62,0,0.02
1387,0,0,0,1000,0,10,2.62,0,0.04
1388,0,0,0,1000,0,10,2.62,0,0.06
1389,0,0,0,1000,0,10,2.62,0,0.08
1390,0,0,0,1000,0,10,2.64,0,0
1391,0,0,0,1000,0,10,2.64,0,0.02
1392,0,0,0,1000,0,10,2.64,0,0.04
1393,0,0,0,1000,0,10,2.64,0,0.06
1394,0,0,0,1000,0,10,2.64,0,0.08
1395,0,0,0,1000,0,10,2.66,0,0
1396,0,0,0,1000,0,10,2.66,0,0.02
1397,0,0,0,1000,0,10,2.66,0,0.04
1398,0,0,0,1000,0,10,2.66,0,0.06
1399,0,0,0,1000,0,10,2.66,0,0.08
1400,0,0,0,1000,0,10,2.68,0,0
1401,0,0,0,1000,0,10,2.68,0,0.02
1402,0,0,0,1000,0,10,2.68,0,0.04
1403,0,0,0,1000,0,10,2.68,0,0.06
1404,0,0,0,1000,0,10,2.68,0,0.08
1405,0,0,0,1000,0,10,2.7,0,0
1406,0,0,0,1000,0,10,2.7,0,0.02
1407,0,0,0,1000,0,10,2.7,0,0.04
1408,0,0,0,1000,0,10,2.7,0,0.06
1409,0,0,0,1000,0,10,2.7,0,0.08
1410,0,0,0,1000,0,10,2.72,0,0
1411,0,0,0,1000,0,10,2.72,0,0.02
1412,0,0,0,1000,0,10,2.72,0,0.04
1413,0,0,0,1000,0,10,2.72,0,0.06
1414,0,0,0,1000,0,10,2.72,0,0.08
1415,0,0,0,1000,0,10,2.74,0,0
1416,0,0,0,1000,0,10,2.74,0,0.02
1417,0,0,0,1000,0,10,2.74,0,0.04
1418,0,0,0,1000,0,10,2.74,0,0.06
1419,0,0,0,1000,0,10,2.74,0,0.08
1420,0,0,0,1000,0,10,2.76,0,0
1421,0,0,0,1000,0,10,2.76,0,0.02
1422,0,0,0,1000,0,10,2.76,0,0.04
1423,0,0,0,1000,0,10,2.76,0,0.06
1424,0,0,0,1000,0,10,2.76,0,0.08
1425,0,0,0,1000,0,10,2.78,0,0
1426,0,0,0,1000,0,10,2.78,0,0.02
1427,0,0,0,1000,0,10,2.78,0,0.04
1428,0,0,0,1000,0,10,2.78,0,0.06
1429,0,0,0,1000,0,10,2.78,0,0.08
1430,0,0,0,1000,0,10,2.8,0,0
1431,0,0,0,1000,0,10,2.8,0,0.02
1432,0,0,0,1000,0,10,2.8,0,0.04
1433,0,0,0,1000,0,10,2.8,0,0.06
1434,0,0,0,1000,0,10,2.8,0,0.08
1435,0,0,0,1000,0,10,2.82,0,0
1436,0,0,0,1000,0,10,2.82,0,0.02
1437,0,0,0,1000,0,10,2.82,0,0.04
1438,0,0,0,1000,0,10,2.82,0,0.06
1439,0,0,0,1000,0,10,2.82,0,0.08
1440,0,0,0,1000,0,10,2.84,0,0
1441,0,0,0,1000,0,10,2.84,0,0.02
1442,0,0,0,1000,0,10,2.84,0,0.04
1443,0,0,0,1000,0,10,2.84,0,0.06
1444,0,0,0,1000,0,10,2.84,0,0.08
1445,0,0,0,1000,0,10,2.86,0,0
1446,0,0,0,1000,0,10,2.86,0,0.02
1447,0,0,0,1000,0,10,2.86,0,0.04
1448,0,0,0,1000,0,10,2.86,0,0.06
1449,0,0,0,1000,0,10,2.86,0,0.08
1450,0,0,0,1000,0,10,2.88,0,0
1451,0,0,0,1000,0,10,2.88,0,0.02
1452,0,0,0,1000,0,10,2.88,0,0.04
1453,0,0,0,1000,0,10,2.88,0,0.06
1454,0,0,0,1000,0,10,2.88,0,0.08
1455,0,0,0,1000,0,10,2.9,0,0
1456,0,0,0,1000,0,10,2.9,0,0.02
1457,0,0,0,1000,0,10,2.9,0,0.04
1458,0,0,0,1000,0,10,2.9,0,0.06
1459,0,0,0,1000,0,10,2.9,0,0.08
1460,0,0,0,1000,0,10,2.92,0,0
1461,0,0,0,1000,0,10,2.92,0,0.02
1462,0,0,0,1000,0,10,2.92,0,0.04
1463,0,0,0,1000,0,10,2.92,0,0.06
1464,0,0,0,1000,0,10,2.92,0,0.08
1465,0,0,0,1000,0,10,2.94,0,0
1466,0,0,0,1000,0,10,2.94,0,0.02
1467,0,0,0,1000,0,10,2.94,0,0.04
1468,0,0,0,1000,0,10,2.94,0,0.06
1469,0,0,0,1000,0,10,2.94,0,0.08
1470,0,0,0,1000,0,10,2.96,0,0
1471,0,0,0,1000,0,10,2.96,0,0.02
1472,0,0,0,1000,0,10,2.96,0,0.04
1473,0,0,0,1000,0,10,2.96,0,0.06
1474,0,0,0,1000,0,10,2.96,0,0.08
1475,0,0,0,1000,0,10,2.98,0,0
1476,0,0,0,1000,0,10,2.98,0,0.02
1477,0,0,0,1000,0,10,2.98,0,0.04
1478,0,0,0,1000,0,10,2.98,0,0.06
1479,0,0,0,1000,0,10,2.98,0,0.08
1480,0,0,0,1000,0,10,3,0,0
1481,0,0,0,1000,0,10,3,0,0.02
1482,0,0,0,1000,0,10,3,0,0.04
1483,0,0,0,1000,0,10,3,0,0.06
1484,0,0,0,1000,0,10,3,0,0.08
1485,0,0,0,1000,0,10,3.02,0,0
1486,0,0,0,1000,0,10,3.02,0,0.02
1487,0,0,0,1000,0,10,3.02,0,0.04
1488,0,0,0,1000,0,10,3.02,0,0.06
1489,0,0,0,1000,0,10,3.02,0,0.08
1490,0,0,0,1000,0,10,3.04,0,0
1491,0,0,0,1000,0,10,3.04,0,0.02
1492,0,0,0,1000,0,10,3.04,0,0.04
1493,0,0,0,1000,0,10,3.04,0,0.06
1494,0,0,0,1000,0,10,3.04,0,0.08
1495,0,0,0,1000,0,10,3.06,0,0
1496,0,0,0,1000,0,10,3.06,0,0.02
1497,0,0,0,1000,0,10,3.06,0,0.04
1498,0,0,0,1000,0,10,3.06,0,0.06
1499,0,0,0,1000,0,10,3.06,0,0.08
1500,0,0,0,1000,0,10,3.08,0,0
1501,0,0,0,1000,0,10,3.08,0,0.02
1502,0,0,0,1000,0,10,3.08,0,0.04
1503,0,0,0,1000,0,10,3.08,0,0.06
1504,0,0,0,1000,0,10,3.08,0,0.08
1505,0,0,0,1000,0,10,3.1,0,0
1506,0,0,0,1000,0,10,3.1,0,0.02
1507,0,0,0,1000,0,10,3.1,0,0.04
1508,0,0,0,1000,0,10,3.1,0,0.06
1509,0,0,0,1000,0,10,3.1,0,0.08
1510,0,0,0,1000,0,10,3.12,0,0
1511,0,0,0,1000,0,10,3.12,0,0.02
1512,0,0,0,1000,0,10,3.12,0,0.04
1513,0,0,0,1000,0,10,3.12,0,0.06
1514,0,0,0,1000,0,10,3.12,0,0.08
1515,0,0,0,1000,0,10,3.14,0,0
1516,0,0,0,1000,0,10,3.14,0,0.02
1517,0,0,0,1000,0,10,3.14,0,0.04
1518,0,0,0,1000,0,10,3.14,0,0.06
1519,0,0,0,1000,0,10,3.14,0,0.08
1520,0,0,0,1000,0,10,3.16,0,0
1521,0,0,0,1000,0,10,3.16,0,0.02
1522,0,0,0,1000,0,10,3.16,0,0.04
1523,0,0,0,1000,0,10,3.16,0,0.06
1524,0,0,0,1000,0,10,3.16,0,0.08
1525,0,0,0,1000,0,10,3.18,0,0
1526,0,0,0,1000,0,10,3.18,0,0.02
1527,0,0,0,1000,0,10,3.18,0,0.04
1528,0,0,0,1000,0,10,3.18,0,0.06
1529,0,0,0,1000,0,10,3.18,0,0.08
1530,0,0,0,1000,0,10,3.2,0,0
1531,0,0,0,1000,0,10,3.2,0,0.02
1532,0,0,0,1000,0,10,3.2,0,0.04
1533,0,0,0,1000,0,10,3.2,0,0.06
1534,0,0,0,1000,0,10,3.2,0,0.08
1535,0,0,0,1000,0,10,3.22,0,0
1536,0,0,0,1000,0,10,3.22,0,0.02
1537,0,0,0,1000,0,10,3.22,0,0.04
1538,0,0,0,1000,0,10,3.22,0,0.06
1539,0,0,0,1000,0,10,3.22,0,0.08
1540,0,0,0,1000,0,10,3.24,0,0
1541,0,0,0,1000,0,10,3.24,0,0.02
1542,0,0,0,1000,0,10,3.24,0,0.04
1543,0,0,0,1000,0,10,3.24,0,0.06
1544,0,0,0,1000,0,10,3.24,0,0.08
1545,0,0,0,1000,0,10,3.26,0,0
1546,0,0,0,1000,0,10,3.26,0,0.02
1547,0,0,0,1000,0,10,3.26,0,0.04
1548,0,0,0,1000,0,10,3.26,0,0.06
1549,0,0,0,1000,0,10,3.26,0,0.08
1550,0,0,0,1000,0,10,3.28,0,0
1551,0,0,0,1000,0,10,3.28,0,0.02
1552,0,0,0,1000,0,10,3.28,0,0.04
1553,0,0,0,1000,0,10,3.28,0,0.06
1554,0,0,0,1000,0,10,3.28,0,0.08
1555,0,0,0,1000,0,10,3.3,0,0
1556,0,0,0,1000,0,10,3.3,0,0.02
1557,0,0,0,1000,0,10,3.3,0,0.04
1558,0,0,0,1000,0,10,3.3,0,0.06
1559,0,0,0,1000,0,10,3.3,0,0.08
1560,0,0,0,1000,0,10,3.32,0,0
1561,0,0,0,1000,0,10,3.32,0,0.02
1562,0,0,0,1000,0,10,3.32,0,0.04
1563,0,0,0,1000,0,10,3.32,0,0.06
1564,0,0,0,1000,0,10,3.32,0,0.08
1565,0,0,0,1000,0,10,3.34,0,0
1566,0,0,0,1000,0,10,3.34,0,0.02
1567,0,0,0,1000,0,10,3.34,0,0.04
1568,0,0,0,1000,0,10,3.34,0,0.06
1569,0,0,0,1000,0,10,3.34,0,0.08
1570,0,0,0,1000,0,10,3.36,0,0
1571,0,0,0,1000,0,10,3.36,0,0.02
1572,0,0,0,1000,0,10,3.36,0,0.04
1573,0,0,0,1000,0,10,3.36,0,0.06
1574,0,0,0,1000,0,10,3.36,0,0.08
1575,0,0,0,1000,0,10,3.38,0,0
1576,0,0,0,1000,0,10,3.38,0,0.02
1577,0,0,0,1000,0,10,3.38,0,0.04
1578,0,0,0,1000,0,10,3.38,0,0.06
1579,0,0,0,1000,0,10,3.38,0,0.08
1580,0,0,0,1000,0,10,3.4,0,0
1581,0,0,0,1000,0,10,3.4,0,0.02
1582,0,0,0,1000,0,10,3.4,0,0.04
1583,0,0,0,1000,0,10,3.4,0,0.06
1584,0,0,0,1000,0,10,3.4,0,0.08
1585,0,0,0,1000,0,10,3.42,0,0
1586,0,0,0,1000,0,10,3.42,0,0.02
1587,0,0,0,1000,0,10,3.42,0,0.04
1588,0,0,0,1000,0,10,3.42,0,0.06
1589,0,0,0,1000,0,10,3.42,0,0.08
1590,0,0,0,1000,0,10,3.44,0,0
1591,0,0,0,1000,0,10,3.44,0,0.02
1592,0,0,0,1000,0,10,3.44,0,0.04
1593,0,0,0,1000,0,10,3.44,0,0.06
1594,0,0,0,1000,0,10,3.44,0,0.08
1595,0,0,0,1000,0,10,3.46,0,0
1596,0,0,0,1000,0,10,3.46,0,0.02
1597,0,0,0,1000,0,10,3.46,0,0.04
1598,0,0,0,1000,0,10,3.46,0,0.06
1599,0,0,0,1000,0,10,3.46,0,0.08
1600,0,0,0,1000,0,10,3.48,0,0
1601,0,0,0,1000,0,10,3.48,0,0.02
1602,0,0,0,1000,0,10,3.48,0,0.04
1603,0,0,0,1000,0,10,3.48,0,0.06
1604,0,0,0,1000,0,10,3.48,0,0.08
1605,0,0,0,1000,0,10,3.5,0,0
1606,0,0,0,1000,0,10,3.5,0,0.02
1607,0,0,0,1000,0,10,3.5,0,0.04
1608,0,0,0,1000,0,10,3.5,0,0.06
1609,0,0,0,1000,0,10,3.5,0,0.08
1610,0,0,0,1000,0,10,3.52,0,0
1611,0,0,0,1000,0,10,3.52,0,0.02
1612,0,0,0,1000,0,10,3.52,0,0.04
1613,0,0,0,1000,0,10,3.52,0,0.06
1614,0,0,0,1000,0,10,3.52,0,0.08
1615,0,0,0,1000,0,10,3.54,0,0
1616,0,0,0,1000,0,10,3.54,0,0.02
1617,0,0,0,1000,0,10,3.54,0,0.04
1618,0,0,0,1000,0,10,3.54,0,0.06
1619,0,0,0,1000,0,10,3.54,0,0.08
1620,0,0,0,1000,0,10,3.56,0,0
1621,0,0,0,1000,0,10,3.56,0,0.02
1622,0,0,0,1000,0,10,3.56,0,0.04
1623,0,0,0,1000,0,10,3.56,0,0.06
1624,0,0,0,1000,0,10,3.56,0,0.08
1625,0,0,0,1000,0,10,3.58,0,0
1626,0,0,0,1000,0,10,3.58,0,0.02
1627,0,0,0,1000,0,10,3.58,0,0.04
1628,0,0,0,1000,0,10,3.58,0,0.06
1629,0,0,0,1000,0,10,3.58,0,0.08
1630,0,0,0,1000,0,10,3.6,0,0
1631,0,0,0,1000,0,10,3.6,0,0.02
1632,0,0,0,1000,0,10,3.6,0,0.04
1633,0,0,0,1000,0,10,3.6,0,0.06
1634,0,0,0,1000,0,10,3.6,0,0.08
1635,0,0,0,1000,0,10,3.62,0,0
1636,0,0,0,1000,0,10,3.62,0,0.02
1637,0,0,0,1000,0,10,3.62,0,0.04
1638,0,0,0,1000,0,10,3.62,0,0.06
1639,0,0,0,1000,0,10,3.62,0,0.08
1640,0,0,0,1000,0,10,3.64,0,0
1641,0,0,0,1000,0,10,3.64,0,0.02
1642,0,0,0,1000,0,10,3.64,0,0.04
1643,0,0,0,1000,0,10,3.64,0,0.06
1644,0,0,0,1000,0,10,3.64,0,0.08
1645,0,0,0,1000,0,10,3.66,0,0
1646,0,0,0,1000,0,10,3.66,0,0.02
1647,0,0,0,1000,0,10,3.66,0,0.04
1648,0,0,0,1000,0,10,3.66,0,0.06
1649,0,0,0,1000,0,10,3.66,0,0.08
1650,0,0,0,1000,0,10,3.68,0,0
1651,0,0,0,1000,0,10,3.68,0,0.02
1652,0,0,0,1000,0,10,3.68,0,0.04
1653,0,0,0,1000,0,10,3.68,0,0.06
1654,0,0,0,1000,0,10,3.68,0,0.08
1655,0,0,0,1000,0,10,3.7,0,0
1656,0,0,0,1000,0,10,3.7,0,0.02
1657,0,0,0,1000,0,10,3.7,0,0.04
1658,0,0,0,1000,0,10,3.7,0,0.06
1659,0,0,0,1000,0,10,3.7,0,0.08
1660,0,0,0,1000,0,10,3.72,0,0
1661,0,0,0,1000,0,10,3.72,0,0.02
1662,0,0,0,1000,0,10,3.72,0,0.04
1663,0,0,0,1000,0,10,3.72,0,0.06
1664,0,0,0,1000,0,10,3.72,0,0.08
1665,0,0,0,1000,0,10,3.74,0,0
1666,0,0,0,1000,0,10,3.74,0,0.02
1667,0,0,0,1000,0,10,3.74,0,0.04
1668,0,0,0,1000,0,10,3.74,0,0.06
1669,0,0,0,1000,0,10,3.74,0,0.08
1670,0,0,0,1000,0,10,3.76,0,0
1671,0,0,0,1000,0,10,3.76,0,0.02
1672,0,0,0,1000,0,10,3.76,0,0.04
1673,0,0,0,1000,0,10,3.76,0,0.06
1674,0,0,0,1000,0,10,3.76,0,0.08
1675,0,0,0,1000,0,10,3.78,0,0
1676,0,0,0,1000,0,10,3.78,0,0.02
1677,0,0,0,1000,0,10,3.78,0,0.04
1678,0,0,0,1000,0,10,3.78,0,0.06
1679,0,0,0,1000,0,10,3.78,0,0.08
1680,0,0,0,1000,0,10,3.8,0,0
1681,0,0,0,1000,0,10,3.8,0,0.02
1682,0,0,0,1000,0,10,3.8,0,0.04
1683,0,0,0,1000,0,10,3.8,0,0.06
1684,0,0,0,1000,0,10,3.8,0,0.08
1685,0,0,0,1000,0,10,3.82,0,0
1686,0,0,0,1000,0,10,3.82,0,0.02
1687,0,0,0,1000,0,10,3.82,0,0.04
1688,0,0,0,1000,0,10,3.82,0,0.06
1689,0,0,0,1000,0,10,3.82,0,0.08
1690,0,0,0,1000,0,10,3.84,0,0
1691,0,0,0,1000,0,10,3.84,0,0.02
1692,0,0,0,1000,0,10,3.84,0,0.04
1693,0,0,0,1000,0,10,3.84,0,0.06
1694,0,0,0,1000,0,10,3.84,0,0.08
1695,0,0,0,1000,0,10,3.86,0,0
1696,0,0,0,1000,0,10,3.86,0,0.02
1697,0,0,0,1000,0,10,3.86,0,0.04
1698,0,0,0,1000,0,10,3.86,0,0.06
1699,0,0,0,1000,0,10,3.86,0,0.08
1700,0,0,0,1000,0,10,3.88,0,0
1701,0,0,0,1000,0,10,3.88,0,0.02
1702,0,0,0,1000,0,10,3.88,0,0.04
1703,0,0,0,1000,0,10,3.88,0,0.06
1704,0,0,0,1000,0,10,3.88,0,0.08
1705,0,0,0,1000,0,10,3.9,0,0
1706,0,0,0,1000,0,10,3.9,0,0.02
1707,0,0,0,1000,0,10,3.9,0,0.04
1708,0,0,0,1000,0,10,3.9,0,0.06
1709,0,0,0,1000,0,10,3.9,0,0.08
1710,0,0,0,1000,0,10,3.92,0,0
1711,0,0,0,1000,0,10,3.92,0,0.02
1712,0,0,0,1000,0,10,3.92,0,0.04
1713,0,0,0,1000,0,10,3.92,0,0.06
1714,0,0,0,1000,0,10,3.92,0,0.08
1715,0,0,0,1000,0,10,3.92,0,0.1
1716,0,0,0,1000,0,10,3.92,0,0.12
1717,0,0,0,1000,0,10,3.92,0,0.14
1718,0,0,0,1000,0,10,3.92,0,0.16
1719,0,0,0,1000,0,10,3.92,0,0.18
1720,0,0,0,1000,0,10,3.92,0,0.2
1721,0,0,0,1000,0,10,3.92,0,0.22
1722,0,0,0,1000,0,10,3.92,0,0.24
1723,0,0,0,1000,0,10,3.92,0,0.26
1724,0,0,0,1000,0,10,3.92,0,0.28
1725,0,0,0,1000,0,10,3.92,0,0.3
1726,0,0,0,1000,0,10,3.92,0,0.32
1727,0,0,0,1000,0,10,3.92,0,0.34
1728,0,0,0,1000,0,10,3.92,0,0.36
1729,0,0,0,1000,0,10,3.92,0,0.38
1730,0,0,0,1000,0,10,3.92,0,0.4
1731,0,0,0,1000,0,10,3.92,0,0.42
1732,0,0,0,1000,0,10,3.92,0,0.44
1733,0,0,0,1000,0,10,3.92,0,0.46
1734,0,0,0,1000,0,10,3.92,0,0.48
1735,0,0,0,1000,0,10,3.92,0,0.5
1736,0,0,0,1000,0,10,3.92,0,0.52
1737,0,0,0,1000,0,10,3.92,0,0.54
1738,0,0,0,1000,0,10,3.92,0,0.56
1739,0,0,0,1000,0,10,3.92,0,0.58
1740,0,0,0,1000,0,10,3.92,0,0.6
1741,0,0,0,1000,0,10,3.92,0,0.62
1742,0,0,0,1000,0,10,3.92,0,0.64
1743,0,0,0,1000,0,10,3.92,0,0.66
1744,0,0,0,1000,0,10,3.92,0,0.68
1745,0,0,0,1000,0,10,3.92,0,0.7
1746,0,0,0,1000,0,10,3.92,0,0.72
1747,0,0,0,1000,0,10,3.92,0,0.74
1748,0,0,0,1000,0,10,3.92,0,0.76
1749,0,0,0,1000,0,10,3.92,0,0.78
1750,0,0,0,1000,0,10,3.92,0,0.8
1751,0,0,0,1000,0,10,3.92,0,0.82
1752,0,0,0,1000,0,10,3.92,0,0.84
1753,0,0,0,1000,0,10,3.92,0,0.86
1754,0,0,0,1000,0,10,3.92,0,0.88
1755,0,0,0,1000,0,10,3.92,0,0.9
1756,0,0,0,1000,0,10,3.92,0,0.92
1757,0,0,0,1000,0,10,3.92,0,0.94
1758,0,0,0,1000,0,10,3.92,0,0.96
1759,0,0,0,1000,0,10,3.92,0,0.98
1760,0,0,0,1000,0,10,3.92,0,1
1761,0,0,0,1000,0,10,3.92,0,1.02
1762,0,0,0,1000,0,10,3.92,0,1.04
1763,0,0,0,1000,0,10,3.92,0,1.06
1764,0,0,0,1000,0,10,3.92,0,1.08
1765,0,0,0,1000,0,10,3.92,0,1.1
1766,0,0,0,1000,0,10,3.92,0,1.12
1767,0,0,0,1000,0,10,3.92,0,1.14
1768,0,0,0,1000,0,10,3.92,0,1.16
1769,0,0,0,1000,0,10,3.92,0,1.18
1770,0,0,0,1000,0,10,3.92,0,1.2
1771,0,0,0,1000,0,10,3.92,0,1.22
1772,0,0,0,1000,0,10,3.92,0,1.24
1773,0,0,0,1000,0,10,3.92,0,1.26
1774,0,0,0,1000,0,10,3.92,0,1.28
1775,0,0,0,1000,0,10,3.92,0,1.3
1776,0,0,0,1000,0,10,3.92,0,1.32
1777,0,0,0,1000,0,10,3.92,0,1.34
1778,0,0,0,1000,0,10,3.92,0,1.36
1779,0,0,0,1000,0,10,3.92,0,1.38
1780,0,0,0,1000,0,10,3.92,0,1.4
1781,0,0,0,1000,0,10,3.92,0,1.42
1782,0,0,0,1000,0,10,3.92,0,1.44
1783,0,0,0,1000,0,10,3.92,0,1.46
1784,0,0,0,1000,0,10,3.92,0,1.48
1785,0,0,0,1000,0,10,3.92,0,1.5
1786,0,0,0,1000,0,10,3.92,0,1.52
1787,0,0,0,1000,0,10,3.92,0,1.54
1788,0,0,0,1000,0,10,3.92,0,1.56
1789,0,0,0,1000,0,10,3.92,0,1.58
1790,0,0,0,1000,0,10,3.92,0,1.6
1791,0,0,0,1000,0,10,3.92,0,1.62
1792,0,0,0,1000,0,10,3.92,0,1.64
1793,0,0,0,1000,0,10,3.92,0,1.66
1794,0,0,0,1000,0,10,3.92,0,1.68
1795,0,0,0,1000,0,10,3.92,0,1.7
1796,0,0,0,1000,0,10,3.92,0,1.72
1797,0,0,0,1000,0,10,3.92,0,1.74
1798,0,0,0,1000,0,10,3.92,0,1.76
1799,0,0,0,1000,0,10,3.92,0,1.78
1800,0,0,0,1000,0,10,3.92,0,1.8
1801,0,0,0,1000,0,10,3.92,0,1.82
1802,0,0,0,1000,0,10,3.92,0,1.84
1803,0,0,0,1000,0,10,3.92,0,1.86
1804,0,0,0,1000,0,10,3.92,0,1.88
1805,0,0,0,1000,0,10,3.92,0,1.9
1806,0,0,0,1000,0,10,3.92,0,1.92
1807,0,0,0,1000,0,10,3.92,0,1.94
1808,0,0,0,1000,0,10,3.92,0,1.96
1809,0,0,0,1000,0,10,3.92,0,1.98
1810,0,0,0,1000,0,10,3.92,0,2
1811,0,0,0,1000,0,10,3.92,0,2.02
1812,0,0,0,1000,0,10,3.92,0,2.04
1813,0,0,0,1000,0,10,3.92,0,2.06
1814,0,0,0,1000,0,10,3.92,0,2.08
1815,0,0,0,1000,0,10,3.92,0,2.1
1816,0,0,0,1000,0,10,3.92,0,2.12
1817,0,0,0,1000,0,10,3.92,0,2.14
1818,0,0,0,1000,0,10,3.92,0,2.16
1819,0,0,0,1000,0,10,3.92,0,2.18
1820,0,0,0,1000,0,10,3.92,0,2.2
1821,0,0,0,1000,0,10,3.92,0,2.22
1822,0,0,0,1000,0,10,3.92,0,2.24
1823,0,0,0,1000,0,10,3.92,0,2.26
1824,0,0,0,1000,0,10,3.92,0,2.28
1825,0,0,0,1000,0,10,3.92,0,2.3
1826,0,0,0,1000,0,10,3.92,0,2.32
1827,0,0,0,1000,0,10,3.92,0,2.34
1828,0,0,0,1000,0,10,3.92,0,2.36
1829,0,0,0,1000,0,10,3.92,0,2.38
1830,0,0,0,1000,0,10,3.92,0,2.4
1831,0,0,0,1000,0,10,3.92,0,2.42
1832,0,0,0,1000,0,10,3.92,0,2.44
1833,0,0,0,1000,0,10,3.92,0,2.46
1834,0,0,0,1000,0,10,3.92,0,2.48
1835,0,0,0,1000,0,10,3.92,0,2.5
1836,0,0,0,1000,0,10,3.92,0,2.52
1837,0,0,0,1000,0,10,3.92,0,2.54
1838,0,0,0,1000,0,10,3.92,0,2.56
1839,0,0,0,1000,0,10,3.92,0,2.58
1840,0,0,0,1000,0,10,3.92,0,2.6
1841,0,0,0,1000,0,10,3.92,0,2.62
1842,0,0,0,1000,0,10,3.92,0,2.64
1843,0,0,0,1000,0,10,3.92,0,2.66
1844,0,0,0,1000,0,10,3.92,0,2.68
1845,0,0,0,1000,0,10,3.92,0,2.7
1846,0,0,0,1000,0,10,3.92,0,2.72
1847,0,0,0,1000,0,10,3.92,0,2.74
1848,0,0,0,1000,0,10,3.92,0,2.76
1849,0,0,0,1000,0,10,3.92,0,2.78
1850,0,0,0,1000,0,10,3.92,0,2.8
1851,0,0,0,1000,0,10,3.92,0,2.82
1852,0,0,0,1000,0,10,3.92,0,2.84
1853,0,0,0,1000,0,10,3.92,0,2.86
1854,0,0,0,1000,0,10,3.92,0,2.88
1855,0,0,0,1000,0,10,3.92,0,2.9
1856,0,0,0,1000,0,10,3.92,0,2.92
1857,0,0,0,1000,0,10,3.92,0,2.94
1858,0,0,0,1000,0,10,3.92,0,2.96
1859,0,0,0,1000,0,10,3.92,0,2.98
1860,0,0,0,1000,0,10,3.92,0,3
1861,0,0,0,1000,0,10,3.94,0,0
1862,0,0,0,1000,0,10,3.94,0,0.02
1863,0,0,0,1000,0,10,3.94,0,0.04
1864,0,0,0,1000,0,10,3.94,0,0.06
1865,0,0,0,1000,0,10,3.94,0,0.08
1866,0,0,0,1000,0,10,3.94,0,0.1
1867,0,0,0,1000,0,10,3.94,0,0.12
1868,0,0,0,1000,0,10,3.94,0,0.14
1869,0,0,0,1000,0,10,3.94,0,0.16
1870,0,0,0,1000,0,10,3.94,0,0.18
1871,0,0,0,1000,0,10,3.94,0,0.2
1872,0,0,0,1000,0,10,3.94,0,0.22
1873,0,0,0,1000,0,10,3.94,0,0.24
1874,0,0,0,1000,0,10,3.94,0,0.26
1875,0,0,0,1000,0,10,3.94,0,0.28
1876,0,0,0,1000,0,10,3.94,0,0.3
1877,0,0,0,1000,0,10,3.94,0,0.32
1878,0,0,0,1000,0,10,3.94,0,0.34
1879,0,0,0,1000,0,10,3.94,0,0.36
1880,0,0,0,1000,0,10,3.94,0,0.38
1881,0,0,0,1000,0,10,3.94,0,0.4
1882,0,0,0,1000,0,10,3.94,0,0.42
1883,0,0,0,1000,0,10,3.94,0,0.44
1884,0,0,0,1000,0,10,3.94,0,0.46
1885,0,0,0,1000,0,10,3.94,0,0.48
1886,0,0,0,1000,0,10,3.94,0,0.5
1887,0,0,0,1000,0,10,3.94,0,0.52
1888,0,0,0,1000,0,10,3.94,0,0.54
1889,0,0,0,1000,0,10,3.94,0,0.56
1890,0,0,0,1000,0,10,3.94,0,0.58
1891,0,0,0,1000,0,10,3.94,0,0.6
1892,0,0,0,1000,0,10,3.94,0,0.62
1893,0,0,0,1000,0,10,3.94,0,0.64
1894,0,0,0,1000,0,10,3.94,0,0.66
1895,0,0,0,1000,0,10,3.94,0,0.68
1896,0,0,0,1000,0,10,3.94,0,0.7
1897,0,0,0,1000,0,10,3.94,0,0.72
1898,0,0,0,1000,0,10,3.94,0,0.74
1899,0,0,0,1000,0,10,3.94,0,0.76
1900,0,0,0,1000,0,10,3.94,0,0.78
1901,0,0,0,1000,0,10,3.94,0,0.8
1902,0,0,0,1000,0,10,3.94,0,0.82
1903,0,0,0,1000,0,10,3.94,0,0.84
1904,0,0,0,1000,0,10,3.94,0,0.86
1905,0,0,0,1000,0,10,3.94,0,0.88
1906,0,0,0,1000,0,10,3.94,0,0.9
1907,0,0,0,1000,0,10,3.94,0,0.92
1908,0,0,0,1000,0,10,3.94,0,0.94
1909,0,0,0,1000,0,10,3.94,0,0.96
1910,0,0,0,1000,0,10,3.94,0,0.98
1911,0,0,0,1000,0,10,3.94,0,1
1912,0,0,0,1000,0,10,3.94,0,1.02
1913,0,0,0,1000,0,10,3.94,0,1.04
1914,0,0,0,1000,0,10,3.94,0,1.06
1915,0,0,0,1000,0,10,3.94,0,1.08
1916,0,0,0,1000,0,10,3.94,0,1.1
1917,0,0,0,1000,0,10,3.94,0,1.12
1918,0,0,0,1000,0,10,3.94,0,1.14
1919,0,0,0,1000,0,10,3.94,0,1.16
1920,0,0,0,1000,0,10,3.94,0,1.18
1921,0,0,0,1000,0,10,3.94,0,1.2
1922,0,0,0,1000,0,10,3.94,0,1.22
1923,0,0,0,1000,0,10,3.94,0,1.24
1924,0,0,0,1000,0,10,3.94,0,1.26
1925,0,0,0,1000,0,10,3.94,0,1.28
1926,0,0,0,1000,0,10,3.94,0,1.3
1927,0,0,0,1000,0,10,3.94,0,1.32
1928,0,0,0,1000,0,10,3.94,0,1.34
1929,0,0,0,1000,0,10,3.94,0,1.36
1930,0,0,0,1000,0,10,3.94,0,1.38
1931,0,0,0,1000,0,10,3.94,0,1.4
1932,0,0,0,1000,0,10,3.94,0,1.42
1933,0,0,0,1000,0,10,3.94,0,1.44
1934,0,0,0,1000,0,10,3.94,0,1.46
1935,0,0,0,1000,0,10,3.94,0,1.48
1936,0,0,0,1000,0,10,3.94,0,1.5
1937,0,0,0,1000,0,10,3.94,0,1.52
1938,0,0,0,1000,0,10,3.94,0,1.54
1939,0,0,0,1000,0,10,3.94,0,1.56
1940,0,0,0,1000,0,10,3.94,0,1.58
1941,0,0,0,1000,0,10,3.94,0,1.6
1942,0,0,0,1000,0,10,3.94,0,1.62
1943,0,0,0,1000,0,10,3.94,0,1.64
1944,0,0,0,1000,0,10,3.94,0,1.66
1945,0,0,0,1000,0,10,3.94,0,1.68
1946,0,0,0,1000,0,10,3.94,0,1.7
1947,0,0,0,1000,0,10,3.94,0,1.72
1948,0,0,0,1000,0,10,3.94,0,1.74
1949,0,0,0,1000,0,10,3.94,0,1.76
1950,0,0,0,1000,0,10,3.94,0,1.78
1951,0,0,0,1000,0,10,3.94,0,1.8
1952,0,0,0,1000,0,10,3.94,0,1.82
1953,0,0,0,1000,0,10,3.94,0,1.84
1954,0,0,0,1000,0,10,3.94,0,1.86
1955,0,0,0,1000,0,10,3.94,0,1.88
1956,0,0,0,1000,0,10,3.94,0,1.9
1957,0,0,0,1000,0,10,3.94,0,1.92
1958,0,0,0,1000,0,10,3.94,0,1.94
1959,0,0,0,1000,0,10,3.94,0,1.96
1960,0,0,0,1000,0,10,3.94,0,1.98
1961,0,0,0,1000,0,10,3.94,0,2
1962,0,0,0,1000,0,10,3.94,0,2.02
1963,0,0,0,1000,0,10,3.94,0,2.04
1964,0,0,0,1000,0,10,3.94,0,2.06
1965,0,0,0,1000,0,10,3.94,0,2.08
1966,0,0,0,1000,0,10,3.94,0,2.1
1967,0,0,0,1000,0,10,3.94,0,2.12
1968,0,0,0,1000,0,10,3.94,0,2.14
1969,0,0,0,1000,0,10,3.94,0,2.16
1970,0,0,0,1000,0,10,3.94,0,2.18
1971,0,0,0,1000,0,10,3.94,0,2.2
1972,0,0,0,1000,0,10,3.94,0,2.22
1973,0,0,0,1000,0,10,3.94,0,2.24
1974,0,0,0,1000,0,10,3.94,0,2.26
1975,0,0,0,1000,0,10,3.94,0,2.28
1976,0,0,0,1000,0,10,3.94,0,2.3
1977,0,0,0,1000,0,10,3.94,0,2.32
1978,0,0,0,1000,0,10,3.94,0,2.34
1979,0,0,0,1000,0,10,3.94,0,2.36
1980,0,0,0,1000,0,10,3.94,0,2.38
1981,0,0,0,1000,0,10,3.94,0,2.4
1982,0,0,0,1000,0,10,3.94,0,2.42
1983,0,0,0,1000,0,10,3.94,0,2.44
1984,0,0,0,1000,0,10,3.94,0,2.46
1985,0,0,0,1000,0,10,3.94,0,2.48
1986,0,0,0,1000,0,10,3.94,0,2.5
1987,0,0,0,1000,0,10,3.94,0,2.52
1988,0,0,0,1000,0,10,3.94,0,2.54
1989,0,0,0,1000,0,10,3.94,0,2.56
1990,0,0,0,1000,0,10,3.94,0,2.58
1991,0,0,0,1000,0,10,3.94,0,2.6
1992,0,0,0,1000,0,10,3.94,0,2.62
1993,0,0,0,1000,0,10,3.94,0,2.64
1994,0,0,0,1000,0,10,3.94,0,2.66
1995,0,0,0,1000,0,10,3.94,0,2.68
1996,0,0,0,1000,0,10,3.94,0,2.7
1997,0,0,0,1000,0,10,3.94,0,2.72
1998,0,0,0,1000,0,10,3.94,0,2.74
1999,0,0,0,1000,0,10,3.94,0,2.76
2000,0,0,0,1000,0,10,3.94,0,2.78
2001,0,0,0,1000,0,10,3.94,0,2.8
2002,0,0,0,1000,0,10,3.94,0,2.82
2003,0,0,0,1000,0,10,3.94,0,2.84
2004,0,0,0,1000,0,10,3.94,0,2.86
2005,0,0,0,1000,0,10,3.94,0,2.88
2006,0,0,0,1000,0,10,3.94,0,2.9
2007,0,0,0,1000,0,10,3.94,0,2.92
2008,0,0,0,1000,0,10,3.94,0,2.94
2009,0,0,0,1000,0,10,3.94,0,2.96
2010,0,0,0,1000,0,10,3.94,0,2.98
2011,0,0,0,1000,0,10,3.94,0,3
2012,0,0,0,1000,0,10,3.96,0,0
2013,0,0,0,1000,0,10,3.96,0,0.02
2014,0,0,0,1000,0,10,3.96,0,0.04
2015,0,0,0,1000,0,10,3.96,0,0.06
2016,0,0,0,1000,0,10,3.96,0,0.08
2017,0,0,0,1000,0,10,3.96,0,0.1
2018,0,0,0,1000,0,10,3.96,0,0.12
2019,0,0,0,1000,0,10,3.96,0,0.14
2020,0,0,0,1000,0,10,3.96,0,0.16
2021,0,0,0,1000,0,10,3.96,0,0.18
2022,0,0,0,1000,0,10,3.96,0,0.2
2023,0,0,0,1000,0,10,3.96,0,0.22
2024,0,0,0,1000,0,10,3.96,0,0.24
2025,0,0,0,1000,0,10,3.96,0,0.26
2026,0,0,0,1000,0,10,3.96,0,0.28
2027,0,0,0,1000,0,10,3.96,0,0.3
2028,0,0,0,1000,0,10,3.96,0,0.32
2029,0,0,0,1000,0,10,3.96,0,0.34
2030,0,0,0,1000,0,10,3.96,0,0.36
2031,0,0,0,1000,0,10,3.96,0,0.38
2032,0,0,0,1000,0,10,3.96,0,0.4
2033,0,0,0,1000,0,10,3.96,0,0.42
2034,0,0,0,1000,0,10,3.96,0,0.44
2035,0,0,0,1000,0,10,3.96,0,0.46
2036,0,0,0,1000,0,10,3.96,0,0.48
2037,0,0,0,1000,0,10,3.96,0,0.5
2038,0,0,0,1000,0,10,3.96,0,0.52
2039,0,0,0,1000,0,10,3.96,0,0.54
2040,0,0,0,1000,0,10,3.96,0,0.56
2041,0,0,0,1000,0,10,3.96,0,0.58
2042,0,0,0,1000,0,10,3.96,0,0.6
2043,0,0,0,1000,0,10,3.96,0,0.62
2044,0,0,0,1000,0,10,3.96,0,0.64
2045,0,0,0,1000,0,10,3.96,0,0.66
2046,0,0,0,1000,0,10,3.96,0,0.68
2047,0,0,0,1000,0,10,3.96,0,0.7
2048,0,0,0,1000,0,10,3.96,0,0.72
2049,0,0,0,1000,0,10,3.96,0,0.74
2050,0,0,0,1000,0,10,3.96,0,0.76
2051,0,0,0,1000,0,10,3.96,0,0.78
2052,0,0,0,1000,0,10,3.96,0,0.8
2053,0,0,0,1000,0,10,3.96,0,0.82
2054,0,0,0,1000,0,10,3.96,0,0.84
2055,0,0,0,1000,0,10,3.96,0,0.86
2056,0,0,0,1000,0,10,3.96,0,0.88
2057,0,0,0,1000,0,10,3.96,0,0.9
2058,0,0,0,1000,0,10,3.96,0,0.92
2059,0,0,0,1000,0,10,3.96,0,0.94
2060,0,0,0,1000,0,10,3.96,0,0.96
2061,0,0,0,1000,0,10,3.96,0,0.98
2062,0,0,0,1000,0,10,3.96,0,1
2063,0,0,0,1000,0,10,3.96,0,1.02
2064,0,0,0,1000,0,10,3.96,0,1.04
2065,0,0,0,1000,0,10,3.96,0,1.06
2066,0,0,0,1000,0,10,3.96,0,1.08
2067,0,0,0,1000,0,10,3.96,0,1.1
2068,0,0,0,1000,0,10,3.96,0,1.12
2069,0,0,0,1000,0,10,3.96,0,1.14
2070,0,0,0,1000,0,10,3.96,0,1.16
2071,0,0,0,1000,0,10,3.96,0,1.18
2072,0,0,0,1000,0,10,3.96,0,1.2
2073,0,0,0,1000,0,10,3.96,0,1.22
2074,0,0,0,1000,0,10,3.96,0,1.24
2075,0,0,0,1000,0,10,3.96,0,1.26
2076,0,0,0,1000,0,10,3.96,0,1.28
2077,0,0,0,1000,0,10,3.96,0,1.3
2078,0,0,0,1000,0,10,3.96,0,1.32
2079,0,0,0,1000,0,10,3.96,0,1.34
2080,0,0,0,1000,0,10,3.96,0,1.36
2081,0,0,0,1000,0,10,3.96,0,1.38
2082,0,0,0,1000,0,10,3.96,0,1.4
2083,0,0,0,1000,0,10,3.96,0,1.42
2084,0,0,0,1000,0,10,3.96,0,1.44
2085,0,0,0,1000,0,10,3.96,0,1.46
2086,0,0,0,1000,0,10,3.96,0,1.48
2087,0,0,0,1000,0,10,3.96,0,1.5
2088,0,0,0,1000,0,10,3.96,0,1.52
2089,0,0,0,1000,0,10,3.96,0,1.54
2090,0,0,0,1000,0,10,3.96,0,1.56
2091,0,0,0,1000,0,10,3.96,0,1.58
2092,0,0,0,1000,0,10,3.96,0,1.6
2093,0,0,0,1000,0,10,3.96,0,1.62
2094,0,0,0,1000,0,10,3.96,0,1.64
2095,0,0,0,1000,0,10,3.96,0,1.66
2096,0,0,0,1000,0,10,3.96,0,1.68
2097,0,0,0,1000,0,10,3.96,0,1.7
2098,0,0,0,1000,0,10,3.96,0,1.72
2099,0,0,0,1000,0,10,3.96,0,1.74
2100,0,0,0,1000,0,10,3.96,0,1.76
2101,0,0,0,1000,0,10,3.96,0,1.78
2102,0,0,0,1000,0,10,3.96,0,1.8
2103,0,0,0,1000,0,10,3.96,0,1.82
2104,0,0,0,1000,0,10,3.96,0,1.84
2105,0,0,0,1000,0,10,3.96,0,1.86
2106,0,0,0,1000,0,10,3.96,0,1.88
2107,0,0,0,1000,0,10,3.96,0,1.9
2108,0,0,0,1000,0,10,3.96,0,1.92
2109,0,0,0,1000,0,10,3.96,0,1.94
2110,0,0,0,1000,0,10,3.96,0,1.96
2111,0,0,0,1000,0,10,3.96,0,1.98
2112,0,0,0,1000,0,10,3.96,0,2
2113,0,0,0,1000,0,10,3.96,0,2.02
2114,0,0,0,1000,0,10,3.96,0,2.04
2115,0,0,0,1000,0,10,3.96,0,2.06
2116,0,0,0,1000,0,10,3.96,0,2.08
2117,0,0,0,1000,0,10,3.96,0,2.1
2118,0,0,0,1000,0,10,3.96,0,2.12
2119,0,0,0,1000,0,10,3.96,0,2.14
2120,0,0,0,1000,0,10,3.96,0,2.16
2121,0,0,0,1000,0,10,3.96,0,2.18
2122,0,0,0,1000,0,10,3.96,0,2.2
2123,0,0,0,1000,0,10,3.96,0,2.22
2124,0,0,0,1000,0,10,3.96,0,2.24
2125,0,0,0,1000,0,10,3.96,0,2.26
2126,0,0,0,1000,0,10,3.96,0,2.28
2127,0,0,0,1000,0,10,3.96,0,2.3
2128,0,0,0,1000,0,10,3.96,0,2.32
2129,0,0,0,1000,0,10,3.96,0,2.34
2130,0,0,0,1000,0,10,3.96,0,2.36
2131,0,0,0,1000,0,10,3.96,0,2.38
2132,0,0,0,1000,0,10,3.96,0,2.4
2133,0,0,0,1000,0,10,3.96,0,2.42
2134,0,0,0,1000,0,10,3.96,0,2.44
2135,0,0,0,1000,0,10,3.96,0,2.46
2136,0,0,0,1000,0,10,3.96,0,2.48
2137,0,0,0,1000,0,10,3.96,0,2.5
2138,0,0,0,1000,0,10,3.96,0,2.52
2139,0,0,0,1000,0,10,3.96,0,2.54
2140,0,0,0,1000,0,10,3.96,0,2.56
2141,0,0,0,1000,0,10,3.96,0,2.58
2142,0,0,0,1000,0,10,3.96,0,2.6
2143,0,0,0,1000,0,10,3.96,0,2.62
2144,0,0,0,1000,0,10,3.96,0,2.64
2145,0,0,0,1000,0,10,3.96,0,2.66
2146,0,0,0,1000,0,10,3.96,0,2.68
2147,0,0,0,1000,0,10,3.96,0,2.7
2148,0,0,0,1000,0,10,3.96,0,2.72
2149,0,0,0,1000,0,10,3.96,0,2.74
2150,0,0,0,1000,0,10,3.96,0,2.76
2151,0,0,0,1000,0,10,3.96,0,2.78
2152,0,0,0,1000,0,10,3.96,0,2.8
2153,0,0,0,1000,0,10,3.96,0,2.82
2154,0,0,0,1000,0,10,3.96,0,2.84
2155,0,0,0,1000,0,10,3.96,0,2.86
2156,0,0,0,1000,0,10,3.96,0,2.88
2157,0,0,0,1000,0,10,3.96,0,2.9
2158,0,0,0,1000,0,10,3.96,0,2.92
2159,0,0,0,1000,0,10,3.96,0,2.94
2160,0,0,0,1000,0,10,3.96,0,2.96
2161,0,0,0,1000,0,10,3.96,0,2.98
2162,0,0,0,1000,0,10,3.96,0,3
2163,0,0,0,1000,0,10,3.98,0,0
2164,0,0,0,1000,0,10,3.98,0,0.02
2165,0,0,0,1000,0,10,3.98,0,0.04
2166,0,0,0,1000,0,10,3.98,0,0.06
2167,0,0,0,1000,0,10,3.98,0,0.08
2168,0,0,0,1000,0,10,3.98,0,0.1
2169,0,0,0,1000,0,10,3.98,0,0.12
2170,0,0,0,1000,0,10,3.98,0,0.14
2171,0,0,0,1000,0,10,3.98,0,0.16
2172,0,0,0,1000,0,10,3.98,0,0.18
2173,0,0,0,1000,0,10,3.98,0,0.2
2174,0,0,0,1000,0,10,3.98,0,0.22
2175,0,0,0,1000,0,10,3.98,0,0.24
2176,0,0,0,1000,0,10,3.98,0,0.26
2177,0,0,0,1000,0,10,3.98,0,0.28
2178,0,0,0,1000,0,10,3.98,0,0.3
2179,0,0,0,1000,0,10,3.98,0,0.32
2180,0,0,0,1000,0,10,3.98,0,0.34
2181,0,0,0,1000,0,10,3.98,0,0.36
2182,0,0,0,1000,0,10,3.98,0,0.38
2183,0,0,0,1000,0,10,3.98,0,0.4
2184,0,0,0,1000,0,10,3.98,0,0.42
2185,0,0,0,1000,0,10,3.98,0,0.44
2186,0,0,0,1000,0,10,3.98,0,0.46
2187,0,0,0,1000,0,10,3.98,0,0.48
2188,0,0,0,1000,0,10,3.98,0,0.5
2189,0,0,0,1000,0,10,3.98,0,0.52
2190,0,0,0,1000,0,10,3.98,0,0.54
2191,0,0,0,1000,0,10,3.98,0,0.56
2192,0,0,0,1000,0,10,3.98,0,0.58
2193,0,0,0,1000,0,10,3.98,0,0.6
2194,0,0,0,1000,0,10,3.98,0,0.62
2195,0,0,0,1000,0,10,3.98,0,0.64
2196,0,0,0,1000,0,10,3.98,0,0.66
2197,0,0,0,1000,0,10,3.98,0,0.68
2198,0,0,0,1000,0,10,3.98,0,0.7
2199,0,0,0,1000,0,10,3.98,0,0.72
2200,0,0,0,1000,0,10,3.98,0,0.74
2201,0,0,0,1000,0,10,3.98,0,0.76
2202,0,0,0,1000,0,10,3.98,0,0.78
2203,0,0,0,1000,0,10,3.98,0,0.8
2204,0,0,0,1000,0,10,3.98,0,0.82
2205,0,0,0,1000,0,10,3.98,0,0.84
2206,0,0,0,1000,0,10,3.98,0,0.86
2207,0,0,0,1000,0,10,3.98,0,0.88
2208,0,0,0,1000,0,10,3.98,0,0.9
2209,0,0,0,1000,0,10,3.98,0,0.92
2210,0,0,0,1000,0,10,3.98,0,0.94
2211,0,0,0,1000,0,10,3.98,0,0.96
2212,0,0,0,1000,0,10,3.98,0,0.98
2213,0,0,0,1000,0,10,3.98,0,1
2214,0,0,0,1000,0,10,3.98,0,1.02
2215,0,0,0,1000,0,10,3.98,0,1.04
2216,0,0,0,1000,0,10,3.98,0,1.06
2217,0,0,0,1000,0,10,3.98,0,1.08
2218,0,0,0,1000,0,10,3.98,0,1.1
2219,0,0,0,1000,0,10,3.98,0,1.12
2220,0,0,0,1000,0,10,3.98,0,1.14
2221,0,0,0,1000,0,10,3.98,0,1.16
2222,0,0,0,1000,0,10,3.98,0,1.18
2223,0,0,0,1000,0,10,3.98,0,1.2
2224,0,0,0,1000,0,10,3.98,0,1.22
2225,0,0,0,1000,0,10,3.98,0,1.24
2226,0,0,0,1000,0,10,3.98,0,1.26
2227,0,0,0,1000,0,10,3.98,0,1.28
2228,0,0,0,1000,0,10,3.98,0,1.3
2229,0,0,0,1000,0,10,3.98,0,1.32
2230,0,0,0,1000,0,10,3.98,0,1.34
2231,0,0,0,1000,0,10,3.98,0,1.36
2232,0,0,0,1000,0,10,3.98,0,1.38
2233,0,0,0,1000,0,10,3.98,0,1.4
2234,0,0,0,1000,0,10,3.98,0,1.42
2235,0,0,0,1000,0,10,3.98,0,1.44
2236,0,0,0,1000,0,10,3.98,0,1.46
2237,0,0,0,1000,0,10,3.98,0,1.48
2238,0,0,0,1000,0,10,3.98,0,1.5
2239,0,0,0,1000,0,10,3.98,0,1.52
2240,0,0,0,1000,0,10,3.98,0,1.54
2241,0,0,0,1000,0,10,3.98,0,1.56
2242,0,0,0,1000,0,10,3.98,0,1.58
2243,0,0,0,1000,0,10,3.98,0,1.6
2244,0,0,0,1000,0,10,3.98,0,1.62
2245,0,0,0,1000,0,10,3.98,0,1.64
2246,0,0,0,1000,0,10,3.98,0,1.66
2247,0,0,0,1000,0,10,3.98,0,1.68
2248,0,0,0,1000,0,10,3.98,0,1.7
2249,0,0,0,1000,0,10,3.98,0,1.72
2250,0,0,0,1000,0,10,3.98,0,1.74
2251,0,0,0,1000,0,10,3.98,0,1.76
2252,0,0,0,1000,0,10,3.98,0,1.78
2253,0,0,0,1000,0,10,3.98,0,1.8
2254,0,0,0,1000,0,10,3.98,0,1.82
2255,0,0,0,1000,0,10,3.98,0,1.84
2256,0,0,0,1000,0,10,3.98,0,1.86
2257,0,0,0,1000,0,10,3.98,0,1.88
2258,0,0,0,1000,0,10,3.98,0,1.9
2259,0,0,0,1000,0,10,3.98,0,1.92
2260,0,0,0,1000,0,10,3.98,0,1.94
2261,0,0,0,1000,0,10,3.98,0,1.96
2262,0,0,0,1000,0,10,3.98,0,1.98
2263,0,0,0,1000,0,10,3.98,0,2
2264,0,0,0,1000,0,10,3.98,0,2.02
2265,0,0,0,1000,0,10,3.98,0,2.04
2266,0,0,0,1000,0,10,3.98,0,2.06
2267,0,0,0,1000,0,10,3.98,0,2.08
2268,0,0,0,1000,0,10,3.98,0,2.1
2269,0,0,0,1000,0,10,3.98,0,2.12
2270,0,0,0,1000,0,10,3.98,0,2.14
2271,0,0,0,1000,0,10,3.98,0,2.16
2272,0,0,0,1000,0,10,3.98,0,2.18
2273,0,0,0,1000,0,10,3.98,0,2.2
2274,0,0,0,1000,0,10,3.98,0,2.22
2275,0,0,0,1000,0,10,3.98,0,2.24
2276,0,0,0,1000,0,10,3.98,0,2.26
2277,0,0,0,1000,0,10,3.98,0,2.28
2278,0,0,0,1000,0,10,3.98,0,2.3
2279,0,0,0,1000,0,10,3.98,0,2.32
2280,0,0,0,1000,0,10,3.98,0,2.34
2281,0,0,0,1000,0,10,3.98,0,2.36
2282,0,0,0,1000,0,10,3.98,0,2.38
2283,0,0,0,1000,0,10,3.98,0,2.4
2284,0,0,0,1000,0,10,3.98,0,2.42
2285,0,0,0,1000,0,10,3.98,0,2.44
2286,0,0,0,1000,0,10,3.98,0,2.46
2287,0,0,0,1000,0,10,3.98,0,2.48
2288,0,0,0,1000,0,10,3.98,0,2.5
2289,0,0,0,1000,0,10,3.98,0,2.52
2290,0,0,0,1000,0,10,3.98,0,2.54
2291,0,0,0,1000,0,10,3.98,0,2.56
2292,0,0,0,1000,0,10,3.98,0,2.58
2293,0,0,0,1000,0,10,3.98,0,2.6
2294,0,0,0,1000,0,10,3.98,0,2.62
2295,0,0,0,1000,0,10,3.98,0,2.64
2296,0,0,0,1000,0,10,3.98,0,2.66
2297,0,0,0,1000,0,10,3.98,0,2.68
2298,0,0,0,1000,0,10,3.98,0,2.7
2299,0,0,0,1000,0,10,3.98,0,2.72
2300,0,0,0,1000,0,10,3.98,0,2.74
2301,0,0,0,1000,0,10,3.98,0,2.76
2302,0,0,0,1000,0,10,3.98,0,2.78
2303,0,0,0,1000,0,10,3.98,0,2.8
2304,0,0,0,1000,0,10,3.98,0,2.82
2305,0,0,0,1000,0,10,3.98,0,2.84
2306,0,0,0,1000,0,10,3.98,0,2.86
2307,0,0,0,1000,0,10,3.98,0,2.88
2308,0,0,0,1000,0,10,3.98,0,2.9
2309,0,0,0,1000,0,10,3.98,0,2.92
2310,0,0,0,1000,0,10,3.98,0,2.94
2311,0,0,0,1000,0,10,3.98,0,2.96
2312,0,0,0,1000,0,10,3.98,0,2.98
2313,0,0,0,1000,0,10,3.98,0,3
2314,0,0,0,1000,0,10,4,0,0
2315,0,0,0,1000,0,10,4,0,0.02
2316,0,0,0,1000,0,10,4,0,0.04
2317,0,0,0,1000,0,10,4,0,0.06
2318,0,0,0,1000,0,10,4,0,0.08
2319,0,0,0,1000,0,10,4,0,0.1
2320,0,0,0,1000,0,10,4,0,0.12
2321,0,0,0,1000,0,10,4,0,0.14
2322,0,0,0,1000,0,10,4,0,0.16
2323,0,0,0,1000,0,10,4,0,0.18
2324,0,0,0,1000,0,10,4,0,0.2
2325,0,0,0,1000,0,10,4,0,0.22
2326,0,0,0,1000,0,10,4,0,0.24
2327,0,0,0,1000,0,10,4,0,0.26
2328,0,0,0,1000,0,10,4,0,0.28
2329,0,0,0,1000,0,10,4,0,0.3
2330,0,0,0,1000,0,10,4,0,0.32
2331,0,0,0,1000,0,10,4,0,0.34
2332,0,0,0,1000,0,10,4,0,0.36
2333,0,0,0,1000,0,10,4,0,0.38
2334,0,0,0,1000,0,10,4,0,0.4
2335,0,0,0,1000,0,10,4,0,0.42
2336,0,0,0,1000,0,10,4,0,0.44
2337,0,0,0,1000,0,10,4,0,0.46
2338,0,0,0,1000,0,10,4,0,0.48
2339,0,0,0,1000,0,10,4,0,0.5
2340,0,0,0,1000,0,10,4,0,0.52
2341,0,0,0,1000,0,10,4,0,0.54
2342,0,0,0,1000,0,10,4,0,0.56
2343,0,0,0,1000,0,10,4,0,0.58
2344,0,0,0,1000,0,10,4,0,0.6
2345,0,0,0,1000,0,10,4,0,0.62
2346,0,0,0,1000,0,10,4,0,0.64
2347,0,0,0,1000,0,10,4,0,0.66
2348,0,0,0,1000,0,10,4,0,0.68
2349,0,0,0,1000,0,10,4,0,0.7
2350,0,0,0,1000,0,10,4,0,0.72
2351,0,0,0,1000,0,10,4,0,0.74
2352,0,0,0,1000,0,10,4,0,0.76
2353,0,0,0,1000,0,10,4,0,0.78
2354,0,0,0,1000,0,10,4,0,0.8
2355,0,0,0,1000,0,10,4,0,0.82
2356,0,0,0,1000,0,10,4,0,0.84
2357,0,0,0,1000,0,10,4,0,0.86
2358,0,0,0,1000,0,10,4,0,0.88
2359,0,0,0,1000,0,10,4,0,0.9
2360,0,0,0,1000,0,10,4,0,0.92
2361,0,0,0,1000,0,10,4,0,0.94
2362,0,0,0,1000,0,10,4,0,0.96
2363,0,0,0,1000,0,10,4,0,0.98
2364,0,0,0,1000,0,10,4,0,1
2365,0,0,0,1000,0,10,4,0,1.02
2366,0,0,0,1000,0,10,4,0,1.04
2367,0,0,0,1000,0,10,4,0,1.06
2368,0,0,0,1000,0,10,4,0,1.08
2369,0,0,0,1000,0,10,4,0,1.1
2370,0,0,0,1000,0,10,4,0,1.12
2371,0,0,0,1000,0,10,4,0,1.14
2372,0,0,0,1000,0,10,4,0,1.16
2373,0,0,0,1000,0,10,4,0,1.18
2374,0,0,0,1000,0,10,4,0,1.2
2375,0,0,0,1000,0,10,4,0,1.22
2376,0,0,0,1000,0,10,4,0,1.24
2377,0,0,0,1000,0,10,4,0,1.26
2378,0,0,0,1000,0,10,4,0,1.28
2379,0,0,0,1000,0,10,4,0,1.3
2380,0,0,0,1000,0,10,4,0,1.32
2381,0,0,0,1000,0,10,4,0,1.34
2382,0,0,0,1000,0,10,4,0,1.36
2383,0,0,0,1000,0,10,4,0,1.38
2384,0,0,0,1000,0,10,4,0,1.4
2385,0,0,0,1000,0,10,4,0,1.42
2386,0,0,0,1000,0,10,4,0,1.44
2387,0,0,0,1000,0,10,4,0,1.46
2388,0,0,0,1000,0,10,4,0,1.48
2389,0,0,0,1000,0,10,4,0,1.5
2390,0,0,0,1000,0,10,4,0,1.52
2391,0,0,0,1000,0,10,4,0,1.54
2392,0,0,0,1000,0,10,4,0,1.56
2393,0,0,0,1000,0,10,4,0,1.58
2394,0,0,0,1000,0,10,4,0,1.6
2395,0,0,0,1000,0,10,4,0,1.62
2396,0,0,0,1000,0,10,4,0,1.64
2397,0,0,0,1000,0,10,4,0,1.66
2398,0,0,0,1000,0,10,4,0,1.68
2399,0,0,0,1000,0,10,4,0,1.7
2400,0,0,0,1000,0,10,4,0,1.72
2401,0,0,0,1000,0,10,4,0,1.74
2402,0,0,0,1000,0,10,4,0,1.76
2403,0,0,0,1000,0,10,4,0,1.78
2404,0,0,0,1000,0,10,4,0,1.8
2405,0,0,0,1000,0,10,4,0,1.82
2406,0,0,0,1000,0,10,4,0,1.84
2407,0,0,0,1000,0,10,4,0,1.86
2408,0,0,0,1000,0,10,4,0,1.88
2409,0,0,0,1000,0,10,4,0,1.9
2410,0,0,0,1000,0,10,4,0,1.92
2411,0,0,0,1000,0,10,4,0,1.94
2412,0,0,0,1000,0,10,4,0,1.96
2413,0,0,0,1000,0,10,4,0,1.98
2414,0,0,0,1000,0,10,4,0,2
2415,0,0,0,1000,0,10,4,0,2.02
2416,0,0,0,1000,0,10,4,0,2.04
2417,0,0,0,1000,0,10,4,0,2.06
2418,0,0,0,1000,0,10,4,0,2.08
2419,0,0,0,1000,0,10,4,0,2.1
2420,0,0,0,1000,0,10,4,0,2.12
2421,0,0,0,1000,0,10,4,0,2.14
2422,0,0,0,1000,0,10,4,0,2.16
2423,0,0,0,1000,0,10,4,0,2.18
2424,0,0,0,1000,0,10,4,0,2.2
2425,0,0,0,1000,0,10,4,0,2.22
2426,0,0,0,1000,0,10,4,0,2.24
2427,0,0,0,1000,0,10,4,0,2.26
2428,0,0,0,1000,0,10,4,0,2.28
2429,0,0,0,1000,0,10,4,0,2.3
2430,0,0,0,1000,0,10,4,0,2.32
2431,0,0,0,1000,0,10,4,0,2.34
2432,0,0,0,1000,0,10,4,0,2.36
2433,0,0,0,1000,0,10,4,0,2.38
2434,0,0,0,1000,0,10,4,0,2.4
2435,0,0,0,1000,0,10,4,0,2.42
2436,0,0,0,1000,0,10,4,0,2.44
2437,0,0,0,1000,0,10,4,0,2.46
2438,0,0,0,1000,0,10,4,0,2.48
2439,0,0,0,1000,0,10,4,0,2.5
2440,0,0,0,1000,0,10,4,0,2.52
2441,0,0,0,1000,0,10,4,0,2.54
2442,0,0,0,1000,0,10,4,0,2.56
2443,0,0,0,1000,0,10,4,0,2.58
2444,0,0,0,1000,0,10,4,0,2.6
2445,0,0,0,1000,0,10,4,0,2.62
2446,0,0,0,1000,0,10,4,0,2.64
2447,0,0,0,1000,0,10,4,0,2.66
2448,0,0,0,1000,0,10,4,0,2.68
2449,0,0,0,1000,0,10,4,0,2.7
2450,0,0,0,1000,0,10,4,0,2.72
2451,0,0,0,1000,0,10,4,0,2.74
2452,0,0,0,1000,0,10,4,0,2.76
2453,0,0,0,1000,0,10,4,0,2.78
2454,0,0,0,1000,0,10,4,0,2.8
2455,0,0,0,1000,0,10,4,0,2.82
2456,0,0,0,1000,0,10,4,0,2.84
2457,0,0,0,1000,0,10,4,0,2.86
2458,0,0,0,1000,0,10,4,0,2.88
2459,0,0,0,1000,0,10,4,0,2.9
2460,0,0,0,1000,0,10,4,0,2.92
2461,0,0,0,1000,0,10,4,0,2.94
2462,0,0,0,1000,0,10,4,0,2.96
2463,0,0,0,1000,0,10,4,0,2.98
2464,0,0,0,1000,0,10,4,0,3
