"Point ID", "Idp", "Mk", "Points:0", "Points:1", "Points:2", "Points Magnitude", "Rhop", "Type", "Vel:0", "Vel:1", "Vel:2", "Vel Magnitude"
0,2144,20,1,0,2,2.23607,1000,1,0,0,0,0
1,2145,20,1,0,2.04,2.27192,1000,1,0,0,0,0
2,2146,20,1,0,2.08,2.3079,1000,1,0,0,0,0
3,2147,20,1,0,2.12,2.34401,1000,1,0,0,0,0
4,2148,20,1,0,2.16,2.38025,1000,1,0,0,0,0
5,2149,20,1,0,2.2,2.41661,1000,1,0,0,0,0
6,2150,20,1,0,2.24,2.45308,1000,1,0,0,0,0
7,2151,20,1,0,2.28,2.48966,1000,1,0,0,0,0
8,2152,20,1,0,2.32,2.52634,1000,1,0,0,0,0
9,2153,20,1,0,2.36,2.56312,1000,1,0,0,0,0
10,2154,20,1,0,2.4,2.6,1000,1,0,0,0,0
11,2155,20,1,0,2.44,2.63697,1000,1,0,0,0,0
12,2156,20,1,0,2.48,2.67402,1000,1,0,0,0,0
13,2157,20,1,0,2.52,2.71116,1000,1,0,0,0,0
14,2158,20,1,0,2.56,2.74838,1000,1,0,0,0,0
15,2159,20,1,0,2.6,2.78568,1000,1,0,0,0,0
16,2160,20,1,0,2.64,2.82305,1000,1,0,0,0,0
17,2161,20,1,0,2.68,2.86049,1000,1,0,0,0,0
18,2162,20,1,0,2.72,2.898,1000,1,0,0,0,0
19,2163,20,1,0,2.76,2.93558,1000,1,0,0,0,0
20,2164,20,1,0,2.8,2.97321,1000,1,0,0,0,0
21,2165,20,1,0,2.84,3.01091,1000,1,0,0,0,0
22,2166,20,1,0,2.88,3.04867,1000,1,0,0,0,0
23,2167,20,1,0,2.92,3.08649,1000,1,0,0,0,0
24,2168,20,1,0,2.96,3.12436,1000,1,0,0,0,0
25,2169,20,1,0,3,3.16228,1000,1,0,0,0,0
26,2170,20,1.04,0,2,2.25424,1000,1,0,0,0,0
27,2171,20,1.04,0,2.04,2.2898,1000,1,0,0,0,0
28,2172,20,1.04,0,2.08,2.32551,1000,1,0,0,0,0
29,2173,20,1.04,0,2.12,2.36136,1000,1,0,0,0,0
30,2174,20,1.04,0,2.16,2.39733,1000,1,0,0,0,0
31,2175,20,1.04,0,2.2,2.43343,1000,1,0,0,0,0
32,2176,20,1.04,0,2.24,2.46966,1000,1,0,0,0,0
33,2177,20,1.04,0,2.28,2.50599,1000,1,0,0,0,0
34,2178,20,1.04,0,2.32,2.54244,1000,1,0,0,0,0
35,2179,20,1.04,0,2.36,2.57899,1000,1,0,0,0,0
36,2180,20,1.04,0,2.4,2.61565,1000,1,0,0,0,0
37,2181,20,1.04,0,2.44,2.6524,1000,1,0,0,0,0
38,2182,20,1.04,0,2.48,2.68924,1000,1,0,0,0,0
39,2183,20,1.04,0,2.52,2.72617,1000,1,0,0,0,0
40,2184,20,1.04,0,2.56,2.76319,1000,1,0,0,0,0
41,2185,20,1.04,0,2.6,2.80029,1000,1,0,0,0,0
42,2186,20,1.04,0,2.64,2.83746,1000,1,0,0,0,0
43,2187,20,1.04,0,2.68,2.87472,1000,1,0,0,0,0
44,2188,20,1.04,0,2.72,2.91204,1000,1,0,0,0,0
45,2189,20,1.04,0,2.76,2.94944,1000,1,0,0,0,0
46,2190,20,1.04,0,2.8,2.9869,1000,1,0,0,0,0
47,2191,20,1.04,0,2.84,3.02443,1000,1,0,0,0,0
48,2192,20,1.04,0,2.88,3.06203,1000,1,0,0,0,0
49,2193,20,1.04,0,2.92,3.09968,1000,1,0,0,0,0
50,2194,20,1.04,0,2.96,3.13739,1000,1,0,0,0,0
51,2195,20,1.04,0,3,3.17515,1000,1,0,0,0,0
52,2196,20,1.08,0,2,2.27297,1000,1,0,0,0,0
53,2197,20,1.08,0,2.04,2.30825,1000,1,0,0,0,0
54,2198,20,1.08,0,2.08,2.34367,1000,1,0,0,0,0
55,2199,20,1.08,0,2.12,2.37924,1000,1,0,0,0,0
56,2200,20,1.08,0,2.16,2.41495,1000,1,0,0,0,0
57,2201,20,1.08,0,2.2,2.4508,1000,1,0,0,0,0
58,2202,20,1.08,0,2.24,2.48676,1000,1,0,0,0,0
59,2203,20,1.08,0,2.28,2.52286,1000,1,0,0,0,0
60,2204,20,1.08,0,2.32,2.55906,1000,1,0,0,0,0
61,2205,20,1.08,0,2.36,2.59538,1000,1,0,0,0,0
62,2206,20,1.08,0,2.4,2.63181,1000,1,0,0,0,0
63,2207,20,1.08,0,2.44,2.66833,1000,1,0,0,0,0
64,2208,20,1.08,0,2.48,2.70496,1000,1,0,0,0,0
65,2209,20,1.08,0,2.52,2.74168,1000,1,0,0,0,0
66,2210,20,1.08,0,2.56,2.77849,1000,1,0,0,0,0
67,2211,20,1.08,0,2.6,2.81539,1000,1,0,0,0,0
68,2212,20,1.08,0,2.64,2.85237,1000,1,0,0,0,0
69,2213,20,1.08,0,2.68,2.88943,1000,1,0,0,0,0
70,2214,20,1.08,0,2.72,2.92657,1000,1,0,0,0,0
71,2215,20,1.08,0,2.76,2.96378,1000,1,0,0,0,0
72,2216,20,1.08,0,2.8,3.00107,1000,1,0,0,0,0
73,2217,20,1.08,0,2.84,3.03842,1000,1,0,0,0,0
74,2218,20,1.08,0,2.88,3.07584,1000,1,0,0,0,0
75,2219,20,1.08,0,2.92,3.11333,1000,1,0,0,0,0
76,2220,20,1.08,0,2.96,3.15087,1000,1,0,0,0,0
77,2221,20,1.08,0,3,3.18848,1000,1,0,0,0,0
78,2222,20,1.12,0,2,2.29225,1000,1,0,0,0,0
79,2223,20,1.12,0,2.04,2.32723,1000,1,0,0,0,0
80,2224,20,1.12,0,2.08,2.36237,1000,1,0,0,0,0
81,2225,20,1.12,0,2.12,2.39767,1000,1,0,0,0,0
82,2226,20,1.12,0,2.16,2.4331,1000,1,0,0,0,0
83,2227,20,1.12,0,2.2,2.46868,1000,1,0,0,0,0
84,2228,20,1.12,0,2.24,2.5044,1000,1,0,0,0,0
85,2229,20,1.12,0,2.28,2.54024,1000,1,0,0,0,0
86,2230,20,1.12,0,2.32,2.5762,1000,1,0,0,0,0
87,2231,20,1.12,0,2.36,2.61228,1000,1,0,0,0,0
88,2232,20,1.12,0,2.4,2.64847,1000,1,0,0,0,0
89,2233,20,1.12,0,2.44,2.68477,1000,1,0,0,0,0
90,2234,20,1.12,0,2.48,2.72118,1000,1,0,0,0,0
91,2235,20,1.12,0,2.52,2.75768,1000,1,0,0,0,0
92,2236,20,1.12,0,2.56,2.79428,1000,1,0,0,0,0
93,2237,20,1.12,0,2.6,2.83097,1000,1,0,0,0,0
94,2238,20,1.12,0,2.64,2.86775,1000,1,0,0,0,0
95,2239,20,1.12,0,2.68,2.90462,1000,1,0,0,0,0
96,2240,20,1.12,0,2.72,2.94156,1000,1,0,0,0,0
97,2241,20,1.12,0,2.76,2.97859,1000,1,0,0,0,0
98,2242,20,1.12,0,2.8,3.01569,1000,1,0,0,0,0
99,2243,20,1.12,0,2.84,3.05287,1000,1,0,0,0,0
100,2244,20,1.12,0,2.88,3.09011,1000,1,0,0,0,0
101,2245,20,1.12,0,2.92,3.12743,1000,1,0,0,0,0
102,2246,20,1.12,0,2.96,3.16481,1000,1,0,0,0,0
103,2247,20,1.12,0,3,3.20225,1000,1,0,0,0,0
104,2248,20,1.16,0,2,2.31206,1000,1,0,0,0,0
105,2249,20,1.16,0,2.04,2.34674,1000,1,0,0,0,0
106,2250,20,1.16,0,2.08,2.3816,1000,1,0,0,0,0
107,2251,20,1.16,0,2.12,2.41661,1000,1,0,0,0,0
108,2252,20,1.16,0,2.16,2.45177,1000,1,0,0,0,0
109,2253,20,1.16,0,2.2,2.48709,1000,1,0,0,0,0
110,2254,20,1.16,0,2.24,2.52254,1000,1,0,0,0,0
111,2255,20,1.16,0,2.28,2.55812,1000,1,0,0,0,0
112,2256,20,1.16,0,2.32,2.59384,1000,1,0,0,0,0
113,2257,20,1.16,0,2.36,2.62968,1000,1,0,0,0,0
114,2258,20,1.16,0,2.4,2.66563,1000,1,0,0,0,0
115,2259,20,1.16,0,2.44,2.7017,1000,1,0,0,0,0
116,2260,20,1.16,0,2.48,2.73788,1000,1,0,0,0,0
117,2261,20,1.16,0,2.52,2.77417,1000,1,0,0,0,0
118,2262,20,1.16,0,2.56,2.81055,1000,1,0,0,0,0
119,2263,20,1.16,0,2.6,2.84703,1000,1,0,0,0,0
120,2264,20,1.16,0,2.64,2.88361,1000,1,0,0,0,0
121,2265,20,1.16,0,2.68,2.92027,1000,1,0,0,0,0
122,2266,20,1.16,0,2.72,2.95703,1000,1,0,0,0,0
123,2267,20,1.16,0,2.76,2.99386,1000,1,0,0,0,0
124,2268,20,1.16,0,2.8,3.03078,1000,1,0,0,0,0
125,2269,20,1.16,0,2.84,3.06777,1000,1,0,0,0,0
126,2270,20,1.16,0,2.88,3.10484,1000,1,0,0,0,0
127,2271,20,1.16,0,2.92,3.14197,1000,1,0,0,0,0
128,2272,20,1.16,0,2.96,3.17918,1000,1,0,0,0,0
129,2273,20,1.16,0,3,3.21646,1000,1,0,0,0,0
130,2274,20,1.2,0,2,2.33238,1000,1,0,0,0,0
131,2275,20,1.2,0,2.04,2.36677,1000,1,0,0,0,0
132,2276,20,1.2,0,2.08,2.40133,1000,1,0,0,0,0
133,2277,20,1.2,0,2.12,2.43606,1000,1,0,0,0,0
134,2278,20,1.2,0,2.16,2.47095,1000,1,0,0,0,0
135,2279,20,1.2,0,2.2,2.50599,1000,1,0,0,0,0
136,2280,20,1.2,0,2.24,2.54118,1000,1,0,0,0,0
137,2281,20,1.2,0,2.28,2.57651,1000,1,0,0,0,0
138,2282,20,1.2,0,2.32,2.61197,1000,1,0,0,0,0
139,2283,20,1.2,0,2.36,2.64756,1000,1,0,0,0,0
140,2284,20,1.2,0,2.4,2.68328,1000,1,0,0,0,0
141,2285,20,1.2,0,2.44,2.71912,1000,1,0,0,0,0
142,2286,20,1.2,0,2.48,2.75507,1000,1,0,0,0,0
143,2287,20,1.2,0,2.52,2.79113,1000,1,0,0,0,0
144,2288,20,1.2,0,2.56,2.8273,1000,1,0,0,0,0
145,2289,20,1.2,0,2.6,2.86356,1000,1,0,0,0,0
146,2290,20,1.2,0,2.64,2.89993,1000,1,0,0,0,0
147,2291,20,1.2,0,2.68,2.93639,1000,1,0,0,0,0
148,2292,20,1.2,0,2.72,2.97294,1000,1,0,0,0,0
149,2293,20,1.2,0,2.76,3.00958,1000,1,0,0,0,0
150,2294,20,1.2,0,2.8,3.04631,1000,1,0,0,0,0
151,2295,20,1.2,0,2.84,3.08312,1000,1,0,0,0,0
152,2296,20,1.2,0,2.88,3.12,1000,1,0,0,0,0
153,2297,20,1.2,0,2.92,3.15696,1000,1,0,0,0,0
154,2298,20,1.2,0,2.96,3.19399,1000,1,0,0,0,0
155,2299,20,1.2,0,3,3.2311,1000,1,0,0,0,0
156,2300,20,1.24,0,2,2.35321,1000,1,0,0,0,0
157,2301,20,1.24,0,2.04,2.3873,1000,1,0,0,0,0
158,2302,20,1.24,0,2.08,2.42157,1000,1,0,0,0,0
159,2303,20,1.24,0,2.12,2.45601,1000,1,0,0,0,0
160,2304,20,1.24,0,2.16,2.49062,1000,1,0,0,0,0
161,2305,20,1.24,0,2.2,2.52539,1000,1,0,0,0,0
162,2306,20,1.24,0,2.24,2.56031,1000,1,0,0,0,0
163,2307,20,1.24,0,2.28,2.59538,1000,1,0,0,0,0
164,2308,20,1.24,0,2.32,2.63059,1000,1,0,0,0,0
165,2309,20,1.24,0,2.36,2.66593,1000,1,0,0,0,0
166,2310,20,1.24,0,2.4,2.70141,1000,1,0,0,0,0
167,2311,20,1.24,0,2.44,2.73701,1000,1,0,0,0,0
168,2312,20,1.24,0,2.48,2.77272,1000,1,0,0,0,0
169,2313,20,1.24,0,2.52,2.80856,1000,1,0,0,0,0
170,2314,20,1.24,0,2.56,2.8445,1000,1,0,0,0,0
171,2315,20,1.24,0,2.6,2.88056,1000,1,0,0,0,0
172,2316,20,1.24,0,2.64,2.91671,1000,1,0,0,0,0
173,2317,20,1.24,0,2.68,2.95296,1000,1,0,0,0,0
174,2318,20,1.24,0,2.72,2.98931,1000,1,0,0,0,0
175,2319,20,1.24,0,2.76,3.02576,1000,1,0,0,0,0
176,2320,20,1.24,0,2.8,3.06229,1000,1,0,0,0,0
177,2321,20,1.24,0,2.84,3.0989,1000,1,0,0,0,0
178,2322,20,1.24,0,2.88,3.1356,1000,1,0,0,0,0
179,2323,20,1.24,0,2.92,3.17238,1000,1,0,0,0,0
180,2324,20,1.24,0,2.96,3.20924,1000,1,0,0,0,0
181,2325,20,1.24,0,3,3.24617,1000,1,0,0,0,0
182,2326,20,1.28,0,2,2.37453,1000,1,0,0,0,0
183,2327,20,1.28,0,2.04,2.40832,1000,1,0,0,0,0
184,2328,20,1.28,0,2.08,2.44229,1000,1,0,0,0,0
185,2329,20,1.28,0,2.12,2.47645,1000,1,0,0,0,0
186,2330,20,1.28,0,2.16,2.51078,1000,1,0,0,0,0
187,2331,20,1.28,0,2.2,2.54527,1000,1,0,0,0,0
188,2332,20,1.28,0,2.24,2.57992,1000,1,0,0,0,0
189,2333,20,1.28,0,2.28,2.61473,1000,1,0,0,0,0
190,2334,20,1.28,0,2.32,2.64968,1000,1,0,0,0,0
191,2335,20,1.28,0,2.36,2.68477,1000,1,0,0,0,0
192,2336,20,1.28,0,2.4,2.72,1000,1,0,0,0,0
193,2337,20,1.28,0,2.44,2.75536,1000,1,0,0,0,0
194,2338,20,1.28,0,2.48,2.79084,1000,1,0,0,0,0
195,2339,20,1.28,0,2.52,2.82645,1000,1,0,0,0,0
196,2340,20,1.28,0,2.56,2.86217,1000,1,0,0,0,0
197,2341,20,1.28,0,2.6,2.898,1000,1,0,0,0,0
198,2342,20,1.28,0,2.64,2.93394,1000,1,0,0,0,0
199,2343,20,1.28,0,2.68,2.96998,1000,1,0,0,0,0
200,2344,20,1.28,0,2.72,3.00613,1000,1,0,0,0,0
201,2345,20,1.28,0,2.76,3.04237,1000,1,0,0,0,0
202,2346,20,1.28,0,2.8,3.0787,1000,1,0,0,0,0
203,2347,20,1.28,0,2.84,3.11512,1000,1,0,0,0,0
204,2348,20,1.28,0,2.88,3.15163,1000,1,0,0,0,0
205,2349,20,1.28,0,2.92,3.18823,1000,1,0,0,0,0
206,2350,20,1.28,0,2.96,3.2249,1000,1,0,0,0,0
207,2351,20,1.28,0,3,3.26166,1000,1,0,0,0,0
208,2352,20,1.32,0,2,2.39633,1000,1,0,0,0,0
209,2353,20,1.32,0,2.04,2.42981,1000,1,0,0,0,0
210,2354,20,1.32,0,2.08,2.46349,1000,1,0,0,0,0
211,2355,20,1.32,0,2.12,2.49736,1000,1,0,0,0,0
212,2356,20,1.32,0,2.16,2.5314,1000,1,0,0,0,0
213,2357,20,1.32,0,2.2,2.56562,1000,1,0,0,0,0
214,2358,20,1.32,0,2.24,2.6,1000,1,0,0,0,0
215,2359,20,1.32,0,2.28,2.63454,1000,1,0,0,0,0
216,2360,20,1.32,0,2.32,2.66923,1000,1,0,0,0,0
217,2361,20,1.32,0,2.36,2.70407,1000,1,0,0,0,0
218,2362,20,1.32,0,2.4,2.73905,1000,1,0,0,0,0
219,2363,20,1.32,0,2.44,2.77417,1000,1,0,0,0,0
220,2364,20,1.32,0,2.48,2.80941,1000,1,0,0,0,0
221,2365,20,1.32,0,2.52,2.84478,1000,1,0,0,0,0
222,2366,20,1.32,0,2.56,2.88028,1000,1,0,0,0,0
223,2367,20,1.32,0,2.6,2.91589,1000,1,0,0,0,0
224,2368,20,1.32,0,2.64,2.95161,1000,1,0,0,0,0
225,2369,20,1.32,0,2.68,2.98744,1000,1,0,0,0,0
226,2370,20,1.32,0,2.72,3.02338,1000,1,0,0,0,0
227,2371,20,1.32,0,2.76,3.05941,1000,1,0,0,0,0
228,2372,20,1.32,0,2.8,3.09555,1000,1,0,0,0,0
229,2373,20,1.32,0,2.84,3.13177,1000,1,0,0,0,0
230,2374,20,1.32,0,2.88,3.16809,1000,1,0,0,0,0
231,2375,20,1.32,0,2.92,3.2045,1000,1,0,0,0,0
232,2376,20,1.32,0,2.96,3.24099,1000,1,0,0,0,0
233,2377,20,1.32,0,3,3.27756,1000,1,0,0,0,0
234,2378,20,1.36,0,2,2.41859,1000,1,0,0,0,0
235,2379,20,1.36,0,2.04,2.45177,1000,1,0,0,0,0
236,2380,20,1.36,0,2.08,2.48516,1000,1,0,0,0,0
237,2381,20,1.36,0,2.12,2.51873,1000,1,0,0,0,0
238,2382,20,1.36,0,2.16,2.55249,1000,1,0,0,0,0
239,2383,20,1.36,0,2.2,2.58643,1000,1,0,0,0,0
240,2384,20,1.36,0,2.24,2.62053,1000,1,0,0,0,0
241,2385,20,1.36,0,2.28,2.65481,1000,1,0,0,0,0
242,2386,20,1.36,0,2.32,2.68924,1000,1,0,0,0,0
243,2387,20,1.36,0,2.36,2.72382,1000,1,0,0,0,0
244,2388,20,1.36,0,2.4,2.75855,1000,1,0,0,0,0
245,2389,20,1.36,0,2.44,2.79342,1000,1,0,0,0,0
246,2390,20,1.36,0,2.48,2.82843,1000,1,0,0,0,0
247,2391,20,1.36,0,2.52,2.86356,1000,1,0,0,0,0
248,2392,20,1.36,0,2.56,2.89883,1000,1,0,0,0,0
249,2393,20,1.36,0,2.6,2.93421,1000,1,0,0,0,0
250,2394,20,1.36,0,2.64,2.96971,1000,1,0,0,0,0
251,2395,20,1.36,0,2.68,3.00533,1000,1,0,0,0,0
252,2396,20,1.36,0,2.72,3.04105,1000,1,0,0,0,0
253,2397,20,1.36,0,2.76,3.07688,1000,1,0,0,0,0
254,2398,20,1.36,0,2.8,3.11281,1000,1,0,0,0,0
255,2399,20,1.36,0,2.84,3.14884,1000,1,0,0,0,0
256,2400,20,1.36,0,2.88,3.18496,1000,1,0,0,0,0
257,2401,20,1.36,0,2.92,3.22118,1000,1,0,0,0,0
258,2402,20,1.36,0,2.96,3.25748,1000,1,0,0,0,0
259,2403,20,1.36,0,3,3.29387,1000,1,0,0,0,0
260,2404,20,1.4,0,2,2.44131,1000,1,0,0,0,0
261,2405,20,1.4,0,2.04,2.47419,1000,1,0,0,0,0
262,2406,20,1.4,0,2.08,2.50727,1000,1,0,0,0,0
263,2407,20,1.4,0,2.12,2.54055,1000,1,0,0,0,0
264,2408,20,1.4,0,2.16,2.57402,1000,1,0,0,0,0
265,2409,20,1.4,0,2.2,2.60768,1000,1,0,0,0,0
266,2410,20,1.4,0,2.24,2.64151,1000,1,0,0,0,0
267,2411,20,1.4,0,2.28,2.67552,1000,1,0,0,0,0
268,2412,20,1.4,0,2.32,2.70969,1000,1,0,0,0,0
269,2413,20,1.4,0,2.36,2.74401,1000,1,0,0,0,0
270,2414,20,1.4,0,2.4,2.77849,1000,1,0,0,0,0
271,2415,20,1.4,0,2.44,2.81311,1000,1,0,0,0,0
272,2416,20,1.4,0,2.48,2.84788,1000,1,0,0,0,0
273,2417,20,1.4,0,2.52,2.88278,1000,1,0,0,0,0
274,2418,20,1.4,0,2.56,2.91781,1000,1,0,0,0,0
275,2419,20,1.4,0,2.6,2.95296,1000,1,0,0,0,0
276,2420,20,1.4,0,2.64,2.98824,1000,1,0,0,0,0
277,2421,20,1.4,0,2.68,3.02364,1000,1,0,0,0,0
278,2422,20,1.4,0,2.72,3.05915,1000,1,0,0,0,0
279,2423,20,1.4,0,2.76,3.09477,1000,1,0,0,0,0
280,2424,20,1.4,0,2.8,3.1305,1000,1,0,0,0,0
281,2425,20,1.4,0,2.84,3.16632,1000,1,0,0,0,0
282,2426,20,1.4,0,2.88,3.20225,1000,1,0,0,0,0
283,2427,20,1.4,0,2.92,3.23827,1000,1,0,0,0,0
284,2428,20,1.4,0,2.96,3.27439,1000,1,0,0,0,0
285,2429,20,1.4,0,3,3.31059,1000,1,0,0,0,0
286,2430,20,1.44,0,2,2.46447,1000,1,0,0,0,0
287,2431,20,1.44,0,2.04,2.49704,1000,1,0,0,0,0
288,2432,20,1.44,0,2.08,2.52982,1000,1,0,0,0,0
289,2433,20,1.44,0,2.12,2.56281,1000,1,0,0,0,0
290,2434,20,1.44,0,2.16,2.596,1000,1,0,0,0,0
291,2435,20,1.44,0,2.2,2.62937,1000,1,0,0,0,0
292,2436,20,1.44,0,2.24,2.66293,1000,1,0,0,0,0
293,2437,20,1.44,0,2.28,2.69666,1000,1,0,0,0,0
294,2438,20,1.44,0,2.32,2.73057,1000,1,0,0,0,0
295,2439,20,1.44,0,2.36,2.76463,1000,1,0,0,0,0
296,2440,20,1.44,0,2.4,2.79886,1000,1,0,0,0,0
297,2441,20,1.44,0,2.44,2.83323,1000,1,0,0,0,0
298,2442,20,1.44,0,2.48,2.86775,1000,1,0,0,0,0
299,2443,20,1.44,0,2.52,2.90241,1000,1,0,0,0,0
300,2444,20,1.44,0,2.56,2.93721,1000,1,0,0,0,0
301,2445,20,1.44,0,2.6,2.97214,1000,1,0,0,0,0
302,2446,20,1.44,0,2.64,3.00719,1000,1,0,0,0,0
303,2447,20,1.44,0,2.68,3.04237,1000,1,0,0,0,0
304,2448,20,1.44,0,2.72,3.07766,1000,1,0,0,0,0
305,2449,20,1.44,0,2.76,3.11307,1000,1,0,0,0,0
306,2450,20,1.44,0,2.8,3.14859,1000,1,0,0,0,0
307,2451,20,1.44,0,2.84,3.18421,1000,1,0,0,0,0
308,2452,20,1.44,0,2.88,3.21994,1000,1,0,0,0,0
309,2453,20,1.44,0,2.92,3.25576,1000,1,0,0,0,0
310,2454,20,1.44,0,2.96,3.29169,1000,1,0,0,0,0
311,2455,20,1.44,0,3,3.3277,1000,1,0,0,0,0
312,2456,20,1.48,0,2,2.48805,1000,1,0,0,0,0
313,2457,20,1.48,0,2.04,2.52032,1000,1,0,0,0,0
314,2458,20,1.48,0,2.08,2.5528,1000,1,0,0,0,0
315,2459,20,1.48,0,2.12,2.5855,1000,1,0,0,0,0
316,2460,20,1.48,0,2.16,2.6184,1000,1,0,0,0,0
317,2461,20,1.48,0,2.2,2.65149,1000,1,0,0,0,0
318,2462,20,1.48,0,2.24,2.68477,1000,1,0,0,0,0
319,2463,20,1.48,0,2.28,2.71823,1000,1,0,0,0,0
320,2464,20,1.48,0,2.32,2.75187,1000,1,0,0,0,0
321,2465,20,1.48,0,2.36,2.78568,1000,1,0,0,0,0
322,2466,20,1.48,0,2.4,2.81965,1000,1,0,0,0,0
323,2467,20,1.48,0,2.44,2.85377,1000,1,0,0,0,0
324,2468,20,1.48,0,2.48,2.88804,1000,1,0,0,0,0
325,2469,20,1.48,0,2.52,2.92246,1000,1,0,0,0,0
326,2470,20,1.48,0,2.56,2.95703,1000,1,0,0,0,0
327,2471,20,1.48,0,2.6,2.99172,1000,1,0,0,0,0
328,2472,20,1.48,0,2.64,3.02655,1000,1,0,0,0,0
329,2473,20,1.48,0,2.68,3.0615,1000,1,0,0,0,0
330,2474,20,1.48,0,2.72,3.09658,1000,1,0,0,0,0
331,2475,20,1.48,0,2.76,3.13177,1000,1,0,0,0,0
332,2476,20,1.48,0,2.8,3.16708,1000,1,0,0,0,0
333,2477,20,1.48,0,2.84,3.2025,1000,1,0,0,0,0
334,2478,20,1.48,0,2.88,3.23802,1000,1,0,0,0,0
335,2479,20,1.48,0,2.92,3.27365,1000,1,0,0,0,0
336,2480,20,1.48,0,2.96,3.30938,1000,1,0,0,0,0
337,2481,20,1.48,0,3,3.34521,1000,1,0,0,0,0
338,2482,20,1.52,0,2,2.51205,1000,1,0,0,0,0
339,2483,20,1.52,0,2.04,2.54401,1000,1,0,0,0,0
340,2484,20,1.52,0,2.08,2.5762,1000,1,0,0,0,0
341,2485,20,1.52,0,2.12,2.6086,1000,1,0,0,0,0
342,2486,20,1.52,0,2.16,2.64121,1000,1,0,0,0,0
343,2487,20,1.52,0,2.2,2.67402,1000,1,0,0,0,0
344,2488,20,1.52,0,2.24,2.70703,1000,1,0,0,0,0
345,2489,20,1.52,0,2.28,2.74022,1000,1,0,0,0,0
346,2490,20,1.52,0,2.32,2.77359,1000,1,0,0,0,0
347,2491,20,1.52,0,2.36,2.80713,1000,1,0,0,0,0
348,2492,20,1.52,0,2.4,2.84085,1000,1,0,0,0,0
349,2493,20,1.52,0,2.44,2.87472,1000,1,0,0,0,0
350,2494,20,1.52,0,2.48,2.90875,1000,1,0,0,0,0
351,2495,20,1.52,0,2.52,2.94292,1000,1,0,0,0,0
352,2496,20,1.52,0,2.56,2.97725,1000,1,0,0,0,0
353,2497,20,1.52,0,2.6,3.01171,1000,1,0,0,0,0
354,2498,20,1.52,0,2.64,3.04631,1000,1,0,0,0,0
355,2499,20,1.52,0,2.68,3.08104,1000,1,0,0,0,0
356,2500,20,1.52,0,2.72,3.11589,1000,1,0,0,0,0
357,2501,20,1.52,0,2.76,3.15087,1000,1,0,0,0,0
358,2502,20,1.52,0,2.8,3.18597,1000,1,0,0,0,0
359,2503,20,1.52,0,2.84,3.22118,1000,1,0,0,0,0
360,2504,20,1.52,0,2.88,3.2565,1000,1,0,0,0,0
361,2505,20,1.52,0,2.92,3.29193,1000,1,0,0,0,0
362,2506,20,1.52,0,2.96,3.32746,1000,1,0,0,0,0
363,2507,20,1.52,0,3,3.36309,1000,1,0,0,0,0
364,2508,20,1.56,0,2,2.53645,1000,1,0,0,0,0
365,2509,20,1.56,0,2.04,2.56811,1000,1,0,0,0,0
366,2510,20,1.56,0,2.08,2.6,1000,1,0,0,0,0
367,2511,20,1.56,0,2.12,2.63211,1000,1,0,0,0,0
368,2512,20,1.56,0,2.16,2.66443,1000,1,0,0,0,0
369,2513,20,1.56,0,2.2,2.69696,1000,1,0,0,0,0
370,2514,20,1.56,0,2.24,2.72969,1000,1,0,0,0,0
371,2515,20,1.56,0,2.28,2.76261,1000,1,0,0,0,0
372,2516,20,1.56,0,2.32,2.79571,1000,1,0,0,0,0
373,2517,20,1.56,0,2.36,2.82899,1000,1,0,0,0,0
374,2518,20,1.56,0,2.4,2.86245,1000,1,0,0,0,0
375,2519,20,1.56,0,2.44,2.89607,1000,1,0,0,0,0
376,2520,20,1.56,0,2.48,2.92985,1000,1,0,0,0,0
377,2521,20,1.56,0,2.52,2.96378,1000,1,0,0,0,0
378,2522,20,1.56,0,2.56,2.99787,1000,1,0,0,0,0
379,2523,20,1.56,0,2.6,3.03209,1000,1,0,0,0,0
380,2524,20,1.56,0,2.64,3.06646,1000,1,0,0,0,0
381,2525,20,1.56,0,2.68,3.10097,1000,1,0,0,0,0
382,2526,20,1.56,0,2.72,3.1356,1000,1,0,0,0,0
383,2527,20,1.56,0,2.76,3.17036,1000,1,0,0,0,0
384,2528,20,1.56,0,2.8,3.20525,1000,1,0,0,0,0
385,2529,20,1.56,0,2.84,3.24025,1000,1,0,0,0,0
386,2530,20,1.56,0,2.88,3.27536,1000,1,0,0,0,0
387,2531,20,1.56,0,2.92,3.31059,1000,1,0,0,0,0
388,2532,20,1.56,0,2.96,3.34592,1000,1,0,0,0,0
389,2533,20,1.56,0,3,3.38136,1000,1,0,0,0,0
390,2534,20,1.6,0,2,2.56125,1000,1,0,0,0,0
391,2535,20,1.6,0,2.04,2.5926,1000,1,0,0,0,0
392,2536,20,1.6,0,2.08,2.6242,1000,1,0,0,0,0
393,2537,20,1.6,0,2.12,2.65601,1000,1,0,0,0,0
394,2538,20,1.6,0,2.16,2.68805,1000,1,0,0,0,0
395,2539,20,1.6,0,2.2,2.72029,1000,1,0,0,0,0
396,2540,20,1.6,0,2.24,2.75274,1000,1,0,0,0,0
397,2541,20,1.6,0,2.28,2.78539,1000,1,0,0,0,0
398,2542,20,1.6,0,2.32,2.81823,1000,1,0,0,0,0
399,2543,20,1.6,0,2.36,2.85125,1000,1,0,0,0,0
400,2544,20,1.6,0,2.4,2.88444,1000,1,0,0,0,0
401,2545,20,1.6,0,2.44,2.91781,1000,1,0,0,0,0
402,2546,20,1.6,0,2.48,2.95134,1000,1,0,0,0,0
403,2547,20,1.6,0,2.52,2.98503,1000,1,0,0,0,0
404,2548,20,1.6,0,2.56,3.01887,1000,1,0,0,0,0
405,2549,20,1.6,0,2.6,3.05287,1000,1,0,0,0,0
406,2550,20,1.6,0,2.64,3.08701,1000,1,0,0,0,0
407,2551,20,1.6,0,2.68,3.12128,1000,1,0,0,0,0
408,2552,20,1.6,0,2.72,3.15569,1000,1,0,0,0,0
409,2553,20,1.6,0,2.76,3.19024,1000,1,0,0,0,0
410,2554,20,1.6,0,2.8,3.2249,1000,1,0,0,0,0
411,2555,20,1.6,0,2.84,3.25969,1000,1,0,0,0,0
412,2556,20,1.6,0,2.88,3.2946,1000,1,0,0,0,0
413,2557,20,1.6,0,2.92,3.32962,1000,1,0,0,0,0
414,2558,20,1.6,0,2.96,3.36476,1000,1,0,0,0,0
415,2559,20,1.6,0,3,3.4,1000,1,0,0,0,0
416,2560,20,1.64,0,2,2.58643,1000,1,0,0,0,0
417,2561,20,1.64,0,2.04,2.61748,1000,1,0,0,0,0
418,2562,20,1.64,0,2.08,2.64877,1000,1,0,0,0,0
419,2563,20,1.64,0,2.12,2.6803,1000,1,0,0,0,0
420,2564,20,1.64,0,2.16,2.71205,1000,1,0,0,0,0
421,2565,20,1.64,0,2.2,2.74401,1000,1,0,0,0,0
422,2566,20,1.64,0,2.24,2.77618,1000,1,0,0,0,0
423,2567,20,1.64,0,2.28,2.80856,1000,1,0,0,0,0
424,2568,20,1.64,0,2.32,2.84113,1000,1,0,0,0,0
425,2569,20,1.64,0,2.36,2.87388,1000,1,0,0,0,0
426,2570,20,1.64,0,2.4,2.90682,1000,1,0,0,0,0
427,2571,20,1.64,0,2.44,2.93993,1000,1,0,0,0,0
428,2572,20,1.64,0,2.48,2.97321,1000,1,0,0,0,0
429,2573,20,1.64,0,2.52,3.00666,1000,1,0,0,0,0
430,2574,20,1.64,0,2.56,3.04026,1000,1,0,0,0,0
431,2575,20,1.64,0,2.6,3.07402,1000,1,0,0,0,0
432,2576,20,1.64,0,2.64,3.10793,1000,1,0,0,0,0
433,2577,20,1.64,0,2.68,3.14197,1000,1,0,0,0,0
434,2578,20,1.64,0,2.72,3.17616,1000,1,0,0,0,0
435,2579,20,1.64,0,2.76,3.21048,1000,1,0,0,0,0
436,2580,20,1.64,0,2.8,3.24493,1000,1,0,0,0,0
437,2581,20,1.64,0,2.84,3.27951,1000,1,0,0,0,0
438,2582,20,1.64,0,2.88,3.31421,1000,1,0,0,0,0
439,2583,20,1.64,0,2.92,3.34903,1000,1,0,0,0,0
440,2584,20,1.64,0,2.96,3.38396,1000,1,0,0,0,0
441,2585,20,1.64,0,3,3.41901,1000,1,0,0,0,0
442,2586,20,1.68,0,2,2.61197,1000,1,0,0,0,0
443,2587,20,1.68,0,2.04,2.64273,1000,1,0,0,0,0
444,2588,20,1.68,0,2.08,2.67372,1000,1,0,0,0,0
445,2589,20,1.68,0,2.12,2.70496,1000,1,0,0,0,0
446,2590,20,1.68,0,2.16,2.73642,1000,1,0,0,0,0
447,2591,20,1.68,0,2.2,2.7681,1000,1,0,0,0,0
448,2592,20,1.68,0,2.24,2.8,1000,1,0,0,0,0
449,2593,20,1.68,0,2.28,2.8321,1000,1,0,0,0,0
450,2594,20,1.68,0,2.32,2.8644,1000,1,0,0,0,0
451,2595,20,1.68,0,2.36,2.89689,1000,1,0,0,0,0
452,2596,20,1.68,0,2.4,2.92957,1000,1,0,0,0,0
453,2597,20,1.68,0,2.44,2.96243,1000,1,0,0,0,0
454,2598,20,1.68,0,2.48,2.99546,1000,1,0,0,0,0
455,2599,20,1.68,0,2.52,3.02866,1000,1,0,0,0,0
456,2600,20,1.68,0,2.56,3.06203,1000,1,0,0,0,0
457,2601,20,1.68,0,2.6,3.09555,1000,1,0,0,0,0
458,2602,20,1.68,0,2.64,3.12922,1000,1,0,0,0,0
459,2603,20,1.68,0,2.68,3.16304,1000,1,0,0,0,0
460,2604,20,1.68,0,2.72,3.197,1000,1,0,0,0,0
461,2605,20,1.68,0,2.76,3.2311,1000,1,0,0,0,0
462,2606,20,1.68,0,2.8,3.26533,1000,1,0,0,0,0
463,2607,20,1.68,0,2.84,3.2997,1000,1,0,0,0,0
464,2608,20,1.68,0,2.88,3.33419,1000,1,0,0,0,0
465,2609,20,1.68,0,2.92,3.3688,1000,1,0,0,0,0
466,2610,20,1.68,0,2.96,3.40353,1000,1,0,0,0,0
467,2611,20,1.68,0,3,3.43837,1000,1,0,0,0,0
468,2612,20,1.72,0,2,2.63788,1000,1,0,0,0,0
469,2613,20,1.72,0,2.04,2.66833,1000,1,0,0,0,0
470,2614,20,1.72,0,2.08,2.69904,1000,1,0,0,0,0
471,2615,20,1.72,0,2.12,2.72998,1000,1,0,0,0,0
472,2616,20,1.72,0,2.16,2.76116,1000,1,0,0,0,0
473,2617,20,1.72,0,2.2,2.79256,1000,1,0,0,0,0
474,2618,20,1.72,0,2.24,2.82418,1000,1,0,0,0,0
475,2619,20,1.72,0,2.28,2.85601,1000,1,0,0,0,0
476,2620,20,1.72,0,2.32,2.88804,1000,1,0,0,0,0
477,2621,20,1.72,0,2.36,2.92027,1000,1,0,0,0,0
478,2622,20,1.72,0,2.4,2.95269,1000,1,0,0,0,0
479,2623,20,1.72,0,2.44,2.9853,1000,1,0,0,0,0
480,2624,20,1.72,0,2.48,3.01808,1000,1,0,0,0,0
481,2625,20,1.72,0,2.52,3.05103,1000,1,0,0,0,0
482,2626,20,1.72,0,2.56,3.08415,1000,1,0,0,0,0
483,2627,20,1.72,0,2.6,3.11743,1000,1,0,0,0,0
484,2628,20,1.72,0,2.64,3.15087,1000,1,0,0,0,0
485,2629,20,1.72,0,2.68,3.18446,1000,1,0,0,0,0
486,2630,20,1.72,0,2.72,3.2182,1000,1,0,0,0,0
487,2631,20,1.72,0,2.76,3.25208,1000,1,0,0,0,0
488,2632,20,1.72,0,2.8,3.28609,1000,1,0,0,0,0
489,2633,20,1.72,0,2.84,3.32024,1000,1,0,0,0,0
490,2634,20,1.72,0,2.88,3.35452,1000,1,0,0,0,0
491,2635,20,1.72,0,2.92,3.38892,1000,1,0,0,0,0
492,2636,20,1.72,0,2.96,3.42345,1000,1,0,0,0,0
493,2637,20,1.72,0,3,3.45809,1000,1,0,0,0,0
494,2638,20,1.76,0,2,2.66413,1000,1,0,0,0,0
495,2639,20,1.76,0,2.04,2.69429,1000,1,0,0,0,0
496,2640,20,1.76,0,2.08,2.7247,1000,1,0,0,0,0
497,2641,20,1.76,0,2.12,2.75536,1000,1,0,0,0,0
498,2642,20,1.76,0,2.16,2.78625,1000,1,0,0,0,0
499,2643,20,1.76,0,2.2,2.81737,1000,1,0,0,0,0
500,2644,20,1.76,0,2.24,2.84872,1000,1,0,0,0,0
501,2645,20,1.76,0,2.28,2.88028,1000,1,0,0,0,0
502,2646,20,1.76,0,2.32,2.91204,1000,1,0,0,0,0
503,2647,20,1.76,0,2.36,2.94401,1000,1,0,0,0,0
504,2648,20,1.76,0,2.4,2.97617,1000,1,0,0,0,0
505,2649,20,1.76,0,2.44,3.00852,1000,1,0,0,0,0
506,2650,20,1.76,0,2.48,3.04105,1000,1,0,0,0,0
507,2651,20,1.76,0,2.52,3.07376,1000,1,0,0,0,0
508,2652,20,1.76,0,2.56,3.10664,1000,1,0,0,0,0
509,2653,20,1.76,0,2.6,3.13968,1000,1,0,0,0,0
510,2654,20,1.76,0,2.64,3.17289,1000,1,0,0,0,0
511,2655,20,1.76,0,2.68,3.20624,1000,1,0,0,0,0
512,2656,20,1.76,0,2.72,3.23975,1000,1,0,0,0,0
513,2657,20,1.76,0,2.76,3.27341,1000,1,0,0,0,0
514,2658,20,1.76,0,2.8,3.3072,1000,1,0,0,0,0
515,2659,20,1.76,0,2.84,3.34114,1000,1,0,0,0,0
516,2660,20,1.76,0,2.88,3.3752,1000,1,0,0,0,0
517,2661,20,1.76,0,2.92,3.4094,1000,1,0,0,0,0
518,2662,20,1.76,0,2.96,3.44372,1000,1,0,0,0,0
519,2663,20,1.76,0,3,3.47816,1000,1,0,0,0,0
520,2664,20,1.8,0,2,2.69072,1000,1,0,0,0,0
521,2665,20,1.8,0,2.04,2.72059,1000,1,0,0,0,0
522,2666,20,1.8,0,2.08,2.75071,1000,1,0,0,0,0
523,2667,20,1.8,0,2.12,2.78108,1000,1,0,0,0,0
524,2668,20,1.8,0,2.16,2.81169,1000,1,0,0,0,0
525,2669,20,1.8,0,2.2,2.84253,1000,1,0,0,0,0
526,2670,20,1.8,0,2.24,2.8736,1000,1,0,0,0,0
527,2671,20,1.8,0,2.28,2.90489,1000,1,0,0,0,0
528,2672,20,1.8,0,2.32,2.93639,1000,1,0,0,0,0
529,2673,20,1.8,0,2.36,2.9681,1000,1,0,0,0,0
530,2674,20,1.8,0,2.4,3,1000,1,0,0,0,0
531,2675,20,1.8,0,2.44,3.03209,1000,1,0,0,0,0
532,2676,20,1.8,0,2.48,3.06438,1000,1,0,0,0,0
533,2677,20,1.8,0,2.52,3.09684,1000,1,0,0,0,0
534,2678,20,1.8,0,2.56,3.12947,1000,1,0,0,0,0
535,2679,20,1.8,0,2.6,3.16228,1000,1,0,0,0,0
536,2680,20,1.8,0,2.64,3.19525,1000,1,0,0,0,0
537,2681,20,1.8,0,2.68,3.22837,1000,1,0,0,0,0
538,2682,20,1.8,0,2.72,3.26166,1000,1,0,0,0,0
539,2683,20,1.8,0,2.76,3.29509,1000,1,0,0,0,0
540,2684,20,1.8,0,2.8,3.32866,1000,1,0,0,0,0
541,2685,20,1.8,0,2.84,3.36238,1000,1,0,0,0,0
542,2686,20,1.8,0,2.88,3.39623,1000,1,0,0,0,0
543,2687,20,1.8,0,2.92,3.43022,1000,1,0,0,0,0
544,2688,20,1.8,0,2.96,3.46433,1000,1,0,0,0,0
545,2689,20,1.8,0,3,3.49857,1000,1,0,0,0,0
546,2690,20,1.84,0,2,2.71765,1000,1,0,0,0,0
547,2691,20,1.84,0,2.04,2.74722,1000,1,0,0,0,0
548,2692,20,1.84,0,2.08,2.77705,1000,1,0,0,0,0
549,2693,20,1.84,0,2.12,2.80713,1000,1,0,0,0,0
550,2694,20,1.84,0,2.16,2.83746,1000,1,0,0,0,0
551,2695,20,1.84,0,2.2,2.86803,1000,1,0,0,0,0
552,2696,20,1.84,0,2.24,2.89883,1000,1,0,0,0,0
553,2697,20,1.84,0,2.28,2.92985,1000,1,0,0,0,0
554,2698,20,1.84,0,2.32,2.96108,1000,1,0,0,0,0
555,2699,20,1.84,0,2.36,2.99252,1000,1,0,0,0,0
556,2700,20,1.84,0,2.4,3.02417,1000,1,0,0,0,0
557,2701,20,1.84,0,2.44,3.05601,1000,1,0,0,0,0
558,2702,20,1.84,0,2.48,3.08804,1000,1,0,0,0,0
559,2703,20,1.84,0,2.52,3.12026,1000,1,0,0,0,0
560,2704,20,1.84,0,2.56,3.15265,1000,1,0,0,0,0
561,2705,20,1.84,0,2.6,3.18522,1000,1,0,0,0,0
562,2706,20,1.84,0,2.64,3.21795,1000,1,0,0,0,0
563,2707,20,1.84,0,2.68,3.25085,1000,1,0,0,0,0
564,2708,20,1.84,0,2.72,3.2839,1000,1,0,0,0,0
565,2709,20,1.84,0,2.76,3.31711,1000,1,0,0,0,0
566,2710,20,1.84,0,2.8,3.35046,1000,1,0,0,0,0
567,2711,20,1.84,0,2.84,3.38396,1000,1,0,0,0,0
568,2712,20,1.84,0,2.88,3.4176,1000,1,0,0,0,0
569,2713,20,1.84,0,2.92,3.45138,1000,1,0,0,0,0
570,2714,20,1.84,0,2.96,3.48528,1000,1,0,0,0,0
571,2715,20,1.84,0,3,3.51932,1000,1,0,0,0,0
572,2716,20,1.88,0,2,2.74489,1000,1,0,0,0,0
573,2717,20,1.88,0,2.04,2.77417,1000,1,0,0,0,0
574,2718,20,1.88,0,2.08,2.80371,1000,1,0,0,0,0
575,2719,20,1.88,0,2.12,2.83351,1000,1,0,0,0,0
576,2720,20,1.88,0,2.16,2.86356,1000,1,0,0,0,0
577,2721,20,1.88,0,2.2,2.89386,1000,1,0,0,0,0
578,2722,20,1.88,0,2.24,2.92438,1000,1,0,0,0,0
579,2723,20,1.88,0,2.28,2.95513,1000,1,0,0,0,0
580,2724,20,1.88,0,2.32,2.9861,1000,1,0,0,0,0
581,2725,20,1.88,0,2.36,3.01728,1000,1,0,0,0,0
582,2726,20,1.88,0,2.4,3.04867,1000,1,0,0,0,0
583,2727,20,1.88,0,2.44,3.08026,1000,1,0,0,0,0
584,2728,20,1.88,0,2.48,3.11204,1000,1,0,0,0,0
585,2729,20,1.88,0,2.52,3.14401,1000,1,0,0,0,0
586,2730,20,1.88,0,2.56,3.17616,1000,1,0,0,0,0
587,2731,20,1.88,0,2.6,3.20849,1000,1,0,0,0,0
588,2732,20,1.88,0,2.64,3.24099,1000,1,0,0,0,0
589,2733,20,1.88,0,2.68,3.27365,1000,1,0,0,0,0
590,2734,20,1.88,0,2.72,3.30648,1000,1,0,0,0,0
591,2735,20,1.88,0,2.76,3.33946,1000,1,0,0,0,0
592,2736,20,1.88,0,2.8,3.3726,1000,1,0,0,0,0
593,2737,20,1.88,0,2.84,3.40588,1000,1,0,0,0,0
594,2738,20,1.88,0,2.88,3.4393,1000,1,0,0,0,0
595,2739,20,1.88,0,2.92,3.47287,1000,1,0,0,0,0
596,2740,20,1.88,0,2.96,3.50657,1000,1,0,0,0,0
597,2741,20,1.88,0,3,3.5404,1000,1,0,0,0,0
598,2742,20,1.92,0,2,2.77244,1000,1,0,0,0,0
599,2743,20,1.92,0,2.04,2.80143,1000,1,0,0,0,0
600,2744,20,1.92,0,2.08,2.83069,1000,1,0,0,0,0
601,2745,20,1.92,0,2.12,2.86021,1000,1,0,0,0,0
602,2746,20,1.92,0,2.16,2.88998,1000,1,0,0,0,0
603,2747,20,1.92,0,2.2,2.92,1000,1,0,0,0,0
604,2748,20,1.92,0,2.24,2.95025,1000,1,0,0,0,0
605,2749,20,1.92,0,2.28,2.98074,1000,1,0,0,0,0
606,2750,20,1.92,0,2.32,3.01144,1000,1,0,0,0,0
607,2751,20,1.92,0,2.36,3.04237,1000,1,0,0,0,0
608,2752,20,1.92,0,2.4,3.0735,1000,1,0,0,0,0
609,2753,20,1.92,0,2.44,3.10484,1000,1,0,0,0,0
610,2754,20,1.92,0,2.48,3.13637,1000,1,0,0,0,0
611,2755,20,1.92,0,2.52,3.16809,1000,1,0,0,0,0
612,2756,20,1.92,0,2.56,3.2,1000,1,0,0,0,0
613,2757,20,1.92,0,2.6,3.23209,1000,1,0,0,0,0
614,2758,20,1.92,0,2.64,3.26435,1000,1,0,0,0,0
615,2759,20,1.92,0,2.68,3.29679,1000,1,0,0,0,0
616,2760,20,1.92,0,2.72,3.32938,1000,1,0,0,0,0
617,2761,20,1.92,0,2.76,3.36214,1000,1,0,0,0,0
618,2762,20,1.92,0,2.8,3.39506,1000,1,0,0,0,0
619,2763,20,1.92,0,2.84,3.42812,1000,1,0,0,0,0
620,2764,20,1.92,0,2.88,3.46133,1000,1,0,0,0,0
621,2765,20,1.92,0,2.92,3.49468,1000,1,0,0,0,0
622,2766,20,1.92,0,2.96,3.52817,1000,1,0,0,0,0
623,2767,20,1.92,0,3,3.5618,1000,1,0,0,0,0
624,2768,20,1.96,0,2,2.80029,1000,1,0,0,0,0
625,2769,20,1.96,0,2.04,2.82899,1000,1,0,0,0,0
626,2770,20,1.96,0,2.08,2.85797,1000,1,0,0,0,0
627,2771,20,1.96,0,2.12,2.88721,1000,1,0,0,0,0
628,2772,20,1.96,0,2.16,2.91671,1000,1,0,0,0,0
629,2773,20,1.96,0,2.2,2.94646,1000,1,0,0,0,0
630,2774,20,1.96,0,2.24,2.97644,1000,1,0,0,0,0
631,2775,20,1.96,0,2.28,3.00666,1000,1,0,0,0,0
632,2776,20,1.96,0,2.32,3.0371,1000,1,0,0,0,0
633,2777,20,1.96,0,2.36,3.06777,1000,1,0,0,0,0
634,2778,20,1.96,0,2.4,3.09864,1000,1,0,0,0,0
635,2779,20,1.96,0,2.44,3.12973,1000,1,0,0,0,0
636,2780,20,1.96,0,2.48,3.16101,1000,1,0,0,0,0
637,2781,20,1.96,0,2.52,3.19249,1000,1,0,0,0,0
638,2782,20,1.96,0,2.56,3.22416,1000,1,0,0,0,0
639,2783,20,1.96,0,2.6,3.25601,1000,1,0,0,0,0
640,2784,20,1.96,0,2.64,3.28804,1000,1,0,0,0,0
641,2785,20,1.96,0,2.68,3.32024,1000,1,0,0,0,0
642,2786,20,1.96,0,2.72,3.35261,1000,1,0,0,0,0
643,2787,20,1.96,0,2.76,3.38514,1000,1,0,0,0,0
644,2788,20,1.96,0,2.8,3.41784,1000,1,0,0,0,0
645,2789,20,1.96,0,2.84,3.45068,1000,1,0,0,0,0
646,2790,20,1.96,0,2.88,3.48368,1000,1,0,0,0,0
647,2791,20,1.96,0,2.92,3.51682,1000,1,0,0,0,0
648,2792,20,1.96,0,2.96,3.5501,1000,1,0,0,0,0
649,2793,20,1.96,0,3,3.58352,1000,1,0,0,0,0
650,2794,20,2,0,2,2.82843,1000,1,0,0,0,0
651,2795,20,2,0,2.04,2.85685,1000,1,0,0,0,0
652,2796,20,2,0,2.08,2.88555,1000,1,0,0,0,0
653,2797,20,2,0,2.12,2.91452,1000,1,0,0,0,0
654,2798,20,2,0,2.16,2.94374,1000,1,0,0,0,0
655,2799,20,2,0,2.2,2.97321,1000,1,0,0,0,0
656,2800,20,2,0,2.24,3.00293,1000,1,0,0,0,0
657,2801,20,2,0,2.28,3.03289,1000,1,0,0,0,0
658,2802,20,2,0,2.32,3.06307,1000,1,0,0,0,0
659,2803,20,2,0,2.36,3.09348,1000,1,0,0,0,0
660,2804,20,2,0,2.4,3.1241,1000,1,0,0,0,0
661,2805,20,2,0,2.44,3.15493,1000,1,0,0,0,0
662,2806,20,2,0,2.48,3.18597,1000,1,0,0,0,0
663,2807,20,2,0,2.52,3.2172,1000,1,0,0,0,0
664,2808,20,2,0,2.56,3.24863,1000,1,0,0,0,0
665,2809,20,2,0,2.6,3.28024,1000,1,0,0,0,0
666,2810,20,2,0,2.64,3.31204,1000,1,0,0,0,0
667,2811,20,2,0,2.68,3.34401,1000,1,0,0,0,0
668,2812,20,2,0,2.72,3.37615,1000,1,0,0,0,0
669,2813,20,2,0,2.76,3.40846,1000,1,0,0,0,0
670,2814,20,2,0,2.8,3.44093,1000,1,0,0,0,0
671,2815,20,2,0,2.84,3.47356,1000,1,0,0,0,0
672,2816,20,2,0,2.88,3.50634,1000,1,0,0,0,0
673,2817,20,2,0,2.92,3.53927,1000,1,0,0,0,0
674,2818,20,2,0,2.96,3.57234,1000,1,0,0,0,0
675,2819,20,2,0,3,3.60555,1000,1,0,0,0,0

