"Point ID", "Idp", "Mk", "Points:0", "Points:1", "Points:2", "Points Magnitude", "Rhop", "Type", "Vel:0", "Vel:1", "Vel:2", "Vel Magnitude"
0,3597,3,-0.005,0.0,1.0,1.000012499921876,1000.0,4,1.0,0.0,0.0,1.0
1,3598,3,-0.0025,0.0,1.0,1.0000031249951171,1000.0,4,1.0,0.0,0.0,1.0
2,3599,3,0.0,0.0,1.0,1.0,1000.0,4,1.0,0.0,0.0,1.0
3,3600,3,0.0025,0.0,1.0,1.0000031249951171,1000.0,4,1.0,0.0,0.0,1.0
4,3601,3,0.005,0.0,1.0,1.000012499921876,1000.0,4,1.0,0.0,0.0,1.0
5,3602,3,0.0075,0.0,1.0,1.0000281246045033,1000.0,4,1.0,0.0,0.0,1.0
6,3603,3,0.01,0.0,1.0,1.0000499987500624,1000.0,4,1.0,0.0,0.0,1.0
7,3604,3,0.0125,0.0,1.0,1.0000781219484807,1000.0,4,1.0,0.0,0.0,1.0
8,3605,3,0.015,0.0,1.0,1.0001124936725867,1000.0,4,1.0,0.0,0.0,1.0
9,3606,3,0.0175,0.0,1.0,1.000153113278162,1000.0,4,1.0,0.0,0.0,1.0
10,3607,3,0.02,0.0,1.0,1.000199980003999,1000.0,4,1.0,0.0,0.0,1.0
11,3608,3,0.0225,0.0,1.0,1.0002530929719737,1000.0,4,1.0,0.0,0.0,1.0
12,3609,3,0.025,0.0,1.0,1.000312451187128,1000.0,4,1.0,0.0,0.0,1.0
13,3610,3,0.0275,0.0,1.0,1.0003780535377613,1000.0,4,1.0,0.0,0.0,1.0
14,3611,3,0.03,0.0,1.0,1.0004498987955368,1000.0,4,1.0,0.0,0.0,1.0
15,3612,3,0.0325,0.0,1.0,1.0005279856155949,1000.0,4,1.0,0.0,0.0,1.0
16,3613,3,0.035,0.0,1.0,1.0006123125366788,1000.0,4,1.0,0.0,0.0,1.0
17,3614,3,0.0375,0.0,1.0,1.0007028779812717,1000.0,4,1.0,0.0,0.0,1.0
18,3615,3,0.04,0.0,1.0,1.0007996802557444,1000.0,4,1.0,0.0,0.0,1.0
19,3616,3,0.0425,0.0,1.0,1.000902717550512,1000.0,4,1.0,0.0,0.0,1.0
20,3617,3,0.045,0.0,1.0,1.0010119879402044,1000.0,4,1.0,0.0,0.0,1.0
21,3618,3,0.0475,0.0,1.0,1.0011274893838447,1000.0,4,1.0,0.0,0.0,1.0
22,3619,3,0.05,0.0,1.0,1.0012492197250393,1000.0,4,1.0,0.0,0.0,1.0
23,3620,3,0.0525,0.0,1.0,1.0013771766921793,1000.0,4,1.0,0.0,0.0,1.0
24,3621,3,0.055,0.0,1.0,1.0015113578986512,1000.0,4,1.0,0.0,0.0,1.0
25,3622,3,0.0575,0.0,1.0,1.0016517608430586,1000.0,4,1.0,0.0,0.0,1.0
26,3623,3,0.06,0.0,1.0,1.0017983829094554,1000.0,4,1.0,0.0,0.0,1.0
27,3624,3,0.0625,0.0,1.0,1.0019512213675874,1000.0,4,1.0,0.0,0.0,1.0
28,3625,3,0.065,0.0,1.0,1.0021102733731453,1000.0,4,1.0,0.0,0.0,1.0
29,3626,3,0.0675,0.0,1.0,1.002275535968029,1000.0,4,1.0,0.0,0.0,1.0
30,3627,3,0.07,0.0,1.0,1.0024470060806208,1000.0,4,1.0,0.0,0.0,1.0
31,3628,3,0.0725,0.0,1.0,1.0026246805260681,1000.0,4,1.0,0.0,0.0,1.0
32,3629,3,0.075,0.0,1.0,1.002808556006579,1000.0,4,1.0,0.0,0.0,1.0
33,3630,3,0.0775,0.0,1.0,1.0029986291117252,1000.0,4,1.0,0.0,0.0,1.0
34,3631,3,0.08,0.0,1.0,1.0031948963187562,1000.0,4,1.0,0.0,0.0,1.0
35,3632,3,0.0825,0.0,1.0,1.0033973539929233,1000.0,4,1.0,0.0,0.0,1.0
36,3633,3,0.085,0.0,1.0,1.0036059983878136,1000.0,4,1.0,0.0,0.0,1.0
37,3634,3,0.0875,0.0,1.0,1.0038208256456926,1000.0,4,1.0,0.0,0.0,1.0
38,3635,3,0.09,0.0,1.0,1.004041831797859,1000.0,4,1.0,0.0,0.0,1.0
39,3636,3,0.0925,0.0,1.0,1.004269012765006,1000.0,4,1.0,0.0,0.0,1.0
40,3637,3,0.095,0.0,1.0,1.0045023643575957,1000.0,4,1.0,0.0,0.0,1.0
41,3638,3,0.0975,0.0,1.0,1.004741882276239,1000.0,4,1.0,0.0,0.0,1.0
42,3639,3,0.1,0.0,1.0,1.004987562112089,1000.0,4,1.0,0.0,0.0,1.0
43,3640,3,0.1025,0.0,1.0,1.00523939934724,1000.0,4,1.0,0.0,0.0,1.0
44,3641,3,0.105,0.0,1.0,1.005497389355139,1000.0,4,1.0,0.0,0.0,1.0
45,3642,3,0.1075,0.0,1.0,1.0057615274010037,1000.0,4,1.0,0.0,0.0,1.0
46,3643,3,0.11,0.0,1.0,1.0060318086422517,1000.0,4,1.0,0.0,0.0,1.0
47,3644,3,0.1125,0.0,1.0,1.0063082281289366,1000.0,4,1.0,0.0,0.0,1.0
48,3645,3,0.115,0.0,1.0,1.0065907808041956,1000.0,4,1.0,0.0,0.0,1.0
49,3646,3,0.1175,0.0,1.0,1.0068794615047028,1000.0,4,1.0,0.0,0.0,1.0
50,3647,3,0.12,0.0,1.0,1.0071742649611337,1000.0,4,1.0,0.0,0.0,1.0
51,3648,3,0.1225,0.0,1.0,1.007475185798638,1000.0,4,1.0,0.0,0.0,1.0
52,3649,3,0.125,0.0,1.0,1.0077822185373186,1000.0,4,1.0,0.0,0.0,1.0
53,3650,3,0.1275,0.0,1.0,1.008095357592723,1000.0,4,1.0,0.0,0.0,1.0
54,3651,3,0.13,0.0,1.0,1.0084145972763385,1000.0,4,1.0,0.0,0.0,1.0
55,3652,3,0.1325,0.0,1.0,1.0087399317960997,1000.0,4,1.0,0.0,0.0,1.0
56,3653,3,0.135,0.0,1.0,1.0090713552569015,1000.0,4,1.0,0.0,0.0,1.0
57,3654,3,0.1375,0.0,1.0,1.009408861661121,1000.0,4,1.0,0.0,0.0,1.0
58,3655,3,0.14,0.0,1.0,1.009752444909147,1000.0,4,1.0,0.0,0.0,1.0
59,3656,3,0.1425,0.0,1.0,1.0101020987999183,1000.0,4,1.0,0.0,0.0,1.0
60,3657,3,0.145,0.0,1.0,1.0104578170314682,1000.0,4,1.0,0.0,0.0,1.0
61,3658,3,0.1475,0.0,1.0,1.0108195932014772,1000.0,4,1.0,0.0,0.0,1.0
62,3659,3,0.15,0.0,1.0,1.0111874208078342,1000.0,4,1.0,0.0,0.0,1.0
63,3660,3,0.1525,0.0,1.0,1.0115612932492029,1000.0,4,1.0,0.0,0.0,1.0
64,3661,3,0.155,0.0,1.0,1.0119412038255977,1000.0,4,1.0,0.0,0.0,1.0
65,3662,3,0.1575,0.0,1.0,1.012327145738965,1000.0,4,1.0,0.0,0.0,1.0
66,3663,3,0.16,0.0,1.0,1.012719112093773,1000.0,4,1.0,0.0,0.0,1.0
67,3664,3,0.1625,0.0,1.0,1.0131170958976066,1000.0,4,1.0,0.0,0.0,1.0
68,3665,3,0.165,0.0,1.0,1.0135210900617708,1000.0,4,1.0,0.0,0.0,1.0
69,3666,3,0.1675,0.0,1.0,1.0139310874019003,1000.0,4,1.0,0.0,0.0,1.0
70,3667,3,0.17,0.0,1.0,1.014347080638575,1000.0,4,1.0,0.0,0.0,1.0
71,3668,3,0.1725,0.0,1.0,1.0147690623979428,1000.0,4,1.0,0.0,0.0,1.0
72,3669,3,0.175,0.0,1.0,1.0151970252123477,1000.0,4,1.0,0.0,0.0,1.0
73,3670,3,0.1775,0.0,1.0,1.015630961520965,1000.0,4,1.0,0.0,0.0,1.0
74,3671,3,0.18,0.0,1.0,1.016070863670443,1000.0,4,1.0,0.0,0.0,1.0
75,3672,3,0.1825,0.0,1.0,1.0165167239155488,1000.0,4,1.0,0.0,0.0,1.0
76,3673,3,0.185,0.0,1.0,1.0169685344198216,1000.0,4,1.0,0.0,0.0,1.0
77,3674,3,0.1875,0.0,1.0,1.0174262872562316,1000.0,4,1.0,0.0,0.0,1.0
78,3675,3,0.19,0.0,1.0,1.0178899744078433,1000.0,4,1.0,0.0,0.0,1.0
79,3676,3,0.1925,0.0,1.0,1.0183595877684857,1000.0,4,1.0,0.0,0.0,1.0
80,3677,3,0.195,0.0,1.0,1.0188351191434264,1000.0,4,1.0,0.0,0.0,1.0
81,3678,3,0.1975,0.0,1.0,1.019316560250053,1000.0,4,1.0,0.0,0.0,1.0
82,3679,3,0.2,0.0,1.0,1.019803902718557,1000.0,4,1.0,0.0,0.0,1.0
83,3680,3,0.2025,0.0,1.0,1.0202971380926245,1000.0,4,1.0,0.0,0.0,1.0
84,3681,3,0.205,0.0,1.0,1.0207962578301313,1000.0,4,1.0,0.0,0.0,1.0
85,3682,3,0.2075,0.0,1.0,1.0213012533038428,1000.0,4,1.0,0.0,0.0,1.0
86,3683,3,0.21,0.0,1.0,1.0218121158021176,1000.0,4,1.0,0.0,0.0,1.0
87,3684,3,0.2125,0.0,1.0,1.0223288365296168,1000.0,4,1.0,0.0,0.0,1.0
88,3685,3,0.215,0.0,1.0,1.0228514066080174,1000.0,4,1.0,0.0,0.0,1.0
89,3686,3,0.2175,0.0,1.0,1.0233798170767294,1000.0,4,1.0,0.0,0.0,1.0
90,3687,3,0.22,0.0,1.0,1.0239140588936164,1000.0,4,1.0,0.0,0.0,1.0
91,3688,3,0.2225,0.0,1.0,1.0244541229357222,1000.0,4,1.0,0.0,0.0,1.0
92,3689,3,0.225,0.0,1.0,1.025,1000.0,4,1.0,0.0,0.0,1.0
93,3690,3,0.2275,0.0,1.0,1.0255516808040441,1000.0,4,1.0,0.0,0.0,1.0
94,3691,3,0.23,0.0,1.0,1.0261091559868276,1000.0,4,1.0,0.0,0.0,1.0
95,3692,3,0.2325,0.0,1.0,1.0266724161094423,1000.0,4,1.0,0.0,0.0,1.0
96,3693,3,0.235,0.0,1.0,1.0272414516558412,1000.0,4,1.0,0.0,0.0,1.0
97,3694,3,0.2375,0.0,1.0,1.0278162530335857,1000.0,4,1.0,0.0,0.0,1.0
98,3695,3,0.24,0.0,1.0,1.0283968105745953,1000.0,4,1.0,0.0,0.0,1.0
99,3696,3,0.2425,0.0,1.0,1.0289831145358994,1000.0,4,1.0,0.0,0.0,1.0
100,3697,3,0.245,0.0,1.0,1.0295751551003938,1000.0,4,1.0,0.0,0.0,1.0
101,3698,3,0.2475,0.0,1.0,1.0301729223775977,1000.0,4,1.0,0.0,0.0,1.0
102,3699,3,0.25,0.0,1.0,1.0307764064044151,1000.0,4,1.0,0.0,0.0,1.0
103,3700,3,0.2525,0.0,1.0,1.0313855971458976,1000.0,4,1.0,0.0,0.0,1.0
104,3701,3,0.255,0.0,1.0,1.0320004844960102,1000.0,4,1.0,0.0,0.0,1.0
105,3702,3,0.2575,0.0,1.0,1.0326210582783986,1000.0,4,1.0,0.0,0.0,1.0
106,3703,3,0.26,0.0,1.0,1.0332473082471592,1000.0,4,1.0,0.0,0.0,1.0
107,3704,3,0.2625,0.0,1.0,1.0338792240876107,1000.0,4,1.0,0.0,0.0,1.0
108,3705,3,0.265,0.0,1.0,1.0345167954170682,1000.0,4,1.0,0.0,0.0,1.0
109,3706,3,0.2675,0.0,1.0,1.0351600117856177,1000.0,4,1.0,0.0,0.0,1.0
110,3707,3,0.27,0.0,1.0,1.0358088626768938,1000.0,4,1.0,0.0,0.0,1.0
111,3708,3,0.2725,0.0,1.0,1.0364633375088574,1000.0,4,1.0,0.0,0.0,1.0
112,3709,3,0.275,0.0,1.0,1.037123425634577,1000.0,4,1.0,0.0,0.0,1.0
113,3710,3,0.2775,0.0,1.0,1.0377891163430073,1000.0,4,1.0,0.0,0.0,1.0
114,3711,3,0.28,0.0,1.0,1.0384603988597736,1000.0,4,1.0,0.0,0.0,1.0
115,3712,3,0.2825,0.0,1.0,1.0391372623479538,1000.0,4,1.0,0.0,0.0,1.0
116,3713,3,0.285,0.0,1.0,1.0398196959088628,1000.0,4,1.0,0.0,0.0,1.0
117,3714,3,0.2875,0.0,1.0,1.040507688582838,1000.0,4,1.0,0.0,0.0,1.0
118,3715,3,0.29,0.0,1.0,1.0412012293500235,1000.0,4,1.0,0.0,0.0,1.0
119,3716,3,0.2925,0.0,1.0,1.0419003071311574,1000.0,4,1.0,0.0,0.0,1.0
120,3717,3,0.295,0.0,1.0,1.042604910788358,1000.0,4,1.0,0.0,0.0,1.0
121,3718,3,0.2975,0.0,1.0,1.0433150291259108,1000.0,4,1.0,0.0,0.0,1.0
122,3719,3,0.3,0.0,1.0,1.044030650891055,1000.0,4,1.0,0.0,0.0,1.0
123,3720,3,0.3025,0.0,1.0,1.0447517647747717,1000.0,4,1.0,0.0,0.0,1.0
124,3721,3,0.305,0.0,1.0,1.0454783594125705,1000.0,4,1.0,0.0,0.0,1.0
125,3722,3,0.3075,0.0,1.0,1.0462104233852767,1000.0,4,1.0,0.0,0.0,1.0
126,3723,3,0.31,0.0,1.0,1.0469479452198185,1000.0,4,1.0,0.0,0.0,1.0
127,3724,3,0.3125,0.0,1.0,1.0476909133900132,1000.0,4,1.0,0.0,0.0,1.0
128,3725,3,0.315,0.0,1.0,1.0484393163173538,1000.0,4,1.0,0.0,0.0,1.0
129,3726,3,0.3175,0.0,1.0,1.0491931423717942,1000.0,4,1.0,0.0,0.0,1.0
130,3727,3,0.32,0.0,1.0,1.049952379872535,1000.0,4,1.0,0.0,0.0,1.0
131,3728,3,0.3225,0.0,1.0,1.050717017088807,1000.0,4,1.0,0.0,0.0,1.0
132,3729,3,0.325,0.0,1.0,1.0514870422406546,1000.0,4,1.0,0.0,0.0,1.0
133,3730,3,0.3275,0.0,1.0,1.0522624434997194,1000.0,4,1.0,0.0,0.0,1.0
134,3731,3,0.33,0.0,1.0,1.0530432089900206,1000.0,4,1.0,0.0,0.0,1.0
135,3732,3,0.3325,0.0,1.0,1.0538293267887358,1000.0,4,1.0,0.0,0.0,1.0
136,3733,3,0.335,0.0,1.0,1.0546207849269802,1000.0,4,1.0,0.0,0.0,1.0
137,3734,3,0.3375,0.0,1.0,1.0554175713905847,1000.0,4,1.0,0.0,0.0,1.0
138,3735,3,0.34,0.0,1.0,1.0562196741208714,1000.0,4,1.0,0.0,0.0,1.0
139,3736,3,0.3425,0.0,1.0,1.0570270810154299,1000.0,4,1.0,0.0,0.0,1.0
140,3737,3,0.345,0.0,1.0,1.0578397799288888,1000.0,4,1.0,0.0,0.0,1.0
141,3738,3,0.3475,0.0,1.0,1.0586577586736896,1000.0,4,1.0,0.0,0.0,1.0
142,3739,3,0.35,0.0,1.0,1.0594810050208545,1000.0,4,1.0,0.0,0.0,1.0
143,3740,3,0.3525,0.0,1.0,1.0603095067007557,1000.0,4,1.0,0.0,0.0,1.0
144,3741,3,0.355,0.0,1.0,1.061143251403881,1000.0,4,1.0,0.0,0.0,1.0
145,3742,3,0.3575,0.0,1.0,1.0619822267815973,1000.0,4,1.0,0.0,0.0,1.0
146,3743,3,0.36,0.0,1.0,1.0628264204469138,1000.0,4,1.0,0.0,0.0,1.0
147,3744,3,0.3625,0.0,1.0,1.0636758199752403,1000.0,4,1.0,0.0,0.0,1.0
148,3745,3,0.365,0.0,1.0,1.0645304129051456,1000.0,4,1.0,0.0,0.0,1.0
149,3746,3,0.3675,0.0,1.0,1.065390186739112,1000.0,4,1.0,0.0,0.0,1.0
150,3747,3,0.37,0.0,1.0,1.0662551289442879,1000.0,4,1.0,0.0,0.0,1.0
151,3748,3,0.3725,0.0,1.0,1.067125226953238,1000.0,4,1.0,0.0,0.0,1.0
152,3749,3,0.375,0.0,1.0,1.0680004681646913,1000.0,4,1.0,0.0,0.0,1.0
153,3750,3,0.3775,0.0,1.0,1.0688808399442848,1000.0,4,1.0,0.0,0.0,1.0
154,3751,3,0.38,0.0,1.0,1.0697663296253066,1000.0,4,1.0,0.0,0.0,1.0
155,3752,3,0.3825,0.0,1.0,1.0706569245094342,1000.0,4,1.0,0.0,0.0,1.0
156,3753,3,0.385,0.0,1.0,1.0715526118674714,1000.0,4,1.0,0.0,0.0,1.0
157,3754,3,0.3875,0.0,1.0,1.0724533789400823,1000.0,4,1.0,0.0,0.0,1.0
158,3755,3,0.39,0.0,1.0,1.0733592129385203,1000.0,4,1.0,0.0,0.0,1.0
159,3756,3,0.3925,0.0,1.0,1.0742701010453564,1000.0,4,1.0,0.0,0.0,1.0
160,3757,3,0.395,0.0,1.0,1.075186030415202,1000.0,4,1.0,0.0,0.0,1.0
161,3758,3,0.3975,0.0,1.0,1.0761069881754324,1000.0,4,1.0,0.0,0.0,1.0
162,3759,3,0.4,0.0,1.0,1.077032961426901,1000.0,4,1.0,0.0,0.0,1.0
163,3760,3,0.4025,0.0,1.0,1.0779639372446557,1000.0,4,1.0,0.0,0.0,1.0
164,3761,3,0.405,0.0,1.0,1.0788999026786499,1000.0,4,1.0,0.0,0.0,1.0
165,3762,3,0.4075,0.0,1.0,1.079840844754448,1000.0,4,1.0,0.0,0.0,1.0
166,3763,3,0.41,0.0,1.0,1.0807867504739312,1000.0,4,1.0,0.0,0.0,1.0
167,3764,3,0.4125,0.0,1.0,1.0817376068159967,1000.0,4,1.0,0.0,0.0,1.0
168,3765,3,0.415,0.0,1.0,1.082693400737254,1000.0,4,1.0,0.0,0.0,1.0
169,3766,3,0.4175,0.0,1.0,1.0836541191727183,1000.0,4,1.0,0.0,0.0,1.0
170,3767,3,0.42,0.0,1.0,1.0846197490365,1000.0,4,1.0,0.0,0.0,1.0
171,3768,3,0.4225,0.0,1.0,1.0855902772224888,1000.0,4,1.0,0.0,0.0,1.0
172,3769,3,0.425,0.0,1.0,1.0865656906050365,1000.0,4,1.0,0.0,0.0,1.0
173,3770,3,0.4275,0.0,1.0,1.087545976039634,1000.0,4,1.0,0.0,0.0,1.0
174,3771,3,0.43,0.0,1.0,1.0885311203635843,1000.0,4,1.0,0.0,0.0,1.0
175,3772,3,0.4325,0.0,1.0,1.0895211103966733,1000.0,4,1.0,0.0,0.0,1.0
176,3773,3,0.435,0.0,1.0,1.0905159329418346,1000.0,4,1.0,0.0,0.0,1.0
177,3774,3,0.4375,0.0,1.0,1.0915155747858112,1000.0,4,1.0,0.0,0.0,1.0
178,3775,3,0.44,0.0,1.0,1.092520022699813,1000.0,4,1.0,0.0,0.0,1.0
179,3776,3,0.4425,0.0,1.0,1.0935292634401697,1000.0,4,1.0,0.0,0.0,1.0
180,3777,3,0.445,0.0,1.0,1.09454328374898,1000.0,4,1.0,0.0,0.0,1.0
181,3778,3,0.4475,0.0,1.0,1.0955620703547564,1000.0,4,1.0,0.0,0.0,1.0
182,3779,3,0.45,0.0,1.0,1.0965856099730655,1000.0,4,1.0,0.0,0.0,1.0
183,3780,3,0.4525,0.0,1.0,1.0976138893071643,1000.0,4,1.0,0.0,0.0,1.0
184,3781,3,0.455,0.0,1.0,1.098646895048632,1000.0,4,1.0,0.0,0.0,1.0
185,3782,3,0.4575,0.0,1.0,1.0996846138779972,1000.0,4,1.0,0.0,0.0,1.0
186,3783,3,0.46,0.0,1.0,1.100727032465361,1000.0,4,1.0,0.0,0.0,1.0
187,3784,3,0.4625,0.0,1.0,1.1017741374710155,1000.0,4,1.0,0.0,0.0,1.0
188,3785,3,0.465,0.0,1.0,1.1028259155460576,1000.0,4,1.0,0.0,0.0,1.0
189,3786,3,0.4675,0.0,1.0,1.103882353332999,1000.0,4,1.0,0.0,0.0,1.0
190,3787,3,0.47,0.0,1.0,1.104943437466371,1000.0,4,1.0,0.0,0.0,1.0
191,3788,3,0.4725,0.0,1.0,1.1060091545733244,1000.0,4,1.0,0.0,0.0,1.0
192,3789,3,0.475,0.0,1.0,1.1070794912742263,1000.0,4,1.0,0.0,0.0,1.0
193,3790,3,0.4775,0.0,1.0,1.1081544341832505,1000.0,4,1.0,0.0,0.0,1.0
194,3791,3,0.48,0.0,1.0,1.1092339699089637,1000.0,4,1.0,0.0,0.0,1.0
195,3792,3,0.4825,0.0,1.0,1.1103180850549088,1000.0,4,1.0,0.0,0.0,1.0
196,3793,3,0.485,0.0,1.0,1.111406766220181,1000.0,4,1.0,0.0,0.0,1.0
197,3794,3,0.4875,0.0,1.0,1.1125,1000.0,4,1.0,0.0,0.0,1.0
198,3795,3,0.49,0.0,1.0,1.113597772986279,1000.0,4,1.0,0.0,0.0,1.0
199,3796,3,0.4925,0.0,1.0,1.1147000717681865,1000.0,4,1.0,0.0,0.0,1.0
200,3797,3,0.495,0.0,1.0,1.1158068829327055,1000.0,4,1.0,0.0,0.0,1.0
201,3798,3,0.4975,0.0,1.0,1.116918193065186,1000.0,4,1.0,0.0,0.0,1.0
202,3799,3,0.5,0.0,1.0,1.118033988749895,1000.0,4,1.0,0.0,0.0,1.0
203,3800,3,0.5025,0.0,1.0,1.1191542565705588,1000.0,4,1.0,0.0,0.0,1.0
204,3801,3,0.505,0.0,1.0,1.1202789831109035,1000.0,4,1.0,0.0,0.0,1.0
205,3802,3,0.5075,0.0,1.0,1.1214081549551884,1000.0,4,1.0,0.0,0.0,1.0
206,3803,3,0.51,0.0,1.0,1.1225417586887358,1000.0,4,1.0,0.0,0.0,1.0
207,3804,3,0.5125,0.0,1.0,1.123679780898455,1000.0,4,1.0,0.0,0.0,1.0
208,3805,3,0.515,0.0,1.0,1.1248222081733628,1000.0,4,1.0,0.0,0.0,1.0
209,3806,3,0.5175,0.0,1.0,1.1259690271050975,1000.0,4,1.0,0.0,0.0,1.0
210,3807,3,0.52,0.0,1.0,1.1271202242884297,1000.0,4,1.0,0.0,0.0,1.0
211,3808,3,0.5225,0.0,1.0,1.1282757863217663,1000.0,4,1.0,0.0,0.0,1.0
212,3809,3,0.525,0.0,1.0,1.1294356998076518,1000.0,4,1.0,0.0,0.0,1.0
213,3810,3,0.5275,0.0,1.0,1.1305999513532627,1000.0,4,1.0,0.0,0.0,1.0
214,3811,3,0.53,0.0,1.0,1.1317685275708986,1000.0,4,1.0,0.0,0.0,1.0
215,3812,3,0.5325,0.0,1.0,1.1329414150784674,1000.0,4,1.0,0.0,0.0,1.0
216,3813,3,0.535,0.0,1.0,1.1341186004999653,1000.0,4,1.0,0.0,0.0,1.0
217,3814,3,0.5375,0.0,1.0,1.135300070465954,1000.0,4,1.0,0.0,0.0,1.0
218,3815,3,0.54,0.0,1.0,1.1364858116140297,1000.0,4,1.0,0.0,0.0,1.0
219,3816,3,0.5425,0.0,1.0,1.1376758105892908,1000.0,4,1.0,0.0,0.0,1.0
220,3817,3,0.545,0.0,1.0,1.1388700540447976,1000.0,4,1.0,0.0,0.0,1.0
221,3818,3,0.5475,0.0,1.0,1.1400685286420287,1000.0,4,1.0,0.0,0.0,1.0
222,3819,3,0.55,0.0,1.0,1.1412712210513327,1000.0,4,1.0,0.0,0.0,1.0
223,3820,3,0.5525,0.0,1.0,1.1424781179523746,1000.0,4,1.0,0.0,0.0,1.0
224,3821,3,0.555,0.0,1.0,1.1436892060345765,1000.0,4,1.0,0.0,0.0,1.0
225,3822,3,0.5575,0.0,1.0,1.144904471997555,1000.0,4,1.0,0.0,0.0,1.0
226,3823,3,0.56,0.0,1.0,1.1461239025515524,1000.0,4,1.0,0.0,0.0,1.0
227,3824,3,0.5625,0.0,1.0,1.1473474844178637,1000.0,4,1.0,0.0,0.0,1.0
228,3825,3,0.565,0.0,1.0,1.1485752043292594,1000.0,4,1.0,0.0,0.0,1.0
229,3826,3,0.5675,0.0,1.0,1.1498070490304013,1000.0,4,1.0,0.0,0.0,1.0
230,3827,3,0.57,0.0,1.0,1.1510430052782563,1000.0,4,1.0,0.0,0.0,1.0
231,3828,3,0.5725,0.0,1.0,1.1522830598425025,1000.0,4,1.0,0.0,0.0,1.0
232,3829,3,0.575,0.0,1.0,1.1535271995059326,1000.0,4,1.0,0.0,0.0,1.0
233,3830,3,0.5775,0.0,1.0,1.154775411064853,1000.0,4,1.0,0.0,0.0,1.0
234,3831,3,0.58,0.0,1.0,1.156027681329474,1000.0,4,1.0,0.0,0.0,1.0
235,3832,3,0.5825,0.0,1.0,1.1572839971243014,1000.0,4,1.0,0.0,0.0,1.0
236,3833,3,0.585,0.0,1.0,1.1585443452885176,1000.0,4,1.0,0.0,0.0,1.0
237,3834,3,0.5875,0.0,1.0,1.159808712676362,1000.0,4,1.0,0.0,0.0,1.0
238,3835,3,0.59,0.0,1.0,1.1610770861575042,1000.0,4,1.0,0.0,0.0,1.0
239,3836,3,0.5925,0.0,1.0,1.1623494526174132,1000.0,4,1.0,0.0,0.0,1.0
240,3837,3,0.595,0.0,1.0,1.1636257989577234,1000.0,4,1.0,0.0,0.0,1.0
241,3838,3,0.5975,0.0,1.0,1.164906112096593,1000.0,4,1.0,0.0,0.0,1.0
242,3839,3,0.6,0.0,1.0,1.16619037896906,1000.0,4,1.0,0.0,0.0,1.0
243,3840,3,0.6025,0.0,1.0,1.1674785865273931,1000.0,4,1.0,0.0,0.0,1.0
244,3841,3,0.605,0.0,1.0,1.1687707217414371,1000.0,4,1.0,0.0,0.0,1.0
245,3842,3,0.6075,0.0,1.0,1.1700667715989546,1000.0,4,1.0,0.0,0.0,1.0
246,3843,3,0.61,0.0,1.0,1.1713667231059623,1000.0,4,1.0,0.0,0.0,1.0
247,3844,3,0.6125,0.0,1.0,1.172670563287064,1000.0,4,1.0,0.0,0.0,1.0
248,3845,3,0.615,0.0,1.0,1.1739782791857778,1000.0,4,1.0,0.0,0.0,1.0
249,3846,3,0.6175,0.0,1.0,1.175289857864859,1000.0,4,1.0,0.0,0.0,1.0
250,3847,3,0.62,0.0,1.0,1.1766052864066183,1000.0,4,1.0,0.0,0.0,1.0
251,3848,3,0.6225,0.0,1.0,1.1779245519132369,1000.0,4,1.0,0.0,0.0,1.0
252,3849,3,0.625,0.0,1.0,1.1792476415070754,1000.0,4,1.0,0.0,0.0,1.0
253,3850,3,0.6275,0.0,1.0,1.1805745423309788,1000.0,4,1.0,0.0,0.0,1.0
254,3851,3,0.63,0.0,1.0,1.181905241548577,1000.0,4,1.0,0.0,0.0,1.0
255,3852,3,0.6325,0.0,1.0,1.1832397263445815,1000.0,4,1.0,0.0,0.0,1.0
256,3853,3,0.635,0.0,1.0,1.184577983925077,1000.0,4,1.0,0.0,0.0,1.0
257,3854,3,0.6375,0.0,1.0,1.1859200015178089,1000.0,4,1.0,0.0,0.0,1.0
258,3855,3,0.64,0.0,1.0,1.1872657663724664,1000.0,4,1.0,0.0,0.0,1.0
259,3856,3,0.6425,0.0,1.0,1.188615265760961,1000.0,4,1.0,0.0,0.0,1.0
260,3857,3,0.645,0.0,1.0,1.1899684869777014,1000.0,4,1.0,0.0,0.0,1.0
261,3858,3,0.6475,0.0,1.0,1.1913254173398635,1000.0,4,1.0,0.0,0.0,1.0
262,3859,3,0.65,0.0,1.0,1.1926860441876563,1000.0,4,1.0,0.0,0.0,1.0
263,3860,3,0.6525,0.0,1.0,1.1940503548845836,1000.0,4,1.0,0.0,0.0,1.0
264,3861,3,0.655,0.0,1.0,1.1954183368177016,1000.0,4,1.0,0.0,0.0,1.0
265,3862,3,0.6575,0.0,1.0,1.1967899773978723,1000.0,4,1.0,0.0,0.0,1.0
266,3863,3,0.66,0.0,1.0,1.1981652640600127,1000.0,4,1.0,0.0,0.0,1.0
267,3864,3,0.6625,0.0,1.0,1.1995441842633392,1000.0,4,1.0,0.0,0.0,1.0
268,3865,3,0.665,0.0,1.0,1.2009267254916096,1000.0,4,1.0,0.0,0.0,1.0
269,3866,3,0.6675,0.0,1.0,1.2023128752533594,1000.0,4,1.0,0.0,0.0,1.0
270,3867,3,0.67,0.0,1.0,1.2037026210821342,1000.0,4,1.0,0.0,0.0,1.0
271,3868,3,0.6725,0.0,1.0,1.2050959505367198,1000.0,4,1.0,0.0,0.0,1.0
272,3869,3,0.675,0.0,1.0,1.2064928512013653,1000.0,4,1.0,0.0,0.0,1.0
273,3870,3,0.6775,0.0,1.0,1.207893310686006,1000.0,4,1.0,0.0,0.0,1.0
274,3871,3,0.68,0.0,1.0,1.209297316626478,1000.0,4,1.0,0.0,0.0,1.0
275,3872,3,0.6825,0.0,1.0,1.210704856684733,1000.0,4,1.0,0.0,0.0,1.0
276,3873,3,0.685,0.0,1.0,1.212115918549047,1000.0,4,1.0,0.0,0.0,1.0
277,3874,3,0.6875,0.0,1.0,1.213530489934225,1000.0,4,1.0,0.0,0.0,1.0
278,3875,3,0.69,0.0,1.0,1.2149485585818027,1000.0,4,1.0,0.0,0.0,1.0
279,3876,3,0.6925,0.0,1.0,1.2163701122602446,1000.0,4,1.0,0.0,0.0,1.0
280,3877,3,0.695,0.0,1.0,1.2177951387651373,1000.0,4,1.0,0.0,0.0,1.0
281,3878,3,0.6975,0.0,1.0,1.21922362591938,1000.0,4,1.0,0.0,0.0,1.0
282,3879,3,0.7,0.0,1.0,1.2206555615733703,1000.0,4,1.0,0.0,0.0,1.0
283,3880,3,0.7025,0.0,1.0,1.222090933605188,1000.0,4,1.0,0.0,0.0,1.0
284,3881,3,0.705,0.0,1.0,1.223529729920773,1000.0,4,1.0,0.0,0.0,1.0
285,3882,3,0.7075,0.0,1.0,1.224971938454102,1000.0,4,1.0,0.0,0.0,1.0
286,3883,3,0.71,0.0,1.0,1.2264175471673584,1000.0,4,1.0,0.0,0.0,1.0
287,3884,3,0.7125,0.0,1.0,1.2278665440511034,1000.0,4,1.0,0.0,0.0,1.0
288,3885,3,0.715,0.0,1.0,1.2293189171244376,1000.0,4,1.0,0.0,0.0,1.0
289,3886,3,0.7175,0.0,1.0,1.230774654435165,1000.0,4,1.0,0.0,0.0,1.0
290,3887,3,0.72,0.0,1.0,1.2322337440599491,1000.0,4,1.0,0.0,0.0,1.0
291,3888,3,0.7225,0.0,1.0,1.2336961741044672,1000.0,4,1.0,0.0,0.0,1.0
292,3889,3,0.725,0.0,1.0,1.2351619327035626,1000.0,4,1.0,0.0,0.0,1.0
293,3890,3,0.7275,0.0,1.0,1.2366310080213903,1000.0,4,1.0,0.0,0.0,1.0
294,3891,3,0.73,0.0,1.0,1.2381033882515629,1000.0,4,1.0,0.0,0.0,1.0
295,3892,3,0.7325,0.0,1.0,1.2395790616172895,1000.0,4,1.0,0.0,0.0,1.0
296,3893,3,0.735,0.0,1.0,1.2410580163715152,1000.0,4,1.0,0.0,0.0,1.0
297,3894,3,0.7375,0.0,1.0,1.2425402407970536,1000.0,4,1.0,0.0,0.0,1.0
298,3895,3,0.74,0.0,1.0,1.244025723206719,1000.0,4,1.0,0.0,0.0,1.0
299,3896,3,0.7425,0.0,1.0,1.2455144519434531,1000.0,4,1.0,0.0,0.0,1.0
300,3897,3,0.745,0.0,1.0,1.2470064153804503,1000.0,4,1.0,0.0,0.0,1.0
301,3898,3,0.7475,0.0,1.0,1.2485016019212791,1000.0,4,1.0,0.0,0.0,1.0
302,3899,3,0.75,0.0,1.0,1.25,1000.0,4,1.0,0.0,0.0,1.0
303,3900,3,0.7525,0.0,1.0,1.251501598081281,1000.0,4,1.0,0.0,0.0,1.0
304,3901,3,0.755,0.0,1.0,1.2530063846605093,1000.0,4,1.0,0.0,0.0,1.0
305,3902,3,0.7575,0.0,1.0,1.254514348263901,1000.0,4,1.0,0.0,0.0,1.0
306,3903,3,0.76,0.0,1.0,1.2560254774486066,1000.0,4,1.0,0.0,0.0,1.0
307,3904,3,0.7625,0.0,1.0,1.2575397608028145,1000.0,4,1.0,0.0,0.0,1.0
308,3905,3,0.765,0.0,1.0,1.2590571869458511,1000.0,4,1.0,0.0,0.0,1.0
309,3906,3,0.7675,0.0,1.0,1.2605777445282778,1000.0,4,1.0,0.0,0.0,1.0
310,3907,3,0.77,0.0,1.0,1.2621014222319853,1000.0,4,1.0,0.0,0.0,1.0
311,3908,3,0.7725,0.0,1.0,1.2636282087702853,1000.0,4,1.0,0.0,0.0,1.0
312,3909,3,0.775,0.0,1.0,1.2651580928879995,1000.0,4,1.0,0.0,0.0,1.0
313,3910,3,0.7775,0.0,1.0,1.2666910633615445,1000.0,4,1.0,0.0,0.0,1.0
314,3911,3,0.78,0.0,1.0,1.2682271089990151,1000.0,4,1.0,0.0,0.0,1.0
315,3912,3,0.7825,0.0,1.0,1.269766218640266,1000.0,4,1.0,0.0,0.0,1.0
316,3913,3,0.785,0.0,1.0,1.2713083811569874,1000.0,4,1.0,0.0,0.0,1.0
317,3914,3,0.7875,0.0,1.0,1.272853585452781,1000.0,4,1.0,0.0,0.0,1.0
318,3915,3,0.79,0.0,1.0,1.2744018204632321,1000.0,4,1.0,0.0,0.0,1.0
319,3916,3,0.7925,0.0,1.0,1.2759530751559793,1000.0,4,1.0,0.0,0.0,1.0
320,3917,3,0.795,0.0,1.0,1.2775073385307811,1000.0,4,1.0,0.0,0.0,1.0
321,3918,3,0.7975,0.0,1.0,1.2790645996195813,1000.0,4,1.0,0.0,0.0,1.0
322,3919,3,0.8,0.0,1.0,1.2806248474865698,1000.0,4,1.0,0.0,0.0,1.0
323,3920,3,0.8025,0.0,1.0,1.2821880712282423,1000.0,4,1.0,0.0,0.0,1.0
324,3921,3,0.805,0.0,1.0,1.2837542599734577,1000.0,4,1.0,0.0,0.0,1.0
325,3922,3,0.8075,0.0,1.0,1.2853234028834921,1000.0,4,1.0,0.0,0.0,1.0
326,3923,3,0.81,0.0,1.0,1.2868954891520912,1000.0,4,1.0,0.0,0.0,1.0
327,3924,3,0.8125,0.0,1.0,1.288470508005519,1000.0,4,1.0,0.0,0.0,1.0
328,3925,3,0.815,0.0,1.0,1.2900484487026058,1000.0,4,1.0,0.0,0.0,1.0
329,3926,3,0.8175,0.0,1.0,1.2916293005347936,1000.0,4,1.0,0.0,0.0,1.0
330,3927,3,0.82,0.0,1.0,1.2932130528261767,1000.0,4,1.0,0.0,0.0,1.0
331,3928,3,0.8225,0.0,1.0,1.2947996949335445,1000.0,4,1.0,0.0,0.0,1.0
332,3929,3,0.825,0.0,1.0,1.2963892162464172,1000.0,4,1.0,0.0,0.0,1.0
333,3930,3,0.8275,0.0,1.0,1.297981606187083,1000.0,4,1.0,0.0,0.0,1.0
334,3931,3,0.83,0.0,1.0,1.299576854210631,1000.0,4,1.0,0.0,0.0,1.0
335,3932,3,0.8325,0.0,1.0,1.301174949804983,1000.0,4,1.0,0.0,0.0,1.0
336,3933,3,0.835,0.0,1.0,1.3027758824909217,1000.0,4,1.0,0.0,0.0,1.0
337,3934,3,0.8375,0.0,1.0,1.3043796418221192,1000.0,4,1.0,0.0,0.0,1.0
338,3935,3,0.84,0.0,1.0,1.3059862173851606,1000.0,4,1.0,0.0,0.0,1.0
339,3936,3,0.8425,0.0,1.0,1.3075955987995678,1000.0,4,1.0,0.0,0.0,1.0
340,3937,3,0.845,0.0,1.0,1.3092077757178193,1000.0,4,1.0,0.0,0.0,1.0
341,3938,3,0.8475,0.0,1.0,1.3108227378253705,1000.0,4,1.0,0.0,0.0,1.0
342,3939,3,0.85,0.0,1.0,1.3124404748406686,1000.0,4,1.0,0.0,0.0,1.0
343,3940,3,0.8525,0.0,1.0,1.3140609765151692,1000.0,4,1.0,0.0,0.0,1.0
344,3941,3,0.855,0.0,1.0,1.3156842326333473,1000.0,4,1.0,0.0,0.0,1.0
345,3942,3,0.8575,0.0,1.0,1.31731023301271,1000.0,4,1.0,0.0,0.0,1.0
346,3943,3,0.86,0.0,1.0,1.3189389675038037,1000.0,4,1.0,0.0,0.0,1.0
347,3944,3,0.8625,0.0,1.0,1.3205704259902233,1000.0,4,1.0,0.0,0.0,1.0
348,3945,3,0.865,0.0,1.0,1.3222045983886155,1000.0,4,1.0,0.0,0.0,1.0
349,3946,3,0.8675,0.0,1.0,1.323841474648683,1000.0,4,1.0,0.0,0.0,1.0
350,3947,3,0.87,0.0,1.0,1.3254810447531868,1000.0,4,1.0,0.0,0.0,1.0
351,3948,3,0.8725,0.0,1.0,1.327123298717945,1000.0,4,1.0,0.0,0.0,1.0
352,3949,3,0.875,0.0,1.0,1.3287682265918312,1000.0,4,1.0,0.0,0.0,1.0
353,3950,3,0.8775,0.0,1.0,1.330415818456771,1000.0,4,1.0,0.0,0.0,1.0
354,3951,3,0.88,0.0,1.0,1.332066064427737,1000.0,4,1.0,0.0,0.0,1.0
355,3952,3,0.8825,0.0,1.0,1.3337189546527408,1000.0,4,1.0,0.0,0.0,1.0
356,3953,3,0.885,0.0,1.0,1.3353744793128255,1000.0,4,1.0,0.0,0.0,1.0
357,3954,3,0.8875,0.0,1.0,1.3370326286220542,1000.0,4,1.0,0.0,0.0,1.0
358,3955,3,0.89,0.0,1.0,1.3386933928274989,1000.0,4,1.0,0.0,0.0,1.0
359,3956,3,0.8925,0.0,1.0,1.3403567622092263,1000.0,4,1.0,0.0,0.0,1.0
360,3957,3,0.895,0.0,1.0,1.3420227270802831,1000.0,4,1.0,0.0,0.0,1.0
361,3958,3,0.8975,0.0,1.0,1.3436912777866796,1000.0,4,1.0,0.0,0.0,1.0
362,3959,3,0.9,0.0,1.0,1.3453624047073711,1000.0,4,1.0,0.0,0.0,1.0
363,3960,3,0.9025,0.0,1.0,1.3470360982542375,1000.0,4,1.0,0.0,0.0,1.0
364,3961,3,0.905,0.0,1.0,1.348712348872064,1000.0,4,1.0,0.0,0.0,1.0
365,3962,3,0.9075,0.0,1.0,1.3503911470385164,1000.0,4,1.0,0.0,0.0,1.0
366,3963,3,0.91,0.0,1.0,1.3520724832641184,1000.0,4,1.0,0.0,0.0,1.0
367,3964,3,0.9125,0.0,1.0,1.353756348092226,1000.0,4,1.0,0.0,0.0,1.0
368,3965,3,0.915,0.0,1.0,1.3554427320989995,1000.0,4,1.0,0.0,0.0,1.0
369,3966,3,0.9175,0.0,1.0,1.3571316258933765,1000.0,4,1.0,0.0,0.0,1.0
370,3967,3,0.92,0.0,1.0,1.3588230201170424,1000.0,4,1.0,0.0,0.0,1.0
371,3968,3,0.9225,0.0,1.0,1.3605169054443975,1000.0,4,1.0,0.0,0.0,1.0
372,3969,3,0.925,0.0,1.0,1.3622132725825278,1000.0,4,1.0,0.0,0.0,1.0
373,3970,3,0.9275,0.0,1.0,1.3639121122711684,1000.0,4,1.0,0.0,0.0,1.0
374,3971,3,0.93,0.0,1.0,1.3656134152826707,1000.0,4,1.0,0.0,0.0,1.0
375,3972,3,0.9325,0.0,1.0,1.367317172421966,1000.0,4,1.0,0.0,0.0,1.0
376,3973,3,0.935,0.0,1.0,1.3690233745265272,1000.0,4,1.0,0.0,0.0,1.0
377,3974,3,0.9375,0.0,1.0,1.3707320124663318,1000.0,4,1.0,0.0,0.0,1.0
378,3975,3,0.94,0.0,1.0,1.372443077143821,1000.0,4,1.0,0.0,0.0,1.0
379,3976,3,0.9425,0.0,1.0,1.3741565594938592,1000.0,4,1.0,0.0,0.0,1.0
380,3977,3,0.945,0.0,1.0,1.375872450483692,1000.0,4,1.0,0.0,0.0,1.0
381,3978,3,0.9475,0.0,1.0,1.377590741112904,1000.0,4,1.0,0.0,0.0,1.0
382,3979,3,0.95,0.0,1.0,1.379311422413372,1000.0,4,1.0,0.0,0.0,1.0
383,3980,3,0.9525,0.0,1.0,1.381034485449223,1000.0,4,1.0,0.0,0.0,1.0
384,3981,3,0.955,0.0,1.0,1.3827599213167845,1000.0,4,1.0,0.0,0.0,1.0
385,3982,3,0.9575,0.0,1.0,1.3844877211445394,1000.0,4,1.0,0.0,0.0,1.0
386,3983,3,0.96,0.0,1.0,1.3862178760930766,1000.0,4,1.0,0.0,0.0,1.0
387,3984,3,0.9625,0.0,1.0,1.3879503773550408,1000.0,4,1.0,0.0,0.0,1.0
388,3985,3,0.965,0.0,1.0,1.389685216155083,1000.0,4,1.0,0.0,0.0,1.0
389,3986,3,0.9675,0.0,1.0,1.3914223837498088,1000.0,4,1.0,0.0,0.0,1.0
390,3987,3,0.97,0.0,1.0,1.3931618714277247,1000.0,4,1.0,0.0,0.0,1.0
391,3988,3,0.9725,0.0,1.0,1.3949036705091862,1000.0,4,1.0,0.0,0.0,1.0
392,3989,3,0.975,0.0,1.0,1.3966477723463422,1000.0,4,1.0,0.0,0.0,1.0
393,3990,3,0.9775,0.0,1.0,1.3983941683230805,1000.0,4,1.0,0.0,0.0,1.0
394,3991,3,0.98,0.0,1.0,1.400142849854971,1000.0,4,1.0,0.0,0.0,1.0
395,3992,3,0.9825,0.0,1.0,1.401893808389209,1000.0,4,1.0,0.0,0.0,1.0
396,3993,3,0.985,0.0,1.0,1.4036470354045565,1000.0,4,1.0,0.0,0.0,1.0
397,3994,3,0.9875,0.0,1.0,1.405402522411284,1000.0,4,1.0,0.0,0.0,1.0
398,3995,3,0.99,0.0,1.0,1.4071602609511114,1000.0,4,1.0,0.0,0.0,1.0
399,3996,3,0.9925,0.0,1.0,1.4089202425971457,1000.0,4,1.0,0.0,0.0,1.0
400,3997,3,0.995,0.0,1.0,1.4106824589538214,1000.0,4,1.0,0.0,0.0,1.0
401,3998,3,0.9975,0.0,1.0,1.4124469016568375,1000.0,4,1.0,0.0,0.0,1.0
402,3999,3,1.0,0.0,1.0,1.4142135623730951,1000.0,4,1.0,0.0,0.0,1.0
403,4000,3,1.0025,0.0,1.0,1.4159824328006334,1000.0,4,1.0,0.0,0.0,1.0
404,4001,3,1.005,0.0,1.0,1.4177535046685654,1000.0,4,1.0,0.0,0.0,1.0
405,4002,3,-0.005,0.0,0.9975,0.997512531249608,1000.0,4,1.0,0.0,0.0,1.0
406,4003,3,-0.0025,0.0,0.9975,0.9975031328271606,1000.0,4,1.0,0.0,0.0,1.0
407,4004,3,0.0,0.0,0.9975,0.9975,1000.0,4,1.0,0.0,0.0,1.0
408,4005,3,0.0025,0.0,0.9975,0.9975031328271606,1000.0,4,1.0,0.0,0.0,1.0
409,4006,3,0.005,0.0,0.9975,0.997512531249608,1000.0,4,1.0,0.0,0.0,1.0
410,4007,3,0.0075,0.0,0.9975,0.997528195090244,1000.0,4,1.0,0.0,0.0,1.0
411,4008,3,0.01,0.0,0.9975,0.9975501240539245,1000.0,4,1.0,0.0,0.0,1.0
412,4009,3,0.0125,0.0,0.9975,0.9975783177274855,1000.0,4,1.0,0.0,0.0,1.0
413,4010,3,0.015,0.0,0.9975,0.9976127755797838,1000.0,4,1.0,0.0,0.0,1.0
414,4011,3,0.0175,0.0,0.9975,0.9976534969617458,1000.0,4,1.0,0.0,0.0,1.0
415,4012,3,0.02,0.0,0.9975,0.9977004811064291,1000.0,4,1.0,0.0,0.0,1.0
416,4013,3,0.0225,0.0,0.9975,0.9977537271290948,1000.0,4,1.0,0.0,0.0,1.0
417,4014,3,0.025,0.0,0.9975,0.9978132340272904,1000.0,4,1.0,0.0,0.0,1.0
418,4015,3,0.0275,0.0,0.9975,0.9978790006809444,1000.0,4,1.0,0.0,0.0,1.0
419,4016,3,0.03,0.0,0.9975,0.9979510258524714,1000.0,4,1.0,0.0,0.0,1.0
420,4017,3,0.0325,0.0,0.9975,0.998029308186889,1000.0,4,1.0,0.0,0.0,1.0
421,4018,3,0.035,0.0,0.9975,0.998113846211944,1000.0,4,1.0,0.0,0.0,1.0
422,4019,3,0.0375,0.0,0.9975,0.9982046383382518,1000.0,4,1.0,0.0,0.0,1.0
423,4020,3,0.04,0.0,0.9975,0.9983016828594451,1000.0,4,1.0,0.0,0.0,1.0
424,4021,3,0.0425,0.0,0.9975,0.9984049779523337,1000.0,4,1.0,0.0,0.0,1.0
425,4022,3,0.045,0.0,0.9975,0.9985145216770761,1000.0,4,1.0,0.0,0.0,1.0
426,4023,3,0.0475,0.0,0.9975,0.9986303119773603,1000.0,4,1.0,0.0,0.0,1.0
427,4024,3,0.05,0.0,0.9975,0.9987523466805973,1000.0,4,1.0,0.0,0.0,1.0
428,4025,3,0.0525,0.0,0.9975,0.9988806234981236,1000.0,4,1.0,0.0,0.0,1.0
429,4026,3,0.055,0.0,0.9975,0.9990151400254152,1000.0,4,1.0,0.0,0.0,1.0
430,4027,3,0.0575,0.0,0.9975,0.9991558937423128,1000.0,4,1.0,0.0,0.0,1.0
431,4028,3,0.06,0.0,0.9975,0.9993028820132563,1000.0,4,1.0,0.0,0.0,1.0
432,4029,3,0.0625,0.0,0.9975,0.9994561020875304,1000.0,4,1.0,0.0,0.0,1.0
433,4030,3,0.065,0.0,0.9975,0.9996155510995215,1000.0,4,1.0,0.0,0.0,1.0
434,4031,3,0.0675,0.0,0.9975,0.9997812260689837,1000.0,4,1.0,0.0,0.0,1.0
435,4032,3,0.07,0.0,0.9975,0.9999531239013157,1000.0,4,1.0,0.0,0.0,1.0
436,4033,3,0.0725,0.0,0.9975,1.0001312413878491,1000.0,4,1.0,0.0,0.0,1.0
437,4034,3,0.075,0.0,0.9975,1.0003155752061448,1000.0,4,1.0,0.0,0.0,1.0
438,4035,3,0.0775,0.0,0.9975,1.0005061219203009,1000.0,4,1.0,0.0,0.0,1.0
439,4036,3,0.08,0.0,0.9975,1.0007028779812717,1000.0,4,1.0,0.0,0.0,1.0
440,4037,3,0.0825,0.0,0.9975,1.0009058397271944,1000.0,4,1.0,0.0,0.0,1.0
441,4038,3,0.085,0.0,0.9975,1.0011150033837273,1000.0,4,1.0,0.0,0.0,1.0
442,4039,3,0.0875,0.0,0.9975,1.0013303650643977,1000.0,4,1.0,0.0,0.0,1.0
443,4040,3,0.09,0.0,0.9975,1.0015519207709604,1000.0,4,1.0,0.0,0.0,1.0
444,4041,3,0.0925,0.0,0.9975,1.0017796663937635,1000.0,4,1.0,0.0,0.0,1.0
445,4042,3,0.095,0.0,0.9975,1.002013597712127,1000.0,4,1.0,0.0,0.0,1.0
446,4043,3,0.0975,0.0,0.9975,1.0022537103947284,1000.0,4,1.0,0.0,0.0,1.0
447,4044,3,0.1,0.0,0.9975,1.0025,1000.0,4,1.0,0.0,0.0,1.0
448,4045,3,0.1025,0.0,0.9975,1.0027524619765338,1000.0,4,1.0,0.0,0.0,1.0
449,4046,3,0.105,0.0,0.9975,1.0030110916634971,1000.0,4,1.0,0.0,0.0,1.0
450,4047,3,0.1075,0.0,0.9975,1.0032758842910559,1000.0,4,1.0,0.0,0.0,1.0
451,4048,3,0.11,0.0,0.9975,1.0035468349808094,1000.0,4,1.0,0.0,0.0,1.0
452,4049,3,0.1125,0.0,0.9975,1.0038239387462327,1000.0,4,1.0,0.0,0.0,1.0
453,4050,3,0.115,0.0,0.9975,1.0041071904931267,1000.0,4,1.0,0.0,0.0,1.0
454,4051,3,0.1175,0.0,0.9975,1.0043965850200807,1000.0,4,1.0,0.0,0.0,1.0
455,4052,3,0.12,0.0,0.9975,1.0046921170189402,1000.0,4,1.0,0.0,0.0,1.0
456,4053,3,0.1225,0.0,0.9975,1.0049937810752863,1000.0,4,1.0,0.0,0.0,1.0
457,4054,3,0.125,0.0,0.9975,1.0053015716689198,1000.0,4,1.0,0.0,0.0,1.0
458,4055,3,0.1275,0.0,0.9975,1.0056154831743593,1000.0,4,1.0,0.0,0.0,1.0
459,4056,3,0.13,0.0,0.9975,1.005935509861343,1000.0,4,1.0,0.0,0.0,1.0
460,4057,3,0.1325,0.0,0.9975,1.0062616458953406,1000.0,4,1.0,0.0,0.0,1.0
461,4058,3,0.135,0.0,0.9975,1.0065938853380743,1000.0,4,1.0,0.0,0.0,1.0
462,4059,3,0.1375,0.0,0.9975,1.006932222148045,1000.0,4,1.0,0.0,0.0,1.0
463,4060,3,0.14,0.0,0.9975,1.0072766501810713,1000.0,4,1.0,0.0,0.0,1.0
464,4061,3,0.1425,0.0,0.9975,1.0076271631908302,1000.0,4,1.0,0.0,0.0,1.0
465,4062,3,0.145,0.0,0.9975,1.007983754829412,1000.0,4,1.0,0.0,0.0,1.0
466,4063,3,0.1475,0.0,0.9975,1.0083464186478772,1000.0,4,1.0,0.0,0.0,1.0
467,4064,3,0.15,0.0,0.9975,1.0087151480968253,1000.0,4,1.0,0.0,0.0,1.0
468,4065,3,0.1525,0.0,0.9975,1.0090899365269679,1000.0,4,1.0,0.0,0.0,1.0
469,4066,3,0.155,0.0,0.9975,1.0094707771897113,1000.0,4,1.0,0.0,0.0,1.0
470,4067,3,0.1575,0.0,0.9975,1.0098576632377456,1000.0,4,1.0,0.0,0.0,1.0
471,4068,3,0.16,0.0,0.9975,1.0102505877256396,1000.0,4,1.0,0.0,0.0,1.0
472,4069,3,0.1625,0.0,0.9975,1.0106495436104446,1000.0,4,1.0,0.0,0.0,1.0
473,4070,3,0.165,0.0,0.9975,1.011054523752305,1000.0,4,1.0,0.0,0.0,1.0
474,4071,3,0.1675,0.0,0.9975,1.011465520915073,1000.0,4,1.0,0.0,0.0,1.0
475,4072,3,0.17,0.0,0.9975,1.011882527766934,1000.0,4,1.0,0.0,0.0,1.0
476,4073,3,0.1725,0.0,0.9975,1.0123055368810348,1000.0,4,1.0,0.0,0.0,1.0
477,4074,3,0.175,0.0,0.9975,1.0127345407361201,1000.0,4,1.0,0.0,0.0,1.0
478,4075,3,0.1775,0.0,0.9975,1.0131695317171752,1000.0,4,1.0,0.0,0.0,1.0
479,4076,3,0.18,0.0,0.9975,1.0136105021160742,1000.0,4,1.0,0.0,0.0,1.0
480,4077,3,0.1825,0.0,0.9975,1.0140574441322348,1000.0,4,1.0,0.0,0.0,1.0
481,4078,3,0.185,0.0,0.9975,1.0145103498732775,1000.0,4,1.0,0.0,0.0,1.0
482,4079,3,0.1875,0.0,0.9975,1.0149692113556943,1000.0,4,1.0,0.0,0.0,1.0
483,4080,3,0.19,0.0,0.9975,1.0154340205055177,1000.0,4,1.0,0.0,0.0,1.0
484,4081,3,0.1925,0.0,0.9975,1.0159047691589995,1000.0,4,1.0,0.0,0.0,1.0
485,4082,3,0.195,0.0,0.9975,1.0163814490632934,1000.0,4,1.0,0.0,0.0,1.0
486,4083,3,0.1975,0.0,0.9975,1.0168640518771426,1000.0,4,1.0,0.0,0.0,1.0
487,4084,3,0.2,0.0,0.9975,1.017352569171573,1000.0,4,1.0,0.0,0.0,1.0
488,4085,3,0.2025,0.0,0.9975,1.0178469924305913,1000.0,4,1.0,0.0,0.0,1.0
489,4086,3,0.205,0.0,0.9975,1.018347313051888,1000.0,4,1.0,0.0,0.0,1.0
490,4087,3,0.2075,0.0,0.9975,1.0188535223475454,1000.0,4,1.0,0.0,0.0,1.0
491,4088,3,0.21,0.0,0.9975,1.019365611544749,1000.0,4,1.0,0.0,0.0,1.0
492,4089,3,0.2125,0.0,0.9975,1.0198835717865056,1000.0,4,1.0,0.0,0.0,1.0
493,4090,3,0.215,0.0,0.9975,1.0204073941323633,1000.0,4,1.0,0.0,0.0,1.0
494,4091,3,0.2175,0.0,0.9975,1.020937069559138,1000.0,4,1.0,0.0,0.0,1.0
495,4092,3,0.22,0.0,0.9975,1.0214725889616423,1000.0,4,1.0,0.0,0.0,1.0
496,4093,3,0.2225,0.0,0.9975,1.0220139431534192,1000.0,4,1.0,0.0,0.0,1.0
497,4094,3,0.225,0.0,0.9975,1.0225611228674794,1000.0,4,1.0,0.0,0.0,1.0
498,4095,3,0.2275,0.0,0.9975,1.0231141187570427,1000.0,4,1.0,0.0,0.0,1.0
499,4096,3,0.23,0.0,0.9975,1.0236729213962827,1000.0,4,1.0,0.0,0.0,1.0
500,4097,3,0.2325,0.0,0.9975,1.0242375212810748,1000.0,4,1.0,0.0,0.0,1.0
501,4098,3,0.235,0.0,0.9975,1.0248079088297475,1000.0,4,1.0,0.0,0.0,1.0
502,4099,3,0.2375,0.0,0.9975,1.0253840743838378,1000.0,4,1.0,0.0,0.0,1.0
503,4100,3,0.24,0.0,0.9975,1.025966008208849,1000.0,4,1.0,0.0,0.0,1.0
504,4101,3,0.2425,0.0,0.9975,1.0265537004950107,1000.0,4,1.0,0.0,0.0,1.0
505,4102,3,0.245,0.0,0.9975,1.0271471413580433,1000.0,4,1.0,0.0,0.0,1.0
506,4103,3,0.2475,0.0,0.9975,1.027746320839924,1000.0,4,1.0,0.0,0.0,1.0
507,4104,3,0.25,0.0,0.9975,1.0283512289096561,1000.0,4,1.0,0.0,0.0,1.0
508,4105,3,0.2525,0.0,0.9975,1.02896185546404,1000.0,4,1.0,0.0,0.0,1.0
509,4106,3,0.255,0.0,0.9975,1.029578190328447,1000.0,4,1.0,0.0,0.0,1.0
510,4107,3,0.2575,0.0,0.9975,1.0302002232575957,1000.0,4,1.0,0.0,0.0,1.0
511,4108,3,0.26,0.0,0.9975,1.0308279439363293,1000.0,4,1.0,0.0,0.0,1.0
512,4109,3,0.2625,0.0,0.9975,1.0314613419803964,1000.0,4,1.0,0.0,0.0,1.0
513,4110,3,0.265,0.0,0.9975,1.0321004069372322,1000.0,4,1.0,0.0,0.0,1.0
514,4111,3,0.2675,0.0,0.9975,1.0327451282867424,1000.0,4,1.0,0.0,0.0,1.0
515,4112,3,0.27,0.0,0.9975,1.0333954954420888,1000.0,4,1.0,0.0,0.0,1.0
516,4113,3,0.2725,0.0,0.9975,1.0340514977504747,1000.0,4,1.0,0.0,0.0,1.0
517,4114,3,0.275,0.0,0.9975,1.0347131244939345,1000.0,4,1.0,0.0,0.0,1.0
518,4115,3,0.2775,0.0,0.9975,1.035380364890121,1000.0,4,1.0,0.0,0.0,1.0
519,4116,3,0.28,0.0,0.9975,1.036053208093098,1000.0,4,1.0,0.0,0.0,1.0
520,4117,3,0.2825,0.0,0.9975,1.0367316431941296,1000.0,4,1.0,0.0,0.0,1.0
521,4118,3,0.285,0.0,0.9975,1.037415659222474,1000.0,4,1.0,0.0,0.0,1.0
522,4119,3,0.2875,0.0,0.9975,1.038105245146175,1000.0,4,1.0,0.0,0.0,1.0
523,4120,3,0.29,0.0,0.9975,1.0388003898728573,1000.0,4,1.0,0.0,0.0,1.0
524,4121,3,0.2925,0.0,0.9975,1.0395010822505188,1000.0,4,1.0,0.0,0.0,1.0
525,4122,3,0.295,0.0,0.9975,1.0402073110683274,1000.0,4,1.0,0.0,0.0,1.0
526,4123,3,0.2975,0.0,0.9975,1.0409190650574136,1000.0,4,1.0,0.0,0.0,1.0
527,4124,3,0.3,0.0,0.9975,1.0416363328916671,1000.0,4,1.0,0.0,0.0,1.0
528,4125,3,0.3025,0.0,0.9975,1.0423591031885318,1000.0,4,1.0,0.0,0.0,1.0
529,4126,3,0.305,0.0,0.9975,1.0430873645097998,1000.0,4,1.0,0.0,0.0,1.0
530,4127,3,0.3075,0.0,0.9975,1.0438211053624082,1000.0,4,1.0,0.0,0.0,1.0
531,4128,3,0.31,0.0,0.9975,1.044560314199233,1000.0,4,1.0,0.0,0.0,1.0
532,4129,3,0.3125,0.0,0.9975,1.045304979419882,1000.0,4,1.0,0.0,0.0,1.0
533,4130,3,0.315,0.0,0.9975,1.046055089371492,1000.0,4,1.0,0.0,0.0,1.0
534,4131,3,0.3175,0.0,0.9975,1.0468106323495192,1000.0,4,1.0,0.0,0.0,1.0
535,4132,3,0.32,0.0,0.9975,1.0475715965985333,1000.0,4,1.0,0.0,0.0,1.0
536,4133,3,0.3225,0.0,0.9975,1.0483379703130093,1000.0,4,1.0,0.0,0.0,1.0
537,4134,3,0.325,0.0,0.9975,1.0491097416381188,1000.0,4,1.0,0.0,0.0,1.0
538,4135,3,0.3275,0.0,0.9975,1.0498868986705188,1000.0,4,1.0,0.0,0.0,1.0
539,4136,3,0.33,0.0,0.9975,1.0506694294591425,1000.0,4,1.0,0.0,0.0,1.0
540,4137,3,0.3325,0.0,0.9975,1.0514573220059862,1000.0,4,1.0,0.0,0.0,1.0
541,4138,3,0.335,0.0,0.9975,1.0522505642668956,1000.0,4,1.0,0.0,0.0,1.0
542,4139,3,0.3375,0.0,0.9975,1.0530491441523515,1000.0,4,1.0,0.0,0.0,1.0
543,4140,3,0.34,0.0,0.9975,1.0538530495282536,1000.0,4,1.0,0.0,0.0,1.0
544,4141,3,0.3425,0.0,0.9975,1.0546622682167026,1000.0,4,1.0,0.0,0.0,1.0
545,4142,3,0.345,0.0,0.9975,1.0554767879967801,1000.0,4,1.0,0.0,0.0,1.0
546,4143,3,0.3475,0.0,0.9975,1.0562965966053284,1000.0,4,1.0,0.0,0.0,1.0
547,4144,3,0.35,0.0,0.9975,1.057121681737727,1000.0,4,1.0,0.0,0.0,1.0
548,4145,3,0.3525,0.0,0.9975,1.0579520310486672,1000.0,4,1.0,0.0,0.0,1.0
549,4146,3,0.355,0.0,0.9975,1.0587876321529262,1000.0,4,1.0,0.0,0.0,1.0
550,4147,3,0.3575,0.0,0.9975,1.059628472626137,1000.0,4,1.0,0.0,0.0,1.0
551,4148,3,0.36,0.0,0.9975,1.0604745400055582,1000.0,4,1.0,0.0,0.0,1.0
552,4149,3,0.3625,0.0,0.9975,1.0613258217908392,1000.0,4,1.0,0.0,0.0,1.0
553,4150,3,0.365,0.0,0.9975,1.0621823054447856,1000.0,4,1.0,0.0,0.0,1.0
554,4151,3,0.3675,0.0,0.9975,1.063043978394121,1000.0,4,1.0,0.0,0.0,1.0
555,4152,3,0.37,0.0,0.9975,1.0639108280302443,1000.0,4,1.0,0.0,0.0,1.0
556,4153,3,0.3725,0.0,0.9975,1.0647828417099892,1000.0,4,1.0,0.0,0.0,1.0
557,4154,3,0.375,0.0,0.9975,1.0656600067563764,1000.0,4,1.0,0.0,0.0,1.0
558,4155,3,0.3775,0.0,0.9975,1.0665423104593648,1000.0,4,1.0,0.0,0.0,1.0
559,4156,3,0.38,0.0,0.9975,1.067429740076601,1000.0,4,1.0,0.0,0.0,1.0
560,4157,3,0.3825,0.0,0.9975,1.0683222828341643,1000.0,4,1.0,0.0,0.0,1.0
561,4158,3,0.385,0.0,0.9975,1.069219925927309,1000.0,4,1.0,0.0,0.0,1.0
562,4159,3,0.3875,0.0,0.9975,1.0701226565212045,1000.0,4,1.0,0.0,0.0,1.0
563,4160,3,0.39,0.0,0.9975,1.0710304617516722,1000.0,4,1.0,0.0,0.0,1.0
564,4161,3,0.3925,0.0,0.9975,1.0719433287259172,1000.0,4,1.0,0.0,0.0,1.0
565,4162,3,0.395,0.0,0.9975,1.0728612445232608,1000.0,4,1.0,0.0,0.0,1.0
566,4163,3,0.3975,0.0,0.9975,1.073784196195865,1000.0,4,1.0,0.0,0.0,1.0
567,4164,3,0.4,0.0,0.9975,1.0747121707694578,1000.0,4,1.0,0.0,0.0,1.0
568,4165,3,0.4025,0.0,0.9975,1.0756451552440516,1000.0,4,1.0,0.0,0.0,1.0
569,4166,3,0.405,0.0,0.9975,1.0765831365946619,1000.0,4,1.0,0.0,0.0,1.0
570,4167,3,0.4075,0.0,0.9975,1.0775261017720175,1000.0,4,1.0,0.0,0.0,1.0
571,4168,3,0.41,0.0,0.9975,1.0784740377032727,1000.0,4,1.0,0.0,0.0,1.0
572,4169,3,0.4125,0.0,0.9975,1.0794269312927114,1000.0,4,1.0,0.0,0.0,1.0
573,4170,3,0.415,0.0,0.9975,1.0803847694224498,1000.0,4,1.0,0.0,0.0,1.0
574,4171,3,0.4175,0.0,0.9975,1.0813475389531342,1000.0,4,1.0,0.0,0.0,1.0
575,4172,3,0.42,0.0,0.9975,1.0823152267246359,1000.0,4,1.0,0.0,0.0,1.0
576,4173,3,0.4225,0.0,0.9975,1.083287819556742,1000.0,4,1.0,0.0,0.0,1.0
577,4174,3,0.425,0.0,0.9975,1.084265304249841,1000.0,4,1.0,0.0,0.0,1.0
578,4175,3,0.4275,0.0,0.9975,1.0852476675856069,1000.0,4,1.0,0.0,0.0,1.0
579,4176,3,0.43,0.0,0.9975,1.0862348963276773,1000.0,4,1.0,0.0,0.0,1.0
580,4177,3,0.4325,0.0,0.9975,1.0872269772223278,1000.0,4,1.0,0.0,0.0,1.0
581,4178,3,0.435,0.0,0.9975,1.0882238969991425,1000.0,4,1.0,0.0,0.0,1.0
582,4179,3,0.4375,0.0,0.9975,1.0892256423716806,1000.0,4,1.0,0.0,0.0,1.0
583,4180,3,0.44,0.0,0.9975,1.0902322000381388,1000.0,4,1.0,0.0,0.0,1.0
584,4181,3,0.4425,0.0,0.9975,1.0912435566820087,1000.0,4,1.0,0.0,0.0,1.0
585,4182,3,0.445,0.0,0.9975,1.0922596989727307,1000.0,4,1.0,0.0,0.0,1.0
586,4183,3,0.4475,0.0,0.9975,1.0932806135663433,1000.0,4,1.0,0.0,0.0,1.0
587,4184,3,0.45,0.0,0.9975,1.0943062871061282,1000.0,4,1.0,0.0,0.0,1.0
588,4185,3,0.4525,0.0,0.9975,1.0953367062232509,1000.0,4,1.0,0.0,0.0,1.0
589,4186,3,0.455,0.0,0.9975,1.096371857537396,1000.0,4,1.0,0.0,0.0,1.0
590,4187,3,0.4575,0.0,0.9975,1.0974117276574002,1000.0,4,1.0,0.0,0.0,1.0
591,4188,3,0.46,0.0,0.9975,1.098456303181879,1000.0,4,1.0,0.0,0.0,1.0
592,4189,3,0.4625,0.0,0.9975,1.0995055706998487,1000.0,4,1.0,0.0,0.0,1.0
593,4190,3,0.465,0.0,0.9975,1.1005595167913456,1000.0,4,1.0,0.0,0.0,1.0
594,4191,3,0.4675,0.0,0.9975,1.1016181280280386,1000.0,4,1.0,0.0,0.0,1.0
595,4192,3,0.47,0.0,0.9975,1.1026813909738389,1000.0,4,1.0,0.0,0.0,1.0
596,4193,3,0.4725,0.0,0.9975,1.1037492921855034,1000.0,4,1.0,0.0,0.0,1.0
597,4194,3,0.475,0.0,0.9975,1.1048218182132357,1000.0,4,1.0,0.0,0.0,1.0
598,4195,3,0.4775,0.0,0.9975,1.1058989556012793,1000.0,4,1.0,0.0,0.0,1.0
599,4196,3,0.48,0.0,0.9975,1.1069806908885087,1000.0,4,1.0,0.0,0.0,1.0
600,4197,3,0.4825,0.0,0.9975,1.1080670106090156,1000.0,4,1.0,0.0,0.0,1.0
601,4198,3,0.485,0.0,0.9975,1.109157901292688,1000.0,4,1.0,0.0,0.0,1.0
602,4199,3,0.4875,0.0,0.9975,1.1102533494657876,1000.0,4,1.0,0.0,0.0,1.0
603,4200,3,0.49,0.0,0.9975,1.11135334165152,1000.0,4,1.0,0.0,0.0,1.0
604,4201,3,0.4925,0.0,0.9975,1.1124578643706018,1000.0,4,1.0,0.0,0.0,1.0
605,4202,3,0.495,0.0,0.9975,1.1135669041418212,1000.0,4,1.0,0.0,0.0,1.0
606,4203,3,0.4975,0.0,0.9975,1.1146804474825958,1000.0,4,1.0,0.0,0.0,1.0
607,4204,3,0.5,0.0,0.9975,1.1157984809095234,1000.0,4,1.0,0.0,0.0,1.0
608,4205,3,0.5025,0.0,0.9975,1.1169209909389295,1000.0,4,1.0,0.0,0.0,1.0
609,4206,3,0.505,0.0,0.9975,1.118047964087409,1000.0,4,1.0,0.0,0.0,1.0
610,4207,3,0.5075,0.0,0.9975,1.1191793868723638,1000.0,4,1.0,0.0,0.0,1.0
611,4208,3,0.51,0.0,0.9975,1.1203152458125347,1000.0,4,1.0,0.0,0.0,1.0
612,4209,3,0.5125,0.0,0.9975,1.121455527428529,1000.0,4,1.0,0.0,0.0,1.0
613,4210,3,0.515,0.0,0.9975,1.1226002182433426,1000.0,4,1.0,0.0,0.0,1.0
614,4211,3,0.5175,0.0,0.9975,1.1237493047828773,1000.0,4,1.0,0.0,0.0,1.0
615,4212,3,0.52,0.0,0.9975,1.1249027735764545,1000.0,4,1.0,0.0,0.0,1.0
616,4213,3,0.5225,0.0,0.9975,1.1260606111573213,1000.0,4,1.0,0.0,0.0,1.0
617,4214,3,0.525,0.0,0.9975,1.1272228040631542,1000.0,4,1.0,0.0,0.0,1.0
618,4215,3,0.5275,0.0,0.9975,1.128389338836556,1000.0,4,1.0,0.0,0.0,1.0
619,4216,3,0.53,0.0,0.9975,1.1295602020255495,1000.0,4,1.0,0.0,0.0,1.0
620,4217,3,0.5325,0.0,0.9975,1.130735380184064,1000.0,4,1.0,0.0,0.0,1.0
621,4218,3,0.535,0.0,0.9975,1.13191485987242,1000.0,4,1.0,0.0,0.0,1.0
622,4219,3,0.5375,0.0,0.9975,1.1330986276578046,1000.0,4,1.0,0.0,0.0,1.0
623,4220,3,0.54,0.0,0.9975,1.1342866701147467,1000.0,4,1.0,0.0,0.0,1.0
624,4221,3,0.5425,0.0,0.9975,1.1354789738255835,1000.0,4,1.0,0.0,0.0,1.0
625,4222,3,0.545,0.0,0.9975,1.1366755253809242,1000.0,4,1.0,0.0,0.0,1.0
626,4223,3,0.5475,0.0,0.9975,1.1378763113801078,1000.0,4,1.0,0.0,0.0,1.0
627,4224,3,0.55,0.0,0.9975,1.1390813184316562,1000.0,4,1.0,0.0,0.0,1.0
628,4225,3,0.5525,0.0,0.9975,1.1402905331537223,1000.0,4,1.0,0.0,0.0,1.0
629,4226,3,0.555,0.0,0.9975,1.1415039421745332,1000.0,4,1.0,0.0,0.0,1.0
630,4227,3,0.5575,0.0,0.9975,1.142721532132829,1000.0,4,1.0,0.0,0.0,1.0
631,4228,3,0.56,0.0,0.9975,1.1439432896782953,1000.0,4,1.0,0.0,0.0,1.0
632,4229,3,0.5625,0.0,0.9975,1.145169201471992,1000.0,4,1.0,0.0,0.0,1.0
633,4230,3,0.565,0.0,0.9975,1.1463992541867776,1000.0,4,1.0,0.0,0.0,1.0
634,4231,3,0.5675,0.0,0.9975,1.1476334345077264,1000.0,4,1.0,0.0,0.0,1.0
635,4232,3,0.57,0.0,0.9975,1.1488717291325434,1000.0,4,1.0,0.0,0.0,1.0
636,4233,3,0.5725,0.0,0.9975,1.1501141247719724,1000.0,4,1.0,0.0,0.0,1.0
637,4234,3,0.575,0.0,0.9975,1.1513606081502008,1000.0,4,1.0,0.0,0.0,1.0
638,4235,3,0.5775,0.0,0.9975,1.1526111660052578,1000.0,4,1.0,0.0,0.0,1.0
639,4236,3,0.58,0.0,0.9975,1.1538657850894098,1000.0,4,1.0,0.0,0.0,1.0
640,4237,3,0.5825,0.0,0.9975,1.1551244521695487,1000.0,4,1.0,0.0,0.0,1.0
641,4238,3,0.585,0.0,0.9975,1.1563871540275774,1000.0,4,1.0,0.0,0.0,1.0
642,4239,3,0.5875,0.0,0.9975,1.1576538774607892,1000.0,4,1.0,0.0,0.0,1.0
643,4240,3,0.59,0.0,0.9975,1.1589246092822432,1000.0,4,1.0,0.0,0.0,1.0
644,4241,3,0.5925,0.0,0.9975,1.1601993363211343,1000.0,4,1.0,0.0,0.0,1.0
645,4242,3,0.595,0.0,0.9975,1.1614780454231584,1000.0,4,1.0,0.0,0.0,1.0
646,4243,3,0.5975,0.0,0.9975,1.1627607234508741,1000.0,4,1.0,0.0,0.0,1.0
647,4244,3,0.6,0.0,0.9975,1.1640473572840584,1000.0,4,1.0,0.0,0.0,1.0
648,4245,3,0.6025,0.0,0.9975,1.1653379338200571,1000.0,4,1.0,0.0,0.0,1.0
649,4246,3,0.605,0.0,0.9975,1.1666324399741335,1000.0,4,1.0,0.0,0.0,1.0
650,4247,3,0.6075,0.0,0.9975,1.167930862679808,1000.0,4,1.0,0.0,0.0,1.0
651,4248,3,0.61,0.0,0.9975,1.1692331888891967,1000.0,4,1.0,0.0,0.0,1.0
652,4249,3,0.6125,0.0,0.9975,1.1705394055733451,1000.0,4,1.0,0.0,0.0,1.0
653,4250,3,0.615,0.0,0.9975,1.171849499722554,1000.0,4,1.0,0.0,0.0,1.0
654,4251,3,0.6175,0.0,0.9975,1.1731634583467045,1000.0,4,1.0,0.0,0.0,1.0
655,4252,3,0.62,0.0,0.9975,1.174481268475577,1000.0,4,1.0,0.0,0.0,1.0
656,4253,3,0.6225,0.0,0.9975,1.1758029171591642,1000.0,4,1.0,0.0,0.0,1.0
657,4254,3,0.625,0.0,0.9975,1.1771283914679826,1000.0,4,1.0,0.0,0.0,1.0
658,4255,3,0.6275,0.0,0.9975,1.1784576784933771,1000.0,4,1.0,0.0,0.0,1.0
659,4256,3,0.63,0.0,0.9975,1.1797907653478221,1000.0,4,1.0,0.0,0.0,1.0
660,4257,3,0.6325,0.0,0.9975,1.1811276391652175,1000.0,4,1.0,0.0,0.0,1.0
661,4258,3,0.635,0.0,0.9975,1.1824682871011807,1000.0,4,1.0,0.0,0.0,1.0
662,4259,3,0.6375,0.0,0.9975,1.1838126963333346,1000.0,4,1.0,0.0,0.0,1.0
663,4260,3,0.64,0.0,0.9975,1.1851608540615912,1000.0,4,1.0,0.0,0.0,1.0
664,4261,3,0.6425,0.0,0.9975,1.1865127475084285,1000.0,4,1.0,0.0,0.0,1.0
665,4262,3,0.645,0.0,0.9975,1.1878683639191676,1000.0,4,1.0,0.0,0.0,1.0
666,4263,3,0.6475,0.0,0.9975,1.1892276905622405,1000.0,4,1.0,0.0,0.0,1.0
667,4264,3,0.65,0.0,0.9975,1.1905907147294574,1000.0,4,1.0,0.0,0.0,1.0
668,4265,3,0.6525,0.0,0.9975,1.1919574237362676,1000.0,4,1.0,0.0,0.0,1.0
669,4266,3,0.655,0.0,0.9975,1.1933278049220173,1000.0,4,1.0,0.0,0.0,1.0
670,4267,3,0.6575,0.0,0.9975,1.1947018456502023,1000.0,4,1.0,0.0,0.0,1.0
671,4268,3,0.66,0.0,0.9975,1.1960795333087177,1000.0,4,1.0,0.0,0.0,1.0
672,4269,3,0.6625,0.0,0.9975,1.1974608553101016,1000.0,4,1.0,0.0,0.0,1.0
673,4270,3,0.665,0.0,0.9975,1.1988457990917765,1000.0,4,1.0,0.0,0.0,1.0
674,4271,3,0.6675,0.0,0.9975,1.2002343521162857,1000.0,4,1.0,0.0,0.0,1.0
675,4272,3,0.67,0.0,0.9975,1.201626501871526,1000.0,4,1.0,0.0,0.0,1.0
676,4273,3,0.6725,0.0,0.9975,1.2030222358709752,1000.0,4,1.0,0.0,0.0,1.0
677,4274,3,0.675,0.0,0.9975,1.204421541653918,1000.0,4,1.0,0.0,0.0,1.0
678,4275,3,0.6775,0.0,0.9975,1.2058244067856647,1000.0,4,1.0,0.0,0.0,1.0
679,4276,3,0.68,0.0,0.9975,1.2072308188577694,1000.0,4,1.0,0.0,0.0,1.0
680,4277,3,0.6825,0.0,0.9975,1.2086407654882405,1000.0,4,1.0,0.0,0.0,1.0
681,4278,3,0.685,0.0,0.9975,1.2100542343217515,1000.0,4,1.0,0.0,0.0,1.0
682,4279,3,0.6875,0.0,0.9975,1.2114712130298433,1000.0,4,1.0,0.0,0.0,1.0
683,4280,3,0.69,0.0,0.9975,1.2128916893111272,1000.0,4,1.0,0.0,0.0,1.0
684,4281,3,0.6925,0.0,0.9975,1.2143156508914805,1000.0,4,1.0,0.0,0.0,1.0
685,4282,3,0.695,0.0,0.9975,1.2157430855242402,1000.0,4,1.0,0.0,0.0,1.0
686,4283,3,0.6975,0.0,0.9975,1.2171739809903923,1000.0,4,1.0,0.0,0.0,1.0
687,4284,3,0.7,0.0,0.9975,1.2186083250987578,1000.0,4,1.0,0.0,0.0,1.0
688,4285,3,0.7025,0.0,0.9975,1.2200461056861744,1000.0,4,1.0,0.0,0.0,1.0
689,4286,3,0.705,0.0,0.9975,1.221487310617675,1000.0,4,1.0,0.0,0.0,1.0
690,4287,3,0.7075,0.0,0.9975,1.2229319277866615,1000.0,4,1.0,0.0,0.0,1.0
691,4288,3,0.71,0.0,0.9975,1.2243799451150774,1000.0,4,1.0,0.0,0.0,1.0
692,4289,3,0.7125,0.0,0.9975,1.2258313505535743,1000.0,4,1.0,0.0,0.0,1.0
693,4290,3,0.715,0.0,0.9975,1.2272861320816755,1000.0,4,1.0,0.0,0.0,1.0
694,4291,3,0.7175,0.0,0.9975,1.2287442777079371,1000.0,4,1.0,0.0,0.0,1.0
695,4292,3,0.72,0.0,0.9975,1.2302057754701041,1000.0,4,1.0,0.0,0.0,1.0
696,4293,3,0.7225,0.0,0.9975,1.2316706134352642,1000.0,4,1.0,0.0,0.0,1.0
697,4294,3,0.725,0.0,0.9975,1.233138779699998,1000.0,4,1.0,0.0,0.0,1.0
698,4295,3,0.7275,0.0,0.9975,1.2346102623905246,1000.0,4,1.0,0.0,0.0,1.0
699,4296,3,0.73,0.0,0.9975,1.2360850496628457,1000.0,4,1.0,0.0,0.0,1.0
700,4297,3,0.7325,0.0,0.9975,1.237563129702885,1000.0,4,1.0,0.0,0.0,1.0
701,4298,3,0.735,0.0,0.9975,1.2390444907266245,1000.0,4,1.0,0.0,0.0,1.0
702,4299,3,0.7375,0.0,0.9975,1.2405291209802372,1000.0,4,1.0,0.0,0.0,1.0
703,4300,3,0.74,0.0,0.9975,1.2420170087402185,1000.0,4,1.0,0.0,0.0,1.0
704,4301,3,0.7425,0.0,0.9975,1.2435081423135115,1000.0,4,1.0,0.0,0.0,1.0
705,4302,3,0.745,0.0,0.9975,1.2450025100376303,1000.0,4,1.0,0.0,0.0,1.0
706,4303,3,0.7475,0.0,0.9975,1.2465001002807823,1000.0,4,1.0,0.0,0.0,1.0
707,4304,3,0.75,0.0,0.9975,1.2480009014419822,1000.0,4,1.0,0.0,0.0,1.0
708,4305,3,0.7525,0.0,0.9975,1.2495049019511688,1000.0,4,1.0,0.0,0.0,1.0
709,4306,3,0.755,0.0,0.9975,1.2510120902693147,1000.0,4,1.0,0.0,0.0,1.0
710,4307,3,0.7575,0.0,0.9975,1.252522454888534,1000.0,4,1.0,0.0,0.0,1.0
711,4308,3,0.76,0.0,0.9975,1.2540359843321882,1000.0,4,1.0,0.0,0.0,1.0
712,4309,3,0.7625,0.0,0.9975,1.2555526671549864,1000.0,4,1.0,0.0,0.0,1.0
713,4310,3,0.765,0.0,0.9975,1.257072491943086,1000.0,4,1.0,0.0,0.0,1.0
714,4311,3,0.7675,0.0,0.9975,1.2585954473141876,1000.0,4,1.0,0.0,0.0,1.0
715,4312,3,0.77,0.0,0.9975,1.2601215219176285,1000.0,4,1.0,0.0,0.0,1.0
716,4313,3,0.7725,0.0,0.9975,1.2616507044344722,1000.0,4,1.0,0.0,0.0,1.0
717,4314,3,0.775,0.0,0.9975,1.2631829835775972,1000.0,4,1.0,0.0,0.0,1.0
718,4315,3,0.7775,0.0,0.9975,1.2647183480917796,1000.0,4,1.0,0.0,0.0,1.0
719,4316,3,0.78,0.0,0.9975,1.2662567867537768,1000.0,4,1.0,0.0,0.0,1.0
720,4317,3,0.7825,0.0,0.9975,1.267798288372405,1000.0,4,1.0,0.0,0.0,1.0
721,4318,3,0.785,0.0,0.9975,1.2693428417886163,1000.0,4,1.0,0.0,0.0,1.0
722,4319,3,0.7875,0.0,0.9975,1.2708904358755715,1000.0,4,1.0,0.0,0.0,1.0
723,4320,3,0.79,0.0,0.9975,1.2724410595387121,1000.0,4,1.0,0.0,0.0,1.0
724,4321,3,0.7925,0.0,0.9975,1.2739947017158275,1000.0,4,1.0,0.0,0.0,1.0
725,4322,3,0.795,0.0,0.9975,1.2755513513771213,1000.0,4,1.0,0.0,0.0,1.0
726,4323,3,0.7975,0.0,0.9975,1.277110997525274,1000.0,4,1.0,0.0,0.0,1.0
727,4324,3,0.8,0.0,0.9975,1.2786736291955036,1000.0,4,1.0,0.0,0.0,1.0
728,4325,3,0.8025,0.0,0.9975,1.2802392354556238,1000.0,4,1.0,0.0,0.0,1.0
729,4326,3,0.805,0.0,0.9975,1.281807805406099,1000.0,4,1.0,0.0,0.0,1.0
730,4327,3,0.8075,0.0,0.9975,1.2833793281800983,1000.0,4,1.0,0.0,0.0,1.0
731,4328,3,0.81,0.0,0.9975,1.284953792943544,1000.0,4,1.0,0.0,0.0,1.0
732,4329,3,0.8125,0.0,0.9975,1.2865311888951625,1000.0,4,1.0,0.0,0.0,1.0
733,4330,3,0.815,0.0,0.9975,1.2881115052665277,1000.0,4,1.0,0.0,0.0,1.0
734,4331,3,0.8175,0.0,0.9975,1.2896947313221063,1000.0,4,1.0,0.0,0.0,1.0
735,4332,3,0.82,0.0,0.9975,1.2912808563592972,1000.0,4,1.0,0.0,0.0,1.0
736,4333,3,0.8225,0.0,0.9975,1.2928698697084715,1000.0,4,1.0,0.0,0.0,1.0
737,4334,3,0.825,0.0,0.9975,1.2944617607330082,1000.0,4,1.0,0.0,0.0,1.0
738,4335,3,0.8275,0.0,0.9975,1.2960565188293296,1000.0,4,1.0,0.0,0.0,1.0
739,4336,3,0.83,0.0,0.9975,1.2976541334269314,1000.0,4,1.0,0.0,0.0,1.0
740,4337,3,0.8325,0.0,0.9975,1.2992545939884146,1000.0,4,1.0,0.0,0.0,1.0
741,4338,3,0.835,0.0,0.9975,1.3008578900095122,1000.0,4,1.0,0.0,0.0,1.0
742,4339,3,0.8375,0.0,0.9975,1.3024640110191146,1000.0,4,1.0,0.0,0.0,1.0
743,4340,3,0.84,0.0,0.9975,1.304072946579293,1000.0,4,1.0,0.0,0.0,1.0
744,4341,3,0.8425,0.0,0.9975,1.3056846862853222,1000.0,4,1.0,0.0,0.0,1.0
745,4342,3,0.845,0.0,0.9975,1.307299219765697,1000.0,4,1.0,0.0,0.0,1.0
746,4343,3,0.8475,0.0,0.9975,1.3089165366821522,1000.0,4,1.0,0.0,0.0,1.0
747,4344,3,0.85,0.0,0.9975,1.3105366267296767,1000.0,4,1.0,0.0,0.0,1.0
748,4345,3,0.8525,0.0,0.9975,1.3121594796365266,1000.0,4,1.0,0.0,0.0,1.0
749,4346,3,0.855,0.0,0.9975,1.3137850851642365,1000.0,4,1.0,0.0,0.0,1.0
750,4347,3,0.8575,0.0,0.9975,1.3154134331076295,1000.0,4,1.0,0.0,0.0,1.0
751,4348,3,0.86,0.0,0.9975,1.317044513294824,1000.0,4,1.0,0.0,0.0,1.0
752,4349,3,0.8625,0.0,0.9975,1.31867831558724,1000.0,4,1.0,0.0,0.0,1.0
753,4350,3,0.865,0.0,0.9975,1.320314829879601,1000.0,4,1.0,0.0,0.0,1.0
754,4351,3,0.8675,0.0,0.9975,1.3219540460999393,1000.0,4,1.0,0.0,0.0,1.0
755,4352,3,0.87,0.0,0.9975,1.3235959542095919,1000.0,4,1.0,0.0,0.0,1.0
756,4353,3,0.8725,0.0,0.9975,1.3252405442032025,1000.0,4,1.0,0.0,0.0,1.0
757,4354,3,0.875,0.0,0.9975,1.3268878061087155,1000.0,4,1.0,0.0,0.0,1.0
758,4355,3,0.8775,0.0,0.9975,1.3285377299873722,1000.0,4,1.0,0.0,0.0,1.0
759,4356,3,0.88,0.0,0.9975,1.3301903059337037,1000.0,4,1.0,0.0,0.0,1.0
760,4357,3,0.8825,0.0,0.9975,1.3318455240755214,1000.0,4,1.0,0.0,0.0,1.0
761,4358,3,0.885,0.0,0.9975,1.333503374573908,1000.0,4,1.0,0.0,0.0,1.0
762,4359,3,0.8875,0.0,0.9975,1.3351638476232046,1000.0,4,1.0,0.0,0.0,1.0
763,4360,3,0.89,0.0,0.9975,1.3368269334509983,1000.0,4,1.0,0.0,0.0,1.0
764,4361,3,0.8925,0.0,0.9975,1.338492622318106,1000.0,4,1.0,0.0,0.0,1.0
765,4362,3,0.895,0.0,0.9975,1.340160904518558,1000.0,4,1.0,0.0,0.0,1.0
766,4363,3,0.8975,0.0,0.9975,1.3418317703795808,1000.0,4,1.0,0.0,0.0,1.0
767,4364,3,0.9,0.0,0.9975,1.3435052102615754,1000.0,4,1.0,0.0,0.0,1.0
768,4365,3,0.9025,0.0,0.9975,1.3451812145580981,1000.0,4,1.0,0.0,0.0,1.0
769,4366,3,0.905,0.0,0.9975,1.3468597736958365,1000.0,4,1.0,0.0,0.0,1.0
770,4367,3,0.9075,0.0,0.9975,1.348540878134586,1000.0,4,1.0,0.0,0.0,1.0
771,4368,3,0.91,0.0,0.9975,1.3502245183672232,1000.0,4,1.0,0.0,0.0,1.0
772,4369,3,0.9125,0.0,0.9975,1.3519106849196807,1000.0,4,1.0,0.0,0.0,1.0
773,4370,3,0.915,0.0,0.9975,1.3535993683509164,1000.0,4,1.0,0.0,0.0,1.0
774,4371,3,0.9175,0.0,0.9975,1.3552905592528859,1000.0,4,1.0,0.0,0.0,1.0
775,4372,3,0.92,0.0,0.9975,1.3569842482505095,1000.0,4,1.0,0.0,0.0,1.0
776,4373,3,0.9225,0.0,0.9975,1.3586804260016407,1000.0,4,1.0,0.0,0.0,1.0
777,4374,3,0.925,0.0,0.9975,1.360379083197033,1000.0,4,1.0,0.0,0.0,1.0
778,4375,3,0.9275,0.0,0.9975,1.3620802105603032,1000.0,4,1.0,0.0,0.0,1.0
779,4376,3,0.93,0.0,0.9975,1.3637837988478967,1000.0,4,1.0,0.0,0.0,1.0
780,4377,3,0.9325,0.0,0.9975,1.3654898388490484,1000.0,4,1.0,0.0,0.0,1.0
781,4378,3,0.935,0.0,0.9975,1.3671983213857455,1000.0,4,1.0,0.0,0.0,1.0
782,4379,3,0.9375,0.0,0.9975,1.368909237312686,1000.0,4,1.0,0.0,0.0,1.0
783,4380,3,0.94,0.0,0.9975,1.3706225775172391,1000.0,4,1.0,0.0,0.0,1.0
784,4381,3,0.9425,0.0,0.9975,1.3723383329194008,1000.0,4,1.0,0.0,0.0,1.0
785,4382,3,0.945,0.0,0.9975,1.3740564944717522,1000.0,4,1.0,0.0,0.0,1.0
786,4383,3,0.9475,0.0,0.9975,1.3757770531594136,1000.0,4,1.0,0.0,0.0,1.0
787,4384,3,0.95,0.0,0.9975,1.3775000000000002,1000.0,4,1.0,0.0,0.0,1.0
788,4385,3,0.9525,0.0,0.9975,1.379225326043573,1000.0,4,1.0,0.0,0.0,1.0
789,4386,3,0.955,0.0,0.9975,1.3809530223725932,1000.0,4,1.0,0.0,0.0,1.0
790,4387,3,0.9575,0.0,0.9975,1.3826830801018721,1000.0,4,1.0,0.0,0.0,1.0
791,4388,3,0.96,0.0,0.9975,1.3844154903785209,1000.0,4,1.0,0.0,0.0,1.0
792,4389,3,0.9625,0.0,0.9975,1.3861502443818996,1000.0,4,1.0,0.0,0.0,1.0
793,4390,3,0.965,0.0,0.9975,1.3878873333235664,1000.0,4,1.0,0.0,0.0,1.0
794,4391,3,0.9675,0.0,0.9975,1.3896267484472224,1000.0,4,1.0,0.0,0.0,1.0
795,4392,3,0.97,0.0,0.9975,1.3913684810286597,1000.0,4,1.0,0.0,0.0,1.0
796,4393,3,0.9725,0.0,0.9975,1.3931125223757053,1000.0,4,1.0,0.0,0.0,1.0
797,4394,3,0.975,0.0,0.9975,1.3948588638281652,1000.0,4,1.0,0.0,0.0,1.0
798,4395,3,0.9775,0.0,0.9975,1.3966074967577684,1000.0,4,1.0,0.0,0.0,1.0
799,4396,3,0.98,0.0,0.9975,1.3983584125681083,1000.0,4,1.0,0.0,0.0,1.0
800,4397,3,0.9825,0.0,0.9975,1.4001116026945852,1000.0,4,1.0,0.0,0.0,1.0
801,4398,3,0.985,0.0,0.9975,1.4018670586043458,1000.0,4,1.0,0.0,0.0,1.0
802,4399,3,0.9875,0.0,0.9975,1.4036247717962234,1000.0,4,1.0,0.0,0.0,1.0
803,4400,3,0.99,0.0,0.9975,1.405384733800677,1000.0,4,1.0,0.0,0.0,1.0
804,4401,3,0.9925,0.0,0.9975,1.4071469361797297,1000.0,4,1.0,0.0,0.0,1.0
805,4402,3,0.995,0.0,0.9975,1.4089113705269043,1000.0,4,1.0,0.0,0.0,1.0
806,4403,3,0.9975,0.0,0.9975,1.4106780284671623,1000.0,4,1.0,0.0,0.0,1.0
807,4404,3,1.0,0.0,0.9975,1.4124469016568375,1000.0,4,1.0,0.0,0.0,1.0
808,4405,3,1.0025,0.0,0.9975,1.414217981783572,1000.0,4,1.0,0.0,0.0,1.0
809,4406,3,1.005,0.0,0.9975,1.4159912605662508,1000.0,4,1.0,0.0,0.0,1.0
810,4407,3,-0.005,0.0,0.995,0.9950125627347627,1000.0,4,1.0,0.0,0.0,1.0
811,4408,3,-0.0025,0.0,0.995,0.9950031406985608,1000.0,4,1.0,0.0,0.0,1.0
812,4409,3,0.0,0.0,0.995,0.995,1000.0,4,1.0,0.0,0.0,1.0
813,4410,3,0.0025,0.0,0.995,0.9950031406985608,1000.0,4,1.0,0.0,0.0,1.0
814,4411,3,0.005,0.0,0.995,0.9950125627347627,1000.0,4,1.0,0.0,0.0,1.0
815,4412,3,0.0075,0.0,0.995,0.9950282659301695,1000.0,4,1.0,0.0,0.0,1.0
816,4413,3,0.01,0.0,0.995,0.9950502499874064,1000.0,4,1.0,0.0,0.0,1.0
817,4414,3,0.0125,0.0,0.995,0.9950785144901884,1000.0,4,1.0,0.0,0.0,1.0
818,4415,3,0.015,0.0,0.995,0.995113058903359,1000.0,4,1.0,0.0,0.0,1.0
819,4416,3,0.0175,0.0,0.995,0.9951538825729416,1000.0,4,1.0,0.0,0.0,1.0
820,4417,3,0.02,0.0,0.995,0.9952009847262009,1000.0,4,1.0,0.0,0.0,1.0
821,4418,3,0.0225,0.0,0.995,0.9952543644717163,1000.0,4,1.0,0.0,0.0,1.0
822,4419,3,0.025,0.0,0.995,0.9953140207994661,1000.0,4,1.0,0.0,0.0,1.0
823,4420,3,0.0275,0.0,0.995,0.9953799525809228,1000.0,4,1.0,0.0,0.0,1.0
824,4421,3,0.03,0.0,0.995,0.99545215856916,1000.0,4,1.0,0.0,0.0,1.0
825,4422,3,0.0325,0.0,0.995,0.9955306373989703,1000.0,4,1.0,0.0,0.0,1.0
826,4423,3,0.035,0.0,0.995,0.9956153875869939,1000.0,4,1.0,0.0,0.0,1.0
827,4424,3,0.0375,0.0,0.995,0.9957064075318588,1000.0,4,1.0,0.0,0.0,1.0
828,4425,3,0.04,0.0,0.995,0.9958036955143318,1000.0,4,1.0,0.0,0.0,1.0
829,4426,3,0.0425,0.0,0.995,0.9959072496974807,1000.0,4,1.0,0.0,0.0,1.0
830,4427,3,0.045,0.0,0.995,0.996017068126847,1000.0,4,1.0,0.0,0.0,1.0
831,4428,3,0.0475,0.0,0.995,0.9961331487306303,1000.0,4,1.0,0.0,0.0,1.0
832,4429,3,0.05,0.0,0.995,0.9962554893198833,1000.0,4,1.0,0.0,0.0,1.0
833,4430,3,0.0525,0.0,0.995,0.996384087588717,1000.0,4,1.0,0.0,0.0,1.0
834,4431,3,0.055,0.0,0.995,0.9965189411145179,1000.0,4,1.0,0.0,0.0,1.0
835,4432,3,0.0575,0.0,0.995,0.9966600473581751,1000.0,4,1.0,0.0,0.0,1.0
836,4433,3,0.06,0.0,0.995,0.9968074036643187,1000.0,4,1.0,0.0,0.0,1.0
837,4434,3,0.0625,0.0,0.995,0.9969610072615679,1000.0,4,1.0,0.0,0.0,1.0
838,4435,3,0.065,0.0,0.995,0.9971208552627912,1000.0,4,1.0,0.0,0.0,1.0
839,4436,3,0.0675,0.0,0.995,0.9972869446653757,1000.0,4,1.0,0.0,0.0,1.0
840,4437,3,0.07,0.0,0.995,0.9974592723515081,1000.0,4,1.0,0.0,0.0,1.0
841,4438,3,0.0725,0.0,0.995,0.9976378350884654,1000.0,4,1.0,0.0,0.0,1.0
842,4439,3,0.075,0.0,0.995,0.9978226295289159,1000.0,4,1.0,0.0,0.0,1.0
843,4440,3,0.0775,0.0,0.995,0.9980136522112311,1000.0,4,1.0,0.0,0.0,1.0
844,4441,3,0.08,0.0,0.995,0.9982108995598075,1000.0,4,1.0,0.0,0.0,1.0
845,4442,3,0.0825,0.0,0.995,0.9984143678853986,1000.0,4,1.0,0.0,0.0,1.0
846,4443,3,0.085,0.0,0.995,0.998624053385457,1000.0,4,1.0,0.0,0.0,1.0
847,4444,3,0.0875,0.0,0.995,0.9988399521444865,1000.0,4,1.0,0.0,0.0,1.0
848,4445,3,0.09,0.0,0.995,0.9990620601344042,1000.0,4,1.0,0.0,0.0,1.0
849,4446,3,0.0925,0.0,0.995,0.999290373214913,1000.0,4,1.0,0.0,0.0,1.0
850,4447,3,0.095,0.0,0.995,0.9995248871338822,1000.0,4,1.0,0.0,0.0,1.0
851,4448,3,0.0975,0.0,0.995,0.9997655975277405,1000.0,4,1.0,0.0,0.0,1.0
852,4449,3,0.1,0.0,0.995,1.000012499921876,1000.0,4,1.0,0.0,0.0,1.0
853,4450,3,0.1025,0.0,0.995,1.0002655897310475,1000.0,4,1.0,0.0,0.0,1.0
854,4451,3,0.105,0.0,0.995,1.0005248622598042,1000.0,4,1.0,0.0,0.0,1.0
855,4452,3,0.1075,0.0,0.995,1.0007903127029159,1000.0,4,1.0,0.0,0.0,1.0
856,4453,3,0.11,0.0,0.995,1.001061936145811,1000.0,4,1.0,0.0,0.0,1.0
857,4454,3,0.1125,0.0,0.995,1.0013397275650258,1000.0,4,1.0,0.0,0.0,1.0
858,4455,3,0.115,0.0,0.995,1.0016236818286597,1000.0,4,1.0,0.0,0.0,1.0
859,4456,3,0.1175,0.0,0.995,1.001913793696843,1000.0,4,1.0,0.0,0.0,1.0
860,4457,3,0.12,0.0,0.995,1.0022100578222113,1000.0,4,1.0,0.0,0.0,1.0
861,4458,3,0.1225,0.0,0.995,1.0025124687503892,1000.0,4,1.0,0.0,0.0,1.0
862,4459,3,0.125,0.0,0.995,1.002821020920483,1000.0,4,1.0,0.0,0.0,1.0
863,4460,3,0.1275,0.0,0.995,1.0031357086655823,1000.0,4,1.0,0.0,0.0,1.0
864,4461,3,0.13,0.0,0.995,1.0034565262132684,1000.0,4,1.0,0.0,0.0,1.0
865,4462,3,0.1325,0.0,0.995,1.0037834676861341,1000.0,4,1.0,0.0,0.0,1.0
866,4463,3,0.135,0.0,0.995,1.004116527102308,1000.0,4,1.0,0.0,0.0,1.0
867,4464,3,0.1375,0.0,0.995,1.0044556983759911,1000.0,4,1.0,0.0,0.0,1.0
868,4465,3,0.14,0.0,0.995,1.004800975317998,1000.0,4,1.0,0.0,0.0,1.0
869,4466,3,0.1425,0.0,0.995,1.005152351636308,1000.0,4,1.0,0.0,0.0,1.0
870,4467,3,0.145,0.0,0.995,1.005509820936623,1000.0,4,1.0,0.0,0.0,1.0
871,4468,3,0.1475,0.0,0.995,1.0058733767229353,1000.0,4,1.0,0.0,0.0,1.0
872,4469,3,0.15,0.0,0.995,1.0062430123980985,1000.0,4,1.0,0.0,0.0,1.0
873,4470,3,0.1525,0.0,0.995,1.006618721264412,1000.0,4,1.0,0.0,0.0,1.0
874,4471,3,0.155,0.0,0.995,1.0070004965242074,1000.0,4,1.0,0.0,0.0,1.0
875,4472,3,0.1575,0.0,0.995,1.0073883312804452,1000.0,4,1.0,0.0,0.0,1.0
876,4473,3,0.16,0.0,0.995,1.0077822185373186,1000.0,4,1.0,0.0,0.0,1.0
877,4474,3,0.1625,0.0,0.995,1.008182151200863,1000.0,4,1.0,0.0,0.0,1.0
878,4475,3,0.165,0.0,0.995,1.0085881220795732,1000.0,4,1.0,0.0,0.0,1.0
879,4476,3,0.1675,0.0,0.995,1.009000123885027,1000.0,4,1.0,0.0,0.0,1.0
880,4477,3,0.17,0.0,0.995,1.0094181492325172,1000.0,4,1.0,0.0,0.0,1.0
881,4478,3,0.1725,0.0,0.995,1.0098421906416863,1000.0,4,1.0,0.0,0.0,1.0
882,4479,3,0.175,0.0,0.995,1.0102722405371733,1000.0,4,1.0,0.0,0.0,1.0
883,4480,3,0.1775,0.0,0.995,1.0107082912492604,1000.0,4,1.0,0.0,0.0,1.0
884,4481,3,0.18,0.0,0.995,1.0111503350145319,1000.0,4,1.0,0.0,0.0,1.0
885,4482,3,0.1825,0.0,0.995,1.011598363976534,1000.0,4,1.0,0.0,0.0,1.0
886,4483,3,0.185,0.0,0.995,1.0120523701864446,1000.0,4,1.0,0.0,0.0,1.0
887,4484,3,0.1875,0.0,0.995,1.0125123456037464,1000.0,4,1.0,0.0,0.0,1.0
888,4485,3,0.19,0.0,0.995,1.0129782820969064,1000.0,4,1.0,0.0,0.0,1.0
889,4486,3,0.1925,0.0,0.995,1.0134501714440627,1000.0,4,1.0,0.0,0.0,1.0
890,4487,3,0.195,0.0,0.995,1.013928005333712,1000.0,4,1.0,0.0,0.0,1.0
891,4488,3,0.1975,0.0,0.995,1.0144117753654085,1000.0,4,1.0,0.0,0.0,1.0
892,4489,3,0.2,0.0,0.995,1.014901473050463,1000.0,4,1.0,0.0,0.0,1.0
893,4490,3,0.2025,0.0,0.995,1.0153970898126505,1000.0,4,1.0,0.0,0.0,1.0
894,4491,3,0.205,0.0,0.995,1.01589861698892,1000.0,4,1.0,0.0,0.0,1.0
895,4492,3,0.2075,0.0,0.995,1.01640604583011,1000.0,4,1.0,0.0,0.0,1.0
896,4493,3,0.21,0.0,0.995,1.0169193675016717,1000.0,4,1.0,0.0,0.0,1.0
897,4494,3,0.2125,0.0,0.995,1.0174385730843902,1000.0,4,1.0,0.0,0.0,1.0
898,4495,3,0.215,0.0,0.995,1.0179636535751166,1000.0,4,1.0,0.0,0.0,1.0
899,4496,3,0.2175,0.0,0.995,1.0184945998875006,1000.0,4,1.0,0.0,0.0,1.0
900,4497,3,0.22,0.0,0.995,1.0190314028527288,1000.0,4,1.0,0.0,0.0,1.0
901,4498,3,0.2225,0.0,0.995,1.019574053220265,1000.0,4,1.0,0.0,0.0,1.0
902,4499,3,0.225,0.0,0.995,1.020122541658599,1000.0,4,1.0,0.0,0.0,1.0
903,4500,3,0.2275,0.0,0.995,1.0206768587559925,1000.0,4,1.0,0.0,0.0,1.0
904,4501,3,0.23,0.0,0.995,1.021236995021234,1000.0,4,1.0,0.0,0.0,1.0
905,4502,3,0.2325,0.0,0.995,1.0218029408843958,1000.0,4,1.0,0.0,0.0,1.0
906,4503,3,0.235,0.0,0.995,1.0223746866975922,1000.0,4,1.0,0.0,0.0,1.0
907,4504,3,0.2375,0.0,0.995,1.0229522227357444,1000.0,4,1.0,0.0,0.0,1.0
908,4505,3,0.24,0.0,0.995,1.023535539197345,1000.0,4,1.0,0.0,0.0,1.0
909,4506,3,0.2425,0.0,0.995,1.024124626205229,1000.0,4,1.0,0.0,0.0,1.0
910,4507,3,0.245,0.0,0.995,1.0247194738073442,1000.0,4,1.0,0.0,0.0,1.0
911,4508,3,0.2475,0.0,0.995,1.0253200719775264,1000.0,4,1.0,0.0,0.0,1.0
912,4509,3,0.25,0.0,0.995,1.0259264106162782,1000.0,4,1.0,0.0,0.0,1.0
913,4510,3,0.2525,0.0,0.995,1.0265384795515462,1000.0,4,1.0,0.0,0.0,1.0
914,4511,3,0.255,0.0,0.995,1.0271562685395053,1000.0,4,1.0,0.0,0.0,1.0
915,4512,3,0.2575,0.0,0.995,1.0277797672653417,1000.0,4,1.0,0.0,0.0,1.0
916,4513,3,0.26,0.0,0.995,1.0284089653440405,1000.0,4,1.0,0.0,0.0,1.0
917,4514,3,0.2625,0.0,0.995,1.029043852321173,1000.0,4,1.0,0.0,0.0,1.0
918,4515,3,0.265,0.0,0.995,1.029684417673687,1000.0,4,1.0,0.0,0.0,1.0
919,4516,3,0.2675,0.0,0.995,1.0303306508106997,1000.0,4,1.0,0.0,0.0,1.0
920,4517,3,0.27,0.0,0.995,1.03098254107429,1000.0,4,1.0,0.0,0.0,1.0
921,4518,3,0.2725,0.0,0.995,1.031640077740294,1000.0,4,1.0,0.0,0.0,1.0
922,4519,3,0.275,0.0,0.995,1.0323032500191016,1000.0,4,1.0,0.0,0.0,1.0
923,4520,3,0.2775,0.0,0.995,1.0329720470564536,1000.0,4,1.0,0.0,0.0,1.0
924,4521,3,0.28,0.0,0.995,1.0336464579342397,1000.0,4,1.0,0.0,0.0,1.0
925,4522,3,0.2825,0.0,0.995,1.0343264716712997,1000.0,4,1.0,0.0,0.0,1.0
926,4523,3,0.285,0.0,0.995,1.0350120772242226,1000.0,4,1.0,0.0,0.0,1.0
927,4524,3,0.2875,0.0,0.995,1.035703263488148,1000.0,4,1.0,0.0,0.0,1.0
928,4525,3,0.29,0.0,0.995,1.0364000192975684,1000.0,4,1.0,0.0,0.0,1.0
929,4526,3,0.2925,0.0,0.995,1.037102333427131,1000.0,4,1.0,0.0,0.0,1.0
930,4527,3,0.295,0.0,0.995,1.037810194592441,1000.0,4,1.0,0.0,0.0,1.0
931,4528,3,0.2975,0.0,0.995,1.0385235914508635,1000.0,4,1.0,0.0,0.0,1.0
932,4529,3,0.3,0.0,0.995,1.0392425126023281,1000.0,4,1.0,0.0,0.0,1.0
933,4530,3,0.3025,0.0,0.995,1.039966946590131,1000.0,4,1.0,0.0,0.0,1.0
934,4531,3,0.305,0.0,0.995,1.040696881901738,1000.0,4,1.0,0.0,0.0,1.0
935,4532,3,0.3075,0.0,0.995,1.041432306969589,1000.0,4,1.0,0.0,0.0,1.0
936,4533,3,0.31,0.0,0.995,1.0421732101718983,1000.0,4,1.0,0.0,0.0,1.0
937,4534,3,0.3125,0.0,0.995,1.0429195798334596,1000.0,4,1.0,0.0,0.0,1.0
938,4535,3,0.315,0.0,0.995,1.0436714042264452,1000.0,4,1.0,0.0,0.0,1.0
939,4536,3,0.3175,0.0,0.995,1.044428671571209,1000.0,4,1.0,0.0,0.0,1.0
940,4537,3,0.32,0.0,0.995,1.0451913700370856,1000.0,4,1.0,0.0,0.0,1.0
941,4538,3,0.3225,0.0,0.995,1.0459594877431917,1000.0,4,1.0,0.0,0.0,1.0
942,4539,3,0.325,0.0,0.995,1.0467330127592231,1000.0,4,1.0,0.0,0.0,1.0
943,4540,3,0.3275,0.0,0.995,1.0475119331062535,1000.0,4,1.0,0.0,0.0,1.0
944,4541,3,0.33,0.0,0.995,1.0482962367575304,1000.0,4,1.0,0.0,0.0,1.0
945,4542,3,0.3325,0.0,0.995,1.0490859116392708,1000.0,4,1.0,0.0,0.0,1.0
946,4543,3,0.335,0.0,0.995,1.049880945631456,1000.0,4,1.0,0.0,0.0,1.0
947,4544,3,0.3375,0.0,0.995,1.0506813265686223,1000.0,4,1.0,0.0,0.0,1.0
948,4545,3,0.34,0.0,0.995,1.0514870422406546,1000.0,4,1.0,0.0,0.0,1.0
949,4546,3,0.3425,0.0,0.995,1.0522980803935738,1000.0,4,1.0,0.0,0.0,1.0
950,4547,3,0.345,0.0,0.995,1.0531144287303256,1000.0,4,1.0,0.0,0.0,1.0
951,4548,3,0.3475,0.0,0.995,1.053936074911567,1000.0,4,1.0,0.0,0.0,1.0
952,4549,3,0.35,0.0,0.995,1.054763006556449,1000.0,4,1.0,0.0,0.0,1.0
953,4550,3,0.3525,0.0,0.995,1.0555952112434008,1000.0,4,1.0,0.0,0.0,1.0
954,4551,3,0.355,0.0,0.995,1.0564326765109076,1000.0,4,1.0,0.0,0.0,1.0
955,4552,3,0.3575,0.0,0.995,1.0572753898582905,1000.0,4,1.0,0.0,0.0,1.0
956,4553,3,0.36,0.0,0.995,1.058123338746481,1000.0,4,1.0,0.0,0.0,1.0
957,4554,3,0.3625,0.0,0.995,1.0589765105987952,1000.0,4,1.0,0.0,0.0,1.0
958,4555,3,0.365,0.0,0.995,1.0598348928017043,1000.0,4,1.0,0.0,0.0,1.0
959,4556,3,0.3675,0.0,0.995,1.0606984727056035,1000.0,4,1.0,0.0,0.0,1.0
960,4557,3,0.37,0.0,0.995,1.0615672376255778,1000.0,4,1.0,0.0,0.0,1.0
961,4558,3,0.3725,0.0,0.995,1.0624411748421652,1000.0,4,1.0,0.0,0.0,1.0
962,4559,3,0.375,0.0,0.995,1.063320271602117,1000.0,4,1.0,0.0,0.0,1.0
963,4560,3,0.3775,0.0,0.995,1.064204515119157,1000.0,4,1.0,0.0,0.0,1.0
964,4561,3,0.38,0.0,0.995,1.0650938925747344,1000.0,4,1.0,0.0,0.0,1.0
965,4562,3,0.3825,0.0,0.995,1.0659883911187775,1000.0,4,1.0,0.0,0.0,1.0
966,4563,3,0.385,0.0,0.995,1.066887997870442,1000.0,4,1.0,0.0,0.0,1.0
967,4564,3,0.3875,0.0,0.995,1.067792699918856,1000.0,4,1.0,0.0,0.0,1.0
968,4565,3,0.39,0.0,0.995,1.0687024843238646,1000.0,4,1.0,0.0,0.0,1.0
969,4566,3,0.3925,0.0,0.995,1.069617338116768,1000.0,4,1.0,0.0,0.0,1.0
970,4567,3,0.395,0.0,0.995,1.0705372483010576,1000.0,4,1.0,0.0,0.0,1.0
971,4568,3,0.3975,0.0,0.995,1.0714622018531499,1000.0,4,1.0,0.0,0.0,1.0
972,4569,3,0.4,0.0,0.995,1.0723921857231151,1000.0,4,1.0,0.0,0.0,1.0
973,4570,3,0.4025,0.0,0.995,1.073327186835403,1000.0,4,1.0,0.0,0.0,1.0
974,4571,3,0.405,0.0,0.995,1.0742671920895657,1000.0,4,1.0,0.0,0.0,1.0
975,4572,3,0.4075,0.0,0.995,1.0752121883609764,1000.0,4,1.0,0.0,0.0,1.0
976,4573,3,0.41,0.0,0.995,1.0761621625015443,1000.0,4,1.0,0.0,0.0,1.0
977,4574,3,0.4125,0.0,0.995,1.0771171013404253,1000.0,4,1.0,0.0,0.0,1.0
978,4575,3,0.415,0.0,0.995,1.0780769916847313,1000.0,4,1.0,0.0,0.0,1.0
979,4576,3,0.4175,0.0,0.995,1.079041820320232,1000.0,4,1.0,0.0,0.0,1.0
980,4577,3,0.42,0.0,0.995,1.0800115740120566,1000.0,4,1.0,0.0,0.0,1.0
981,4578,3,0.4225,0.0,0.995,1.080986239505388,1000.0,4,1.0,0.0,0.0,1.0
982,4579,3,0.425,0.0,0.995,1.081965803526156,1000.0,4,1.0,0.0,0.0,1.0
983,4580,3,0.4275,0.0,0.995,1.082950252781724,1000.0,4,1.0,0.0,0.0,1.0
984,4581,3,0.43,0.0,0.995,1.0839395739615747,1000.0,4,1.0,0.0,0.0,1.0
985,4582,3,0.4325,0.0,0.995,1.0849337537379875,1000.0,4,1.0,0.0,0.0,1.0
986,4583,3,0.435,0.0,0.995,1.0859327787667155,1000.0,4,1.0,0.0,0.0,1.0
987,4584,3,0.4375,0.0,0.995,1.086936635687656,1000.0,4,1.0,0.0,0.0,1.0
988,4585,3,0.44,0.0,0.995,1.087945311125518,1000.0,4,1.0,0.0,0.0,1.0
989,4586,3,0.4425,0.0,0.995,1.0889587916904846,1000.0,4,1.0,0.0,0.0,1.0
990,4587,3,0.445,0.0,0.995,1.089977063978871,1000.0,4,1.0,0.0,0.0,1.0
991,4588,3,0.4475,0.0,0.995,1.0910001145737795,1000.0,4,1.0,0.0,0.0,1.0
992,4589,3,0.45,0.0,0.995,1.0920279300457476,1000.0,4,1.0,0.0,0.0,1.0
993,4590,3,0.4525,0.0,0.995,1.0930604969533937,1000.0,4,1.0,0.0,0.0,1.0
994,4591,3,0.455,0.0,0.995,1.0940978018440581,1000.0,4,1.0,0.0,0.0,1.0
995,4592,3,0.4575,0.0,0.995,1.0951398312544385,1000.0,4,1.0,0.0,0.0,1.0
996,4593,3,0.46,0.0,0.995,1.0961865717112211,1000.0,4,1.0,0.0,0.0,1.0
997,4594,3,0.4625,0.0,0.995,1.0972380097317083,1000.0,4,1.0,0.0,0.0,1.0
998,4595,3,0.465,0.0,0.995,1.09829413182444,1000.0,4,1.0,0.0,0.0,1.0
999,4596,3,0.4675,0.0,0.995,1.099354924489812,1000.0,4,1.0,0.0,0.0,1.0
1000,4597,3,0.47,0.0,0.995,1.1004203742206884,1000.0,4,1.0,0.0,0.0,1.0
1001,4598,3,0.4725,0.0,0.995,1.1014904675030102,1000.0,4,1.0,0.0,0.0,1.0
1002,4599,3,0.475,0.0,0.995,1.102565190816398,1000.0,4,1.0,0.0,0.0,1.0
1003,4600,3,0.4775,0.0,0.995,1.103644530634751,1000.0,4,1.0,0.0,0.0,1.0
1004,4601,3,0.48,0.0,0.995,1.1047284734268417,1000.0,4,1.0,0.0,0.0,1.0
1005,4602,3,0.4825,0.0,0.995,1.1058170056569034,1000.0,4,1.0,0.0,0.0,1.0
1006,4603,3,0.485,0.0,0.995,1.106910113785216,1000.0,4,1.0,0.0,0.0,1.0
1007,4604,3,0.4875,0.0,0.995,1.1080077842686846,1000.0,4,1.0,0.0,0.0,1.0
1008,4605,3,0.49,0.0,0.995,1.109110003561414,1000.0,4,1.0,0.0,0.0,1.0
1009,4606,3,0.4925,0.0,0.995,1.110216758115279,1000.0,4,1.0,0.0,0.0,1.0
1010,4607,3,0.495,0.0,0.995,1.1113280343804883,1000.0,4,1.0,0.0,0.0,1.0
1011,4608,3,0.4975,0.0,0.995,1.1124438188061454,1000.0,4,1.0,0.0,0.0,1.0
1012,4609,3,0.5,0.0,0.995,1.1135640978408023,1000.0,4,1.0,0.0,0.0,1.0
1013,4610,3,0.5025,0.0,0.995,1.1146888579330108,1000.0,4,1.0,0.0,0.0,1.0
1014,4611,3,0.505,0.0,0.995,1.1158180855318667,1000.0,4,1.0,0.0,0.0,1.0
1015,4612,3,0.5075,0.0,0.995,1.1169517670875497,1000.0,4,1.0,0.0,0.0,1.0
1016,4613,3,0.51,0.0,0.995,1.1180898890518598,1000.0,4,1.0,0.0,0.0,1.0
1017,4614,3,0.5125,0.0,0.995,1.1192324378787455,1000.0,4,1.0,0.0,0.0,1.0
1018,4615,3,0.515,0.0,0.995,1.1203794000248308,1000.0,4,1.0,0.0,0.0,1.0
1019,4616,3,0.5175,0.0,0.995,1.1215307619499342,1000.0,4,1.0,0.0,0.0,1.0
1020,4617,3,0.52,0.0,0.995,1.122686510117584,1000.0,4,1.0,0.0,0.0,1.0
1021,4618,3,0.5225,0.0,0.995,1.1238466309955286,1000.0,4,1.0,0.0,0.0,1.0
1022,4619,3,0.525,0.0,0.995,1.125011111056242,1000.0,4,1.0,0.0,0.0,1.0
1023,4620,3,0.5275,0.0,0.995,1.1261799367774228,1000.0,4,1.0,0.0,0.0,1.0
1024,4621,3,0.53,0.0,0.995,1.1273530946424906,1000.0,4,1.0,0.0,0.0,1.0
1025,4622,3,0.5325,0.0,0.995,1.1285305711410745,1000.0,4,1.0,0.0,0.0,1.0
1026,4623,3,0.535,0.0,0.995,1.1297123527695003,1000.0,4,1.0,0.0,0.0,1.0
1027,4624,3,0.5375,0.0,0.995,1.1308984260312682,1000.0,4,1.0,0.0,0.0,1.0
1028,4625,3,0.54,0.0,0.995,1.1320887774375294,1000.0,4,1.0,0.0,0.0,1.0
1029,4626,3,0.5425,0.0,0.995,1.1332833935075552,1000.0,4,1.0,0.0,0.0,1.0
1030,4627,3,0.545,0.0,0.995,1.1344822607692022,1000.0,4,1.0,0.0,0.0,1.0
1031,4628,3,0.5475,0.0,0.995,1.1356853657593726,1000.0,4,1.0,0.0,0.0,1.0
1032,4629,3,0.55,0.0,0.995,1.1368926950244689,1000.0,4,1.0,0.0,0.0,1.0
1033,4630,3,0.5525,0.0,0.995,1.1381042351208435,1000.0,4,1.0,0.0,0.0,1.0
1034,4631,3,0.555,0.0,0.995,1.1393199726152439,1000.0,4,1.0,0.0,0.0,1.0
1035,4632,3,0.5575,0.0,0.995,1.140539894085253,1000.0,4,1.0,0.0,0.0,1.0
1036,4633,3,0.56,0.0,0.995,1.1417639861197235,1000.0,4,1.0,0.0,0.0,1.0
1037,4634,3,0.5625,0.0,0.995,1.1429922353192081,1000.0,4,1.0,0.0,0.0,1.0
1038,4635,3,0.565,0.0,0.995,1.1442246282963848,1000.0,4,1.0,0.0,0.0,1.0
1039,4636,3,0.5675,0.0,0.995,1.1454611516764766,1000.0,4,1.0,0.0,0.0,1.0
1040,4637,3,0.57,0.0,0.995,1.1467017920976665,1000.0,4,1.0,0.0,0.0,1.0
1041,4638,3,0.5725,0.0,0.995,1.1479465362115084,1000.0,4,1.0,0.0,0.0,1.0
1042,4639,3,0.575,0.0,0.995,1.1491953706833318,1000.0,4,1.0,0.0,0.0,1.0
1043,4640,3,0.5775,0.0,0.995,1.1504482821926416,1000.0,4,1.0,0.0,0.0,1.0
1044,4641,3,0.58,0.0,0.995,1.1517052574335154,1000.0,4,1.0,0.0,0.0,1.0
1045,4642,3,0.5825,0.0,0.995,1.152966283114992,1000.0,4,1.0,0.0,0.0,1.0
1046,4643,3,0.585,0.0,0.995,1.1542313459614584,1000.0,4,1.0,0.0,0.0,1.0
1047,4644,3,0.5875,0.0,0.995,1.1555004327130303,1000.0,4,1.0,0.0,0.0,1.0
1048,4645,3,0.59,0.0,0.995,1.1567735301259274,1000.0,4,1.0,0.0,0.0,1.0
1049,4646,3,0.5925,0.0,0.995,1.1580506249728464,1000.0,4,1.0,0.0,0.0,1.0
1050,4647,3,0.595,0.0,0.995,1.159331704043325,1000.0,4,1.0,0.0,0.0,1.0
1051,4648,3,0.5975,0.0,0.995,1.160616754144106,1000.0,4,1.0,0.0,0.0,1.0
1052,4649,3,0.6,0.0,0.995,1.1619057620994915,1000.0,4,1.0,0.0,0.0,1.0
1053,4650,3,0.6025,0.0,0.995,1.1631987147516971,1000.0,4,1.0,0.0,0.0,1.0
1054,4651,3,0.605,0.0,0.995,1.1644955989611983,1000.0,4,1.0,0.0,0.0,1.0
1055,4652,3,0.6075,0.0,0.995,1.165796401607073,1000.0,4,1.0,0.0,0.0,1.0
1056,4653,3,0.61,0.0,0.995,1.1671011095873398,1000.0,4,1.0,0.0,0.0,1.0
1057,4654,3,0.6125,0.0,0.995,1.1684097098192912,1000.0,4,1.0,0.0,0.0,1.0
1058,4655,3,0.615,0.0,0.995,1.169722189239821,1000.0,4,1.0,0.0,0.0,1.0
1059,4656,3,0.6175,0.0,0.995,1.171038534805751,1000.0,4,1.0,0.0,0.0,1.0
1060,4657,3,0.62,0.0,0.995,1.1723587334941468,1000.0,4,1.0,0.0,0.0,1.0
1061,4658,3,0.6225,0.0,0.995,1.1736827723026355,1000.0,4,1.0,0.0,0.0,1.0
1062,4659,3,0.625,0.0,0.995,1.1750106382497139,1000.0,4,1.0,0.0,0.0,1.0
1063,4660,3,0.6275,0.0,0.995,1.1763423183750552,1000.0,4,1.0,0.0,0.0,1.0
1064,4661,3,0.63,0.0,0.995,1.17767779973981,1000.0,4,1.0,0.0,0.0,1.0
1065,4662,3,0.6325,0.0,0.995,1.1790170694269018,1000.0,4,1.0,0.0,0.0,1.0
1066,4663,3,0.635,0.0,0.995,1.180360114541321,1000.0,4,1.0,0.0,0.0,1.0
1067,4664,3,0.6375,0.0,0.995,1.18170692221041,1000.0,4,1.0,0.0,0.0,1.0
1068,4665,3,0.64,0.0,0.995,1.1830574795841495,1000.0,4,1.0,0.0,0.0,1.0
1069,4666,3,0.6425,0.0,0.995,1.1844117738354343,1000.0,4,1.0,0.0,0.0,1.0
1070,4667,3,0.645,0.0,0.995,1.18576979216035,1000.0,4,1.0,0.0,0.0,1.0
1071,4668,3,0.6475,0.0,0.995,1.1871315217784422,1000.0,4,1.0,0.0,0.0,1.0
1072,4669,3,0.65,0.0,0.995,1.1884969499329816,1000.0,4,1.0,0.0,0.0,1.0
1073,4670,3,0.6525,0.0,0.995,1.1898660638912264,1000.0,4,1.0,0.0,0.0,1.0
1074,4671,3,0.655,0.0,0.995,1.1912388509446794,1000.0,4,1.0,0.0,0.0,1.0
1075,4672,3,0.6575,0.0,0.995,1.1926152984093403,1000.0,4,1.0,0.0,0.0,1.0
1076,4673,3,0.66,0.0,0.995,1.1939953936259553,1000.0,4,1.0,0.0,0.0,1.0
1077,4674,3,0.6625,0.0,0.995,1.1953791239602605,1000.0,4,1.0,0.0,0.0,1.0
1078,4675,3,0.665,0.0,0.995,1.1967664768032233,1000.0,4,1.0,0.0,0.0,1.0
1079,4676,3,0.6675,0.0,0.995,1.1981574395712777,1000.0,4,1.0,0.0,0.0,1.0
1080,4677,3,0.67,0.0,0.995,1.1995519997065571,1000.0,4,1.0,0.0,0.0,1.0
1081,4678,3,0.6725,0.0,0.995,1.2009501446771218,1000.0,4,1.0,0.0,0.0,1.0
1082,4679,3,0.675,0.0,0.995,1.2023518619771836,1000.0,4,1.0,0.0,0.0,1.0
1083,4680,3,0.6775,0.0,0.995,1.203757139127324,1000.0,4,1.0,0.0,0.0,1.0
1084,4681,3,0.68,0.0,0.995,1.2051659636747132,1000.0,4,1.0,0.0,0.0,1.0
1085,4682,3,0.6825,0.0,0.995,1.2065783231933185,1000.0,4,1.0,0.0,0.0,1.0
1086,4683,3,0.685,0.0,0.995,1.2079942052841148,1000.0,4,1.0,0.0,0.0,1.0
1087,4684,3,0.6875,0.0,0.995,1.2094135975752878,1000.0,4,1.0,0.0,0.0,1.0
1088,4685,3,0.69,0.0,0.995,1.210836487722434,1000.0,4,1.0,0.0,0.0,1.0
1089,4686,3,0.6925,0.0,0.995,1.2122628634087576,1000.0,4,1.0,0.0,0.0,1.0
1090,4687,3,0.695,0.0,0.995,1.2136927123452625,1000.0,4,1.0,0.0,0.0,1.0
1091,4688,3,0.6975,0.0,0.995,1.2151260222709412,1000.0,4,1.0,0.0,0.0,1.0
1092,4689,3,0.7,0.0,0.995,1.21656278095296,1000.0,4,1.0,0.0,0.0,1.0
1093,4690,3,0.7025,0.0,0.995,1.21800297618684,1000.0,4,1.0,0.0,0.0,1.0
1094,4691,3,0.705,0.0,0.995,1.2194465957966343,1000.0,4,1.0,0.0,0.0,1.0
1095,4692,3,0.7075,0.0,0.995,1.2208936276351023,1000.0,4,1.0,0.0,0.0,1.0
1096,4693,3,0.71,0.0,0.995,1.22234405958388,1000.0,4,1.0,0.0,0.0,1.0
1097,4694,3,0.7125,0.0,0.995,1.223797879553646,1000.0,4,1.0,0.0,0.0,1.0
1098,4695,3,0.715,0.0,0.995,1.2252550754842846,1000.0,4,1.0,0.0,0.0,1.0
1099,4696,3,0.7175,0.0,0.995,1.2267156353450461,1000.0,4,1.0,0.0,0.0,1.0
1100,4697,3,0.72,0.0,0.995,1.2281795471347012,1000.0,4,1.0,0.0,0.0,1.0
1101,4698,3,0.7225,0.0,0.995,1.2296467988816953,1000.0,4,1.0,0.0,0.0,1.0
1102,4699,3,0.725,0.0,0.995,1.2311173786442948,1000.0,4,1.0,0.0,0.0,1.0
1103,4700,3,0.7275,0.0,0.995,1.232591274510736,1000.0,4,1.0,0.0,0.0,1.0
1104,4701,3,0.73,0.0,0.995,1.2340684745993635,1000.0,4,1.0,0.0,0.0,1.0
1105,4702,3,0.7325,0.0,0.995,1.2355489670587727,1000.0,4,1.0,0.0,0.0,1.0
1106,4703,3,0.735,0.0,0.995,1.2370327400679417,1000.0,4,1.0,0.0,0.0,1.0
1107,4704,3,0.7375,0.0,0.995,1.2385197818363662,1000.0,4,1.0,0.0,0.0,1.0
1108,4705,3,0.74,0.0,0.995,1.240010080604186,1000.0,4,1.0,0.0,0.0,1.0
1109,4706,3,0.7425,0.0,0.995,1.2415036246423126,1000.0,4,1.0,0.0,0.0,1.0
1110,4707,3,0.745,0.0,0.995,1.2430004022525496,1000.0,4,1.0,0.0,0.0,1.0
1111,4708,3,0.7475,0.0,0.995,1.2445004017677135,1000.0,4,1.0,0.0,0.0,1.0
1112,4709,3,0.75,0.0,0.995,1.2460036115517483,1000.0,4,1.0,0.0,0.0,1.0
1113,4710,3,0.7525,0.0,0.995,1.2475100199998395,1000.0,4,1.0,0.0,0.0,1.0
1114,4711,3,0.755,0.0,0.995,1.2490196155385231,1000.0,4,1.0,0.0,0.0,1.0
1115,4712,3,0.7575,0.0,0.995,1.2505323866257922,1000.0,4,1.0,0.0,0.0,1.0
1116,4713,3,0.76,0.0,0.995,1.2520483217512015,1000.0,4,1.0,0.0,0.0,1.0
1117,4714,3,0.7625,0.0,0.995,1.2535674094359663,1000.0,4,1.0,0.0,0.0,1.0
1118,4715,3,0.765,0.0,0.995,1.2550896382330627,1000.0,4,1.0,0.0,0.0,1.0
1119,4716,3,0.7675,0.0,0.995,1.256614996727319,1000.0,4,1.0,0.0,0.0,1.0
1120,4717,3,0.77,0.0,0.995,1.2581434735355106,1000.0,4,1.0,0.0,0.0,1.0
1121,4718,3,0.7725,0.0,0.995,1.2596750573064468,1000.0,4,1.0,0.0,0.0,1.0
1122,4719,3,0.775,0.0,0.995,1.261209736721058,1000.0,4,1.0,0.0,0.0,1.0
1123,4720,3,0.7775,0.0,0.995,1.2627475004924777,1000.0,4,1.0,0.0,0.0,1.0
1124,4721,3,0.78,0.0,0.995,1.264288337366125,1000.0,4,1.0,0.0,0.0,1.0
1125,4722,3,0.7825,0.0,0.995,1.2658322361197791,1000.0,4,1.0,0.0,0.0,1.0
1126,4723,3,0.785,0.0,0.995,1.2673791855636576,1000.0,4,1.0,0.0,0.0,1.0
1127,4724,3,0.7875,0.0,0.995,1.2689291745404863,1000.0,4,1.0,0.0,0.0,1.0
1128,4725,3,0.79,0.0,0.995,1.2704821919255698,1000.0,4,1.0,0.0,0.0,1.0
1129,4726,3,0.7925,0.0,0.995,1.2720382266268573,1000.0,4,1.0,0.0,0.0,1.0
1130,4727,3,0.795,0.0,0.995,1.2735972675850087,1000.0,4,1.0,0.0,0.0,1.0
1131,4728,3,0.7975,0.0,0.995,1.275159303773454,1000.0,4,1.0,0.0,0.0,1.0
1132,4729,3,0.8,0.0,0.995,1.2767243241984545,1000.0,4,1.0,0.0,0.0,1.0
1133,4730,3,0.8025,0.0,0.995,1.2782923178991572,1000.0,4,1.0,0.0,0.0,1.0
1134,4731,3,0.805,0.0,0.995,1.2798632739476512,1000.0,4,1.0,0.0,0.0,1.0
1135,4732,3,0.8075,0.0,0.995,1.2814371814490166,1000.0,4,1.0,0.0,0.0,1.0
1136,4733,3,0.81,0.0,0.995,1.2830140295413766,1000.0,4,1.0,0.0,0.0,1.0
1137,4734,3,0.8125,0.0,0.995,1.284593807395941,1000.0,4,1.0,0.0,0.0,1.0
1138,4735,3,0.815,0.0,0.995,1.2861765042170534,1000.0,4,1.0,0.0,0.0,1.0
1139,4736,3,0.8175,0.0,0.995,1.2877621092422311,1000.0,4,1.0,0.0,0.0,1.0
1140,4737,3,0.82,0.0,0.995,1.2893506117422056,1000.0,4,1.0,0.0,0.0,1.0
1141,4738,3,0.8225,0.0,0.995,1.2909420010209598,1000.0,4,1.0,0.0,0.0,1.0
1142,4739,3,0.825,0.0,0.995,1.292536266415763,1000.0,4,1.0,0.0,0.0,1.0
1143,4740,3,0.8275,0.0,0.995,1.294133397297203,1000.0,4,1.0,0.0,0.0,1.0
1144,4741,3,0.83,0.0,0.995,1.2957333830692177,1000.0,4,1.0,0.0,0.0,1.0
1145,4742,3,0.8325,0.0,0.995,1.297336213169123,1000.0,4,1.0,0.0,0.0,1.0
1146,4743,3,0.835,0.0,0.995,1.2989418770676384,1000.0,4,1.0,0.0,0.0,1.0
1147,4744,3,0.8375,0.0,0.995,1.300550364268912,1000.0,4,1.0,0.0,0.0,1.0
1148,4745,3,0.84,0.0,0.995,1.3021616643105418,1000.0,4,1.0,0.0,0.0,1.0
1149,4746,3,0.8425,0.0,0.995,1.303775766763595,1000.0,4,1.0,0.0,0.0,1.0
1150,4747,3,0.845,0.0,0.995,1.305392661232627,1000.0,4,1.0,0.0,0.0,1.0
1151,4748,3,0.8475,0.0,0.995,1.307012337355696,1000.0,4,1.0,0.0,0.0,1.0
1152,4749,3,0.85,0.0,0.995,1.3086347848043776,1000.0,4,1.0,0.0,0.0,1.0
1153,4750,3,0.8525,0.0,0.995,1.3102599932837757,1000.0,4,1.0,0.0,0.0,1.0
1154,4751,3,0.855,0.0,0.995,1.3118879525325324,1000.0,4,1.0,0.0,0.0,1.0
1155,4752,3,0.8575,0.0,0.995,1.3135186523228362,1000.0,4,1.0,0.0,0.0,1.0
1156,4753,3,0.86,0.0,0.995,1.315152082460428,1000.0,4,1.0,0.0,0.0,1.0
1157,4754,3,0.8625,0.0,0.995,1.3167882327846039,1000.0,4,1.0,0.0,0.0,1.0
1158,4755,3,0.865,0.0,0.995,1.3184270931682192,1000.0,4,1.0,0.0,0.0,1.0
1159,4756,3,0.8675,0.0,0.995,1.3200686535176873,1000.0,4,1.0,0.0,0.0,1.0
1160,4757,3,0.87,0.0,0.995,1.321712903772979,1000.0,4,1.0,0.0,0.0,1.0
1161,4758,3,0.8725,0.0,0.995,1.3233598339076187,1000.0,4,1.0,0.0,0.0,1.0
1162,4759,3,0.875,0.0,0.995,1.3250094339286798,1000.0,4,1.0,0.0,0.0,1.0
1163,4760,3,0.8775,0.0,0.995,1.3266616938767772,1000.0,4,1.0,0.0,0.0,1.0
1164,4761,3,0.88,0.0,0.995,1.3283166038260608,1000.0,4,1.0,0.0,0.0,1.0
1165,4762,3,0.8825,0.0,0.995,1.3299741538842023,1000.0,4,1.0,0.0,0.0,1.0
1166,4763,3,0.885,0.0,0.995,1.3316343341923864,1000.0,4,1.0,0.0,0.0,1.0
1167,4764,3,0.8875,0.0,0.995,1.333297134925295,1000.0,4,1.0,0.0,0.0,1.0
1168,4765,3,0.89,0.0,0.995,1.3349625462910937,1000.0,4,1.0,0.0,0.0,1.0
1169,4766,3,0.8925,0.0,0.995,1.336630558531414,1000.0,4,1.0,0.0,0.0,1.0
1170,4767,3,0.895,0.0,0.995,1.3383011619213367,1000.0,4,1.0,0.0,0.0,1.0
1171,4768,3,0.8975,0.0,0.995,1.33997434676937,1000.0,4,1.0,0.0,0.0,1.0
1172,4769,3,0.9,0.0,0.995,1.3416501034174297,1000.0,4,1.0,0.0,0.0,1.0
1173,4770,3,0.9025,0.0,0.995,1.343328422240816,1000.0,4,1.0,0.0,0.0,1.0
1174,4771,3,0.905,0.0,0.995,1.345009293648189,1000.0,4,1.0,0.0,0.0,1.0
1175,4772,3,0.9075,0.0,0.995,1.346692708081543,1000.0,4,1.0,0.0,0.0,1.0
1176,4773,3,0.91,0.0,0.995,1.3483786560161801,1000.0,4,1.0,0.0,0.0,1.0
1177,4774,3,0.9125,0.0,0.995,1.3500671279606804,1000.0,4,1.0,0.0,0.0,1.0
1178,4775,3,0.915,0.0,0.995,1.3517581144568729,1000.0,4,1.0,0.0,0.0,1.0
1179,4776,3,0.9175,0.0,0.995,1.3534516060798036,1000.0,4,1.0,0.0,0.0,1.0
1180,4777,3,0.92,0.0,0.995,1.3551475934377037,1000.0,4,1.0,0.0,0.0,1.0
1181,4778,3,0.9225,0.0,0.995,1.3568460671719544,1000.0,4,1.0,0.0,0.0,1.0
1182,4779,3,0.925,0.0,0.995,1.3585470179570525,1000.0,4,1.0,0.0,0.0,1.0
1183,4780,3,0.9275,0.0,0.995,1.3602504365005732,1000.0,4,1.0,0.0,0.0,1.0
1184,4781,3,0.93,0.0,0.995,1.3619563135431327,1000.0,4,1.0,0.0,0.0,1.0
1185,4782,3,0.9325,0.0,0.995,1.3636646398583487,1000.0,4,1.0,0.0,0.0,1.0
1186,4783,3,0.935,0.0,0.995,1.3653754062528005,1000.0,4,1.0,0.0,0.0,1.0
1187,4784,3,0.9375,0.0,0.995,1.3670886035659868,1000.0,4,1.0,0.0,0.0,1.0
1188,4785,3,0.94,0.0,0.995,1.368804222670284,1000.0,4,1.0,0.0,0.0,1.0
1189,4786,3,0.9425,0.0,0.995,1.3705222544709006,1000.0,4,1.0,0.0,0.0,1.0
1190,4787,3,0.945,0.0,0.995,1.3722426899058344,1000.0,4,1.0,0.0,0.0,1.0
1191,4788,3,0.9475,0.0,0.995,1.3739655199458247,1000.0,4,1.0,0.0,0.0,1.0
1192,4789,3,0.95,0.0,0.995,1.375690735594305,1000.0,4,1.0,0.0,0.0,1.0
1193,4790,3,0.9525,0.0,0.995,1.3774183278873562,1000.0,4,1.0,0.0,0.0,1.0
1194,4791,3,0.955,0.0,0.995,1.379148287893655,1000.0,4,1.0,0.0,0.0,1.0
1195,4792,3,0.9575,0.0,0.995,1.3808806067144257,1000.0,4,1.0,0.0,0.0,1.0
1196,4793,3,0.96,0.0,0.995,1.3826152754833863,1000.0,4,1.0,0.0,0.0,1.0
1197,4794,3,0.9625,0.0,0.995,1.384352285366698,1000.0,4,1.0,0.0,0.0,1.0
1198,4795,3,0.965,0.0,0.995,1.3860916275629112,1000.0,4,1.0,0.0,0.0,1.0
1199,4796,3,0.9675,0.0,0.995,1.3878332933029096,1000.0,4,1.0,0.0,0.0,1.0
1200,4797,3,0.97,0.0,0.995,1.3895772738498569,1000.0,4,1.0,0.0,0.0,1.0
1201,4798,3,0.9725,0.0,0.995,1.3913235604991385,1000.0,4,1.0,0.0,0.0,1.0
1202,4799,3,0.975,0.0,0.995,1.3930721445783056,1000.0,4,1.0,0.0,0.0,1.0
1203,4800,3,0.9775,0.0,0.995,1.3948230174470164,1000.0,4,1.0,0.0,0.0,1.0
1204,4801,3,0.98,0.0,0.995,1.3965761704969766,1000.0,4,1.0,0.0,0.0,1.0
1205,4802,3,0.9825,0.0,0.995,1.3983315951518795,1000.0,4,1.0,0.0,0.0,1.0
1206,4803,3,0.985,0.0,0.995,1.4000892828673464,1000.0,4,1.0,0.0,0.0,1.0
1207,4804,3,0.9875,0.0,0.995,1.4018492251308627,1000.0,4,1.0,0.0,0.0,1.0
1208,4805,3,0.99,0.0,0.995,1.4036114134617172,1000.0,4,1.0,0.0,0.0,1.0
1209,4806,3,0.9925,0.0,0.995,1.4053758394109386,1000.0,4,1.0,0.0,0.0,1.0
1210,4807,3,0.995,0.0,0.995,1.4071424945612296,1000.0,4,1.0,0.0,0.0,1.0
1211,4808,3,0.9975,0.0,0.995,1.4089113705269043,1000.0,4,1.0,0.0,0.0,1.0
1212,4809,3,1.0,0.0,0.995,1.4106824589538214,1000.0,4,1.0,0.0,0.0,1.0
1213,4810,3,1.0025,0.0,0.995,1.4124557515193175,1000.0,4,1.0,0.0,0.0,1.0
1214,4811,3,1.005,0.0,0.995,1.4142312399321406,1000.0,4,1.0,0.0,0.0,1.0
