"Idp","Mk","Normal:0","Normal:1","Normal:2","NormalSize","Points:0","Points:1","Points:2"
0,1,0.03,0.0,0.01,0.03162277660168379,-0.02,0.0,0.0
1,1,0.02,0.0,0.01,0.022360679774997897,-0.01,0.0,0.0
2,1,0.01,0.0,0.01,0.01414213562373095,0.0,0.0,0.0
3,1,0.0,0.0,0.01,0.01,0.01,0.0,0.0
4,1,0.0,0.0,0.01,0.01,0.02,0.0,0.0
5,1,0.0,0.0,0.01,0.01,0.03,0.0,0.0
6,1,0.0,0.0,0.01,0.01,0.04,0.0,0.0
7,1,0.0,0.0,0.01,0.01,0.05,0.0,0.0
8,1,0.0,0.0,0.01,0.01,0.06,0.0,0.0
9,1,0.0,0.0,0.01,0.01,0.07,0.0,0.0
10,1,0.0,0.0,0.01,0.01,0.08,0.0,0.0
11,1,0.0,0.0,0.01,0.01,0.09,0.0,0.0
12,1,0.0,0.0,0.01,0.01,0.1,0.0,0.0
13,1,0.0,0.0,0.01,0.01,0.11,0.0,0.0
14,1,0.0,0.0,0.01,0.01,0.12,0.0,0.0
15,1,0.0,0.0,0.01,0.01,0.13,0.0,0.0
16,1,0.0,0.0,0.01,0.01,0.14,0.0,0.0
17,1,0.0,0.0,0.01,0.01,0.15,0.0,0.0
18,1,0.0,0.0,0.01,0.01,0.16,0.0,0.0
19,1,0.0,0.0,0.01,0.01,0.17,0.0,0.0
20,1,0.0,0.0,0.01,0.01,0.18,0.0,0.0
21,1,0.0,0.0,0.01,0.01,0.19,0.0,0.0
22,1,0.0,0.0,0.01,0.01,0.2,0.0,0.0
23,1,0.0,0.0,0.01,0.01,0.21,0.0,0.0
24,1,0.0,0.0,0.01,0.01,0.22,0.0,0.0
25,1,0.0,0.0,0.01,0.01,0.23,0.0,0.0
26,1,0.0,0.0,0.01,0.01,0.24,0.0,0.0
27,1,0.0,0.0,0.01,0.01,0.25,0.0,0.0
28,1,0.0,0.0,0.01,0.01,0.26,0.0,0.0
29,1,0.0,0.0,0.01,0.01,0.27,0.0,0.0
30,1,0.0,0.0,0.01,0.01,0.28,0.0,0.0
31,1,0.0,0.0,0.01,0.01,0.29,0.0,0.0
32,1,0.0,0.0,0.01,0.01,0.3,0.0,0.0
33,1,0.0,0.0,0.01,0.01,0.31,0.0,0.0
34,1,0.0,0.0,0.01,0.01,0.32,0.0,0.0
35,1,0.0,0.0,0.01,0.01,0.33,0.0,0.0
36,1,0.0,0.0,0.01,0.01,0.34,0.0,0.0
37,1,0.0,0.0,0.01,0.01,0.35,0.0,0.0
38,1,0.0,0.0,0.01,0.01,0.36,0.0,0.0
39,1,0.0,0.0,0.01,0.01,0.37,0.0,0.0
40,1,0.0,0.0,0.01,0.01,0.38,0.0,0.0
41,1,0.0,0.0,0.01,0.01,0.39,0.0,0.0
42,1,0.0,0.0,0.01,0.01,0.4,0.0,0.0
43,1,0.0,0.0,0.01,0.01,0.41,0.0,0.0
44,1,0.0,0.0,0.01,0.01,0.42,0.0,0.0
45,1,0.0,0.0,0.01,0.01,0.43,0.0,0.0
46,1,0.0,0.0,0.01,0.01,0.44,0.0,0.0
47,1,0.0,0.0,0.01,0.01,0.45,0.0,0.0
48,1,0.0,0.0,0.01,0.01,0.46,0.0,0.0
49,1,0.0,0.0,0.01,0.01,0.47,0.0,0.0
50,1,0.0,0.0,0.01,0.01,0.48,0.0,0.0
51,1,0.0,0.0,0.01,0.01,0.49,0.0,0.0
52,1,0.0,0.0,0.01,0.01,0.5,0.0,0.0
53,1,0.0,0.0,0.01,0.01,0.51,0.0,0.0
54,1,0.0,0.0,0.01,0.01,0.52,0.0,0.0
55,1,0.0,0.0,0.01,0.01,0.53,0.0,0.0
56,1,0.0,0.0,0.01,0.01,0.54,0.0,0.0
57,1,0.0,0.0,0.01,0.01,0.55,0.0,0.0
58,1,0.0,0.0,0.01,0.01,0.56,0.0,0.0
59,1,0.0,0.0,0.01,0.01,0.57,0.0,0.0
60,1,0.0,0.0,0.01,0.01,0.58,0.0,0.0
61,1,0.0,0.0,0.01,0.01,0.59,0.0,0.0
62,1,0.0,0.0,0.01,0.01,0.6,0.0,0.0
63,1,0.0,0.0,0.01,0.01,0.61,0.0,0.0
64,1,0.0,0.0,0.01,0.01,0.62,0.0,0.0
65,1,0.0,0.0,0.01,0.01,0.63,0.0,0.0
66,1,0.0,0.0,0.01,0.01,0.64,0.0,0.0
67,1,0.0,0.0,0.01,0.01,0.65,0.0,0.0
68,1,0.0,0.0,0.01,0.01,0.66,0.0,0.0
69,1,0.0,0.0,0.01,0.01,0.67,0.0,0.0
70,1,0.0,0.0,0.01,0.01,0.68,0.0,0.0
71,1,0.0,0.0,0.01,0.01,0.69,0.0,0.0
72,1,0.0,0.0,0.01,0.01,0.7,0.0,0.0
73,1,0.0,0.0,0.01,0.01,0.71,0.0,0.0
74,1,0.0,0.0,0.01,0.01,0.72,0.0,0.0
75,1,0.0,0.0,0.01,0.01,0.73,0.0,0.0
76,1,0.0,0.0,0.01,0.01,0.74,0.0,0.0
77,1,0.0,0.0,0.01,0.01,0.75,0.0,0.0
78,1,0.0,0.0,0.01,0.01,0.76,0.0,0.0
79,1,0.0,0.0,0.01,0.01,0.77,0.0,0.0
80,1,0.0,0.0,0.01,0.01,0.78,0.0,0.0
81,1,0.0,0.0,0.01,0.01,0.79,0.0,0.0
82,1,0.0,0.0,0.01,0.01,0.8,0.0,0.0
83,1,0.0,0.0,0.01,0.01,0.81,0.0,0.0
84,1,0.0,0.0,0.01,0.01,0.82,0.0,0.0
85,1,0.0,0.0,0.01,0.01,0.83,0.0,0.0
86,1,0.0,0.0,0.01,0.01,0.84,0.0,0.0
87,1,0.0,0.0,0.01,0.01,0.85,0.0,0.0
88,1,0.0,0.0,0.01,0.01,0.86,0.0,0.0
89,1,0.0,0.0,0.01,0.01,0.87,0.0,0.0
90,1,0.0,0.0,0.01,0.01,0.88,0.0,0.0
91,1,0.0,0.0,0.01,0.01,0.89,0.0,0.0
92,1,0.0,0.0,0.01,0.01,0.9,0.0,0.0
93,1,0.0,0.0,0.01,0.01,0.91,0.0,0.0
94,1,0.0,0.0,0.01,0.01,0.92,0.0,0.0
95,1,0.0,0.0,0.01,0.01,0.93,0.0,0.0
96,1,0.0,0.0,0.01,0.01,0.94,0.0,0.0
97,1,0.0,0.0,0.01,0.01,0.95,0.0,0.0
98,1,0.0,0.0,0.01,0.01,0.96,0.0,0.0
99,1,0.0,0.0,0.01,0.01,0.97,0.0,0.0
100,1,0.0,0.0,0.01,0.01,0.98,0.0,0.0
101,1,0.0,0.0,0.01,0.01,0.99,0.0,0.0
102,1,-0.010000000000000009,0.0,0.01,0.014142135623730958,1.0,0.0,0.0
103,1,-0.020000000000000018,0.0,0.01,0.022360679774997914,1.01,0.0,0.0
104,1,-0.030000000000000027,0.0,0.01,0.03162277660168382,1.02,0.0,0.0
105,1,0.03,0.0,0.02,0.03605551275463989,-0.02,0.0,-0.01
106,1,0.02,0.0,0.02,0.0282842712474619,-0.01,0.0,-0.01
107,1,0.01,0.0,0.02,0.022360679774997897,0.0,0.0,-0.01
108,1,0.0,0.0,0.02,0.02,0.01,0.0,-0.01
109,1,0.0,0.0,0.02,0.02,0.02,0.0,-0.01
110,1,0.0,0.0,0.02,0.02,0.03,0.0,-0.01
111,1,0.0,0.0,0.02,0.02,0.04,0.0,-0.01
112,1,0.0,0.0,0.02,0.02,0.05,0.0,-0.01
113,1,0.0,0.0,0.02,0.02,0.06,0.0,-0.01
114,1,0.0,0.0,0.02,0.02,0.07,0.0,-0.01
115,1,0.0,0.0,0.02,0.02,0.08,0.0,-0.01
116,1,0.0,0.0,0.02,0.02,0.09,0.0,-0.01
117,1,0.0,0.0,0.02,0.02,0.1,0.0,-0.01
118,1,0.0,0.0,0.02,0.02,0.11,0.0,-0.01
119,1,0.0,0.0,0.02,0.02,0.12,0.0,-0.01
120,1,0.0,0.0,0.02,0.02,0.13,0.0,-0.01
121,1,0.0,0.0,0.02,0.02,0.14,0.0,-0.01
122,1,0.0,0.0,0.02,0.02,0.15,0.0,-0.01
123,1,0.0,0.0,0.02,0.02,0.16,0.0,-0.01
124,1,0.0,0.0,0.02,0.02,0.17,0.0,-0.01
125,1,0.0,0.0,0.02,0.02,0.18,0.0,-0.01
126,1,0.0,0.0,0.02,0.02,0.19,0.0,-0.01
127,1,0.0,0.0,0.02,0.02,0.2,0.0,-0.01
128,1,0.0,0.0,0.02,0.02,0.21,0.0,-0.01
129,1,0.0,0.0,0.02,0.02,0.22,0.0,-0.01
130,1,0.0,0.0,0.02,0.02,0.23,0.0,-0.01
131,1,0.0,0.0,0.02,0.02,0.24,0.0,-0.01
132,1,0.0,0.0,0.02,0.02,0.25,0.0,-0.01
133,1,0.0,0.0,0.02,0.02,0.26,0.0,-0.01
134,1,0.0,0.0,0.02,0.02,0.27,0.0,-0.01
135,1,0.0,0.0,0.02,0.02,0.28,0.0,-0.01
136,1,0.0,0.0,0.02,0.02,0.29,0.0,-0.01
137,1,0.0,0.0,0.02,0.02,0.3,0.0,-0.01
138,1,0.0,0.0,0.02,0.02,0.31,0.0,-0.01
139,1,0.0,0.0,0.02,0.02,0.32,0.0,-0.01
140,1,0.0,0.0,0.02,0.02,0.33,0.0,-0.01
141,1,0.0,0.0,0.02,0.02,0.34,0.0,-0.01
142,1,0.0,0.0,0.02,0.02,0.35,0.0,-0.01
143,1,0.0,0.0,0.02,0.02,0.36,0.0,-0.01
144,1,0.0,0.0,0.02,0.02,0.37,0.0,-0.01
145,1,0.0,0.0,0.02,0.02,0.38,0.0,-0.01
146,1,0.0,0.0,0.02,0.02,0.39,0.0,-0.01
147,1,0.0,0.0,0.02,0.02,0.4,0.0,-0.01
148,1,0.0,0.0,0.02,0.02,0.41,0.0,-0.01
149,1,0.0,0.0,0.02,0.02,0.42,0.0,-0.01
150,1,0.0,0.0,0.02,0.02,0.43,0.0,-0.01
151,1,0.0,0.0,0.02,0.02,0.44,0.0,-0.01
152,1,0.0,0.0,0.02,0.02,0.45,0.0,-0.01
153,1,0.0,0.0,0.02,0.02,0.46,0.0,-0.01
154,1,0.0,0.0,0.02,0.02,0.47,0.0,-0.01
155,1,0.0,0.0,0.02,0.02,0.48,0.0,-0.01
156,1,0.0,0.0,0.02,0.02,0.49,0.0,-0.01
157,1,0.0,0.0,0.02,0.02,0.5,0.0,-0.01
158,1,0.0,0.0,0.02,0.02,0.51,0.0,-0.01
159,1,0.0,0.0,0.02,0.02,0.52,0.0,-0.01
160,1,0.0,0.0,0.02,0.02,0.53,0.0,-0.01
161,1,0.0,0.0,0.02,0.02,0.54,0.0,-0.01
162,1,0.0,0.0,0.02,0.02,0.55,0.0,-0.01
163,1,0.0,0.0,0.02,0.02,0.56,0.0,-0.01
164,1,0.0,0.0,0.02,0.02,0.57,0.0,-0.01
165,1,0.0,0.0,0.02,0.02,0.58,0.0,-0.01
166,1,0.0,0.0,0.02,0.02,0.59,0.0,-0.01
167,1,0.0,0.0,0.02,0.02,0.6,0.0,-0.01
168,1,0.0,0.0,0.02,0.02,0.61,0.0,-0.01
169,1,0.0,0.0,0.02,0.02,0.62,0.0,-0.01
170,1,0.0,0.0,0.02,0.02,0.63,0.0,-0.01
171,1,0.0,0.0,0.02,0.02,0.64,0.0,-0.01
172,1,0.0,0.0,0.02,0.02,0.65,0.0,-0.01
173,1,0.0,0.0,0.02,0.02,0.66,0.0,-0.01
174,1,0.0,0.0,0.02,0.02,0.67,0.0,-0.01
175,1,0.0,0.0,0.02,0.02,0.68,0.0,-0.01
176,1,0.0,0.0,0.02,0.02,0.69,0.0,-0.01
177,1,0.0,0.0,0.02,0.02,0.7,0.0,-0.01
178,1,0.0,0.0,0.02,0.02,0.71,0.0,-0.01
179,1,0.0,0.0,0.02,0.02,0.72,0.0,-0.01
180,1,0.0,0.0,0.02,0.02,0.73,0.0,-0.01
181,1,0.0,0.0,0.02,0.02,0.74,0.0,-0.01
182,1,0.0,0.0,0.02,0.02,0.75,0.0,-0.01
183,1,0.0,0.0,0.02,0.02,0.76,0.0,-0.01
184,1,0.0,0.0,0.02,0.02,0.77,0.0,-0.01
185,1,0.0,0.0,0.02,0.02,0.78,0.0,-0.01
186,1,0.0,0.0,0.02,0.02,0.79,0.0,-0.01
187,1,0.0,0.0,0.02,0.02,0.8,0.0,-0.01
188,1,0.0,0.0,0.02,0.02,0.81,0.0,-0.01
189,1,0.0,0.0,0.02,0.02,0.82,0.0,-0.01
190,1,0.0,0.0,0.02,0.02,0.83,0.0,-0.01
191,1,0.0,0.0,0.02,0.02,0.84,0.0,-0.01
192,1,0.0,0.0,0.02,0.02,0.85,0.0,-0.01
193,1,0.0,0.0,0.02,0.02,0.86,0.0,-0.01
194,1,0.0,0.0,0.02,0.02,0.87,0.0,-0.01
195,1,0.0,0.0,0.02,0.02,0.88,0.0,-0.01
196,1,0.0,0.0,0.02,0.02,0.89,0.0,-0.01
197,1,0.0,0.0,0.02,0.02,0.9,0.0,-0.01
198,1,0.0,0.0,0.02,0.02,0.91,0.0,-0.01
199,1,0.0,0.0,0.02,0.02,0.92,0.0,-0.01
200,1,0.0,0.0,0.02,0.02,0.93,0.0,-0.01
201,1,0.0,0.0,0.02,0.02,0.94,0.0,-0.01
202,1,0.0,0.0,0.02,0.02,0.95,0.0,-0.01
203,1,0.0,0.0,0.02,0.02,0.96,0.0,-0.01
204,1,0.0,0.0,0.02,0.02,0.97,0.0,-0.01
205,1,0.0,0.0,0.02,0.02,0.98,0.0,-0.01
206,1,0.0,0.0,0.02,0.02,0.99,0.0,-0.01
207,1,-0.010000000000000009,0.0,0.02,0.0223606797749979,1.0,0.0,-0.01
208,1,-0.020000000000000018,0.0,0.02,0.028284271247461915,1.01,0.0,-0.01
209,1,-0.030000000000000027,0.0,0.02,0.03605551275463992,1.02,0.0,-0.01
210,1,0.03,0.0,0.03,0.042426406871192854,-0.02,0.0,-0.02
211,1,0.02,0.0,0.03,0.03605551275463989,-0.01,0.0,-0.02
212,1,0.01,0.0,0.03,0.03162277660168379,0.0,0.0,-0.02
213,1,0.0,0.0,0.03,0.03,0.01,0.0,-0.02
214,1,0.0,0.0,0.03,0.03,0.02,0.0,-0.02
215,1,0.0,0.0,0.03,0.03,0.03,0.0,-0.02
216,1,0.0,0.0,0.03,0.03,0.04,0.0,-0.02
217,1,0.0,0.0,0.03,0.03,0.05,0.0,-0.02
218,1,0.0,0.0,0.03,0.03,0.06,0.0,-0.02
219,1,0.0,0.0,0.03,0.03,0.07,0.0,-0.02
220,1,0.0,0.0,0.03,0.03,0.08,0.0,-0.02
221,1,0.0,0.0,0.03,0.03,0.09,0.0,-0.02
222,1,0.0,0.0,0.03,0.03,0.1,0.0,-0.02
223,1,0.0,0.0,0.03,0.03,0.11,0.0,-0.02
224,1,0.0,0.0,0.03,0.03,0.12,0.0,-0.02
225,1,0.0,0.0,0.03,0.03,0.13,0.0,-0.02
226,1,0.0,0.0,0.03,0.03,0.14,0.0,-0.02
227,1,0.0,0.0,0.03,0.03,0.15,0.0,-0.02
228,1,0.0,0.0,0.03,0.03,0.16,0.0,-0.02
229,1,0.0,0.0,0.03,0.03,0.17,0.0,-0.02
230,1,0.0,0.0,0.03,0.03,0.18,0.0,-0.02
231,1,0.0,0.0,0.03,0.03,0.19,0.0,-0.02
232,1,0.0,0.0,0.03,0.03,0.2,0.0,-0.02
233,1,0.0,0.0,0.03,0.03,0.21,0.0,-0.02
234,1,0.0,0.0,0.03,0.03,0.22,0.0,-0.02
235,1,0.0,0.0,0.03,0.03,0.23,0.0,-0.02
236,1,0.0,0.0,0.03,0.03,0.24,0.0,-0.02
237,1,0.0,0.0,0.03,0.03,0.25,0.0,-0.02
238,1,0.0,0.0,0.03,0.03,0.26,0.0,-0.02
239,1,0.0,0.0,0.03,0.03,0.27,0.0,-0.02
240,1,0.0,0.0,0.03,0.03,0.28,0.0,-0.02
241,1,0.0,0.0,0.03,0.03,0.29,0.0,-0.02
242,1,0.0,0.0,0.03,0.03,0.3,0.0,-0.02
243,1,0.0,0.0,0.03,0.03,0.31,0.0,-0.02
244,1,0.0,0.0,0.03,0.03,0.32,0.0,-0.02
245,1,0.0,0.0,0.03,0.03,0.33,0.0,-0.02
246,1,0.0,0.0,0.03,0.03,0.34,0.0,-0.02
247,1,0.0,0.0,0.03,0.03,0.35,0.0,-0.02
248,1,0.0,0.0,0.03,0.03,0.36,0.0,-0.02
249,1,0.0,0.0,0.03,0.03,0.37,0.0,-0.02
250,1,0.0,0.0,0.03,0.03,0.38,0.0,-0.02
251,1,0.0,0.0,0.03,0.03,0.39,0.0,-0.02
252,1,0.0,0.0,0.03,0.03,0.4,0.0,-0.02
253,1,0.0,0.0,0.03,0.03,0.41,0.0,-0.02
254,1,0.0,0.0,0.03,0.03,0.42,0.0,-0.02
255,1,0.0,0.0,0.03,0.03,0.43,0.0,-0.02
256,1,0.0,0.0,0.03,0.03,0.44,0.0,-0.02
257,1,0.0,0.0,0.03,0.03,0.45,0.0,-0.02
258,1,0.0,0.0,0.03,0.03,0.46,0.0,-0.02
259,1,0.0,0.0,0.03,0.03,0.47,0.0,-0.02
260,1,0.0,0.0,0.03,0.03,0.48,0.0,-0.02
261,1,0.0,0.0,0.03,0.03,0.49,0.0,-0.02
262,1,0.0,0.0,0.03,0.03,0.5,0.0,-0.02
263,1,0.0,0.0,0.03,0.03,0.51,0.0,-0.02
264,1,0.0,0.0,0.03,0.03,0.52,0.0,-0.02
265,1,0.0,0.0,0.03,0.03,0.53,0.0,-0.02
266,1,0.0,0.0,0.03,0.03,0.54,0.0,-0.02
267,1,0.0,0.0,0.03,0.03,0.55,0.0,-0.02
268,1,0.0,0.0,0.03,0.03,0.56,0.0,-0.02
269,1,0.0,0.0,0.03,0.03,0.57,0.0,-0.02
270,1,0.0,0.0,0.03,0.03,0.58,0.0,-0.02
271,1,0.0,0.0,0.03,0.03,0.59,0.0,-0.02
272,1,0.0,0.0,0.03,0.03,0.6,0.0,-0.02
273,1,0.0,0.0,0.03,0.03,0.61,0.0,-0.02
274,1,0.0,0.0,0.03,0.03,0.62,0.0,-0.02
275,1,0.0,0.0,0.03,0.03,0.63,0.0,-0.02
276,1,0.0,0.0,0.03,0.03,0.64,0.0,-0.02
277,1,0.0,0.0,0.03,0.03,0.65,0.0,-0.02
278,1,0.0,0.0,0.03,0.03,0.66,0.0,-0.02
279,1,0.0,0.0,0.03,0.03,0.67,0.0,-0.02
280,1,0.0,0.0,0.03,0.03,0.68,0.0,-0.02
281,1,0.0,0.0,0.03,0.03,0.69,0.0,-0.02
282,1,0.0,0.0,0.03,0.03,0.7,0.0,-0.02
283,1,0.0,0.0,0.03,0.03,0.71,0.0,-0.02
284,1,0.0,0.0,0.03,0.03,0.72,0.0,-0.02
285,1,0.0,0.0,0.03,0.03,0.73,0.0,-0.02
286,1,0.0,0.0,0.03,0.03,0.74,0.0,-0.02
287,1,0.0,0.0,0.03,0.03,0.75,0.0,-0.02
288,1,0.0,0.0,0.03,0.03,0.76,0.0,-0.02
289,1,0.0,0.0,0.03,0.03,0.77,0.0,-0.02
290,1,0.0,0.0,0.03,0.03,0.78,0.0,-0.02
291,1,0.0,0.0,0.03,0.03,0.79,0.0,-0.02
292,1,0.0,0.0,0.03,0.03,0.8,0.0,-0.02
293,1,0.0,0.0,0.03,0.03,0.81,0.0,-0.02
294,1,0.0,0.0,0.03,0.03,0.82,0.0,-0.02
295,1,0.0,0.0,0.03,0.03,0.83,0.0,-0.02
296,1,0.0,0.0,0.03,0.03,0.84,0.0,-0.02
297,1,0.0,0.0,0.03,0.03,0.85,0.0,-0.02
298,1,0.0,0.0,0.03,0.03,0.86,0.0,-0.02
299,1,0.0,0.0,0.03,0.03,0.87,0.0,-0.02
300,1,0.0,0.0,0.03,0.03,0.88,0.0,-0.02
301,1,0.0,0.0,0.03,0.03,0.89,0.0,-0.02
302,1,0.0,0.0,0.03,0.03,0.9,0.0,-0.02
303,1,0.0,0.0,0.03,0.03,0.91,0.0,-0.02
304,1,0.0,0.0,0.03,0.03,0.92,0.0,-0.02
305,1,0.0,0.0,0.03,0.03,0.93,0.0,-0.02
306,1,0.0,0.0,0.03,0.03,0.94,0.0,-0.02
307,1,0.0,0.0,0.03,0.03,0.95,0.0,-0.02
308,1,0.0,0.0,0.03,0.03,0.96,0.0,-0.02
309,1,0.0,0.0,0.03,0.03,0.97,0.0,-0.02
310,1,0.0,0.0,0.03,0.03,0.98,0.0,-0.02
311,1,0.0,0.0,0.03,0.03,0.99,0.0,-0.02
312,1,-0.010000000000000009,0.0,0.03,0.0316227766016838,1.0,0.0,-0.02
313,1,-0.020000000000000018,0.0,0.03,0.036055512754639904,1.01,0.0,-0.02
314,1,-0.030000000000000027,0.0,0.03,0.042426406871192875,1.02,0.0,-0.02
315,1,0.01,0.0,0.0,0.01,0.0,0.0,0.01
316,1,-0.010000000000000009,0.0,0.0,0.010000000000000009,1.0,0.0,0.01
317,1,0.01,0.0,0.0,0.01,0.0,0.0,0.02
318,1,-0.010000000000000009,0.0,0.0,0.010000000000000009,1.0,0.0,0.02
319,1,0.01,0.0,0.0,0.01,0.0,0.0,0.03
320,1,-0.010000000000000009,0.0,0.0,0.010000000000000009,1.0,0.0,0.03
321,1,0.01,0.0,0.0,0.01,0.0,0.0,0.04
322,1,-0.010000000000000009,0.0,0.0,0.010000000000000009,1.0,0.0,0.04
323,1,0.01,0.0,0.0,0.01,0.0,0.0,0.05
324,1,-0.010000000000000009,0.0,0.0,0.010000000000000009,1.0,0.0,0.05
325,1,0.01,0.0,0.0,0.01,0.0,0.0,0.06
326,1,-0.010000000000000009,0.0,0.0,0.010000000000000009,1.0,0.0,0.06
327,1,0.01,0.0,0.0,0.01,0.0,0.0,0.07
328,1,-0.010000000000000009,0.0,0.0,0.010000000000000009,1.0,0.0,0.07
329,1,0.01,0.0,0.0,0.01,0.0,0.0,0.08
330,1,-0.010000000000000009,0.0,0.0,0.010000000000000009,1.0,0.0,0.08
331,1,0.01,0.0,0.0,0.01,0.0,0.0,0.09
332,1,-0.010000000000000009,0.0,0.0,0.010000000000000009,1.0,0.0,0.09
333,1,0.01,0.0,0.0,0.01,0.0,0.0,0.1
334,1,-0.010000000000000009,0.0,0.0,0.010000000000000009,1.0,0.0,0.1
335,1,0.01,0.0,0.0,0.01,0.0,0.0,0.11
336,1,-0.010000000000000009,0.0,0.0,0.010000000000000009,1.0,0.0,0.11
337,1,0.01,0.0,0.0,0.01,0.0,0.0,0.12
338,1,-0.010000000000000009,0.0,0.0,0.010000000000000009,1.0,0.0,0.12
339,1,0.01,0.0,0.0,0.01,0.0,0.0,0.13
340,1,-0.010000000000000009,0.0,0.0,0.010000000000000009,1.0,0.0,0.13
341,1,0.01,0.0,0.0,0.01,0.0,0.0,0.14
342,1,-0.010000000000000009,0.0,0.0,0.010000000000000009,1.0,0.0,0.14
343,1,0.01,0.0,0.0,0.01,0.0,0.0,0.15
344,1,-0.010000000000000009,0.0,0.0,0.010000000000000009,1.0,0.0,0.15
345,1,0.01,0.0,0.0,0.01,0.0,0.0,0.16
346,1,-0.010000000000000009,0.0,0.0,0.010000000000000009,1.0,0.0,0.16
347,1,0.01,0.0,0.0,0.01,0.0,0.0,0.17
348,1,-0.010000000000000009,0.0,0.0,0.010000000000000009,1.0,0.0,0.17
349,1,0.01,0.0,0.0,0.01,0.0,0.0,0.18
350,1,-0.010000000000000009,0.0,0.0,0.010000000000000009,1.0,0.0,0.18
351,1,0.01,0.0,0.0,0.01,0.0,0.0,0.19
352,1,-0.010000000000000009,0.0,0.0,0.010000000000000009,1.0,0.0,0.19
353,1,0.01,0.0,0.0,0.01,0.0,0.0,0.2
354,1,-0.010000000000000009,0.0,0.0,0.010000000000000009,1.0,0.0,0.2
355,1,0.01,0.0,0.0,0.01,0.0,0.0,0.21
356,1,-0.010000000000000009,0.0,0.0,0.010000000000000009,1.0,0.0,0.21
357,1,0.01,0.0,0.0,0.01,0.0,0.0,0.22
358,1,-0.010000000000000009,0.0,0.0,0.010000000000000009,1.0,0.0,0.22
359,1,0.01,0.0,0.0,0.01,0.0,0.0,0.23
360,1,-0.010000000000000009,0.0,0.0,0.010000000000000009,1.0,0.0,0.23
361,1,0.01,0.0,0.0,0.01,0.0,0.0,0.24
362,1,-0.010000000000000009,0.0,0.0,0.010000000000000009,1.0,0.0,0.24
363,1,0.01,0.0,0.0,0.01,0.0,0.0,0.25
364,1,-0.010000000000000009,0.0,0.0,0.010000000000000009,1.0,0.0,0.25
365,1,0.01,0.0,0.0,0.01,0.0,0.0,0.26
366,1,-0.010000000000000009,0.0,0.0,0.010000000000000009,1.0,0.0,0.26
367,1,0.01,0.0,0.0,0.01,0.0,0.0,0.27
368,1,-0.010000000000000009,0.0,0.0,0.010000000000000009,1.0,0.0,0.27
369,1,0.01,0.0,0.0,0.01,0.0,0.0,0.28
370,1,-0.010000000000000009,0.0,0.0,0.010000000000000009,1.0,0.0,0.28
371,1,0.01,0.0,0.0,0.01,0.0,0.0,0.29
372,1,-0.010000000000000009,0.0,0.0,0.010000000000000009,1.0,0.0,0.29
373,1,0.01,0.0,0.0,0.01,0.0,0.0,0.3
374,1,-0.010000000000000009,0.0,0.0,0.010000000000000009,1.0,0.0,0.3
375,1,0.01,0.0,0.0,0.01,0.0,0.0,0.31
376,1,-0.010000000000000009,0.0,0.0,0.010000000000000009,1.0,0.0,0.31
377,1,0.01,0.0,0.0,0.01,0.0,0.0,0.32
378,1,-0.010000000000000009,0.0,0.0,0.010000000000000009,1.0,0.0,0.32
379,1,0.01,0.0,0.0,0.01,0.0,0.0,0.33
380,1,-0.010000000000000009,0.0,0.0,0.010000000000000009,1.0,0.0,0.33
381,1,0.01,0.0,0.0,0.01,0.0,0.0,0.34
382,1,-0.010000000000000009,0.0,0.0,0.010000000000000009,1.0,0.0,0.34
383,1,0.01,0.0,0.0,0.01,0.0,0.0,0.35
384,1,-0.010000000000000009,0.0,0.0,0.010000000000000009,1.0,0.0,0.35
385,1,0.01,0.0,0.0,0.01,0.0,0.0,0.36
386,1,-0.010000000000000009,0.0,0.0,0.010000000000000009,1.0,0.0,0.36
387,1,0.01,0.0,0.0,0.01,0.0,0.0,0.37
388,1,-0.010000000000000009,0.0,0.0,0.010000000000000009,1.0,0.0,0.37
389,1,0.01,0.0,0.0,0.01,0.0,0.0,0.38
390,1,-0.010000000000000009,0.0,0.0,0.010000000000000009,1.0,0.0,0.38
391,1,0.01,0.0,0.0,0.01,0.0,0.0,0.39
392,1,-0.010000000000000009,0.0,0.0,0.010000000000000009,1.0,0.0,0.39
393,1,0.01,0.0,0.0,0.01,0.0,0.0,0.4
394,1,-0.010000000000000009,0.0,0.0,0.010000000000000009,1.0,0.0,0.4
395,1,0.01,0.0,0.0,0.01,0.0,0.0,0.41
396,1,-0.010000000000000009,0.0,0.0,0.010000000000000009,1.0,0.0,0.41
397,1,0.01,0.0,0.0,0.01,0.0,0.0,0.42
398,1,-0.010000000000000009,0.0,0.0,0.010000000000000009,1.0,0.0,0.42
399,1,0.01,0.0,0.0,0.01,0.0,0.0,0.43
400,1,-0.010000000000000009,0.0,0.0,0.010000000000000009,1.0,0.0,0.43
401,1,0.01,0.0,0.0,0.01,0.0,0.0,0.44
402,1,-0.010000000000000009,0.0,0.0,0.010000000000000009,1.0,0.0,0.44
403,1,0.01,0.0,0.0,0.01,0.0,0.0,0.45
404,1,-0.010000000000000009,0.0,0.0,0.010000000000000009,1.0,0.0,0.45
405,1,0.01,0.0,0.0,0.01,0.0,0.0,0.46
406,1,-0.010000000000000009,0.0,0.0,0.010000000000000009,1.0,0.0,0.46
407,1,0.01,0.0,0.0,0.01,0.0,0.0,0.47
408,1,-0.010000000000000009,0.0,0.0,0.010000000000000009,1.0,0.0,0.47
409,1,0.01,0.0,0.0,0.01,0.0,0.0,0.48
410,1,-0.010000000000000009,0.0,0.0,0.010000000000000009,1.0,0.0,0.48
411,1,0.01,0.0,0.0,0.01,0.0,0.0,0.49
412,1,-0.010000000000000009,0.0,0.0,0.010000000000000009,1.0,0.0,0.49
413,1,0.01,0.0,0.0,0.01,0.0,0.0,0.5
414,1,-0.010000000000000009,0.0,0.0,0.010000000000000009,1.0,0.0,0.5
415,1,0.01,0.0,0.0,0.01,0.0,0.0,0.51
416,1,-0.010000000000000009,0.0,0.0,0.010000000000000009,1.0,0.0,0.51
417,1,0.01,0.0,0.0,0.01,0.0,0.0,0.52
418,1,-0.010000000000000009,0.0,0.0,0.010000000000000009,1.0,0.0,0.52
419,1,0.01,0.0,0.0,0.01,0.0,0.0,0.53
420,1,-0.010000000000000009,0.0,0.0,0.010000000000000009,1.0,0.0,0.53
421,1,0.01,0.0,0.0,0.01,0.0,0.0,0.54
422,1,-0.010000000000000009,0.0,0.0,0.010000000000000009,1.0,0.0,0.54
423,1,0.01,0.0,0.0,0.01,0.0,0.0,0.55
424,1,-0.010000000000000009,0.0,0.0,0.010000000000000009,1.0,0.0,0.55
425,1,0.01,0.0,0.0,0.01,0.0,0.0,0.56
426,1,-0.010000000000000009,0.0,0.0,0.010000000000000009,1.0,0.0,0.56
427,1,0.01,0.0,0.0,0.01,0.0,0.0,0.57
428,1,-0.010000000000000009,0.0,0.0,0.010000000000000009,1.0,0.0,0.57
429,1,0.01,0.0,0.0,0.01,0.0,0.0,0.58
430,1,-0.010000000000000009,0.0,0.0,0.010000000000000009,1.0,0.0,0.58
431,1,0.01,0.0,0.0,0.01,0.0,0.0,0.59
432,1,-0.010000000000000009,0.0,0.0,0.010000000000000009,1.0,0.0,0.59
433,1,0.01,0.0,0.0,0.01,0.0,0.0,0.6
434,1,-0.010000000000000009,0.0,0.0,0.010000000000000009,1.0,0.0,0.6
435,1,0.01,0.0,0.0,0.01,0.0,0.0,0.61
436,1,-0.010000000000000009,0.0,0.0,0.010000000000000009,1.0,0.0,0.61
437,1,0.01,0.0,0.0,0.01,0.0,0.0,0.62
438,1,-0.010000000000000009,0.0,0.0,0.010000000000000009,1.0,0.0,0.62
439,1,0.01,0.0,0.0,0.01,0.0,0.0,0.63
440,1,-0.010000000000000009,0.0,0.0,0.010000000000000009,1.0,0.0,0.63
441,1,0.01,0.0,0.0,0.01,0.0,0.0,0.64
442,1,-0.010000000000000009,0.0,0.0,0.010000000000000009,1.0,0.0,0.64
443,1,0.01,0.0,0.0,0.01,0.0,0.0,0.65
444,1,-0.010000000000000009,0.0,0.0,0.010000000000000009,1.0,0.0,0.65
445,1,0.01,0.0,0.0,0.01,0.0,0.0,0.66
446,1,-0.010000000000000009,0.0,0.0,0.010000000000000009,1.0,0.0,0.66
447,1,0.01,0.0,0.0,0.01,0.0,0.0,0.67
448,1,-0.010000000000000009,0.0,0.0,0.010000000000000009,1.0,0.0,0.67
449,1,0.01,0.0,0.0,0.01,0.0,0.0,0.68
450,1,-0.010000000000000009,0.0,0.0,0.010000000000000009,1.0,0.0,0.68
451,1,0.01,0.0,0.0,0.01,0.0,0.0,0.69
452,1,-0.010000000000000009,0.0,0.0,0.010000000000000009,1.0,0.0,0.69
453,1,0.01,0.0,0.0,0.01,0.0,0.0,0.7
454,1,-0.010000000000000009,0.0,0.0,0.010000000000000009,1.0,0.0,0.7
455,1,0.01,0.0,0.0,0.01,0.0,0.0,0.71
456,1,-0.010000000000000009,0.0,0.0,0.010000000000000009,1.0,0.0,0.71
457,1,0.01,0.0,0.0,0.01,0.0,0.0,0.72
458,1,-0.010000000000000009,0.0,0.0,0.010000000000000009,1.0,0.0,0.72
459,1,0.01,0.0,0.0,0.01,0.0,0.0,0.73
460,1,-0.010000000000000009,0.0,0.0,0.010000000000000009,1.0,0.0,0.73
461,1,0.01,0.0,0.0,0.01,0.0,0.0,0.74
462,1,-0.010000000000000009,0.0,0.0,0.010000000000000009,1.0,0.0,0.74
463,1,0.01,0.0,0.0,0.01,0.0,0.0,0.75
464,1,-0.010000000000000009,0.0,0.0,0.010000000000000009,1.0,0.0,0.75
465,1,0.01,0.0,0.0,0.01,0.0,0.0,0.76
466,1,-0.010000000000000009,0.0,0.0,0.010000000000000009,1.0,0.0,0.76
467,1,0.01,0.0,0.0,0.01,0.0,0.0,0.77
468,1,-0.010000000000000009,0.0,0.0,0.010000000000000009,1.0,0.0,0.77
469,1,0.01,0.0,0.0,0.01,0.0,0.0,0.78
470,1,-0.010000000000000009,0.0,0.0,0.010000000000000009,1.0,0.0,0.78
471,1,0.01,0.0,0.0,0.01,0.0,0.0,0.79
472,1,-0.010000000000000009,0.0,0.0,0.010000000000000009,1.0,0.0,0.79
473,1,0.01,0.0,0.0,0.01,0.0,0.0,0.8
474,1,-0.010000000000000009,0.0,0.0,0.010000000000000009,1.0,0.0,0.8
475,1,0.01,0.0,0.0,0.01,0.0,0.0,0.81
476,1,-0.010000000000000009,0.0,0.0,0.010000000000000009,1.0,0.0,0.81
477,1,0.01,0.0,0.0,0.01,0.0,0.0,0.82
478,1,-0.010000000000000009,0.0,0.0,0.010000000000000009,1.0,0.0,0.82
479,1,0.01,0.0,0.0,0.01,0.0,0.0,0.83
480,1,-0.010000000000000009,0.0,0.0,0.010000000000000009,1.0,0.0,0.83
481,1,0.01,0.0,0.0,0.01,0.0,0.0,0.84
482,1,-0.010000000000000009,0.0,0.0,0.010000000000000009,1.0,0.0,0.84
483,1,0.01,0.0,0.0,0.01,0.0,0.0,0.85
484,1,-0.010000000000000009,0.0,0.0,0.010000000000000009,1.0,0.0,0.85
485,1,0.01,0.0,0.0,0.01,0.0,0.0,0.86
486,1,-0.010000000000000009,0.0,0.0,0.010000000000000009,1.0,0.0,0.86
487,1,0.01,0.0,0.0,0.01,0.0,0.0,0.87
488,1,-0.010000000000000009,0.0,0.0,0.010000000000000009,1.0,0.0,0.87
489,1,0.01,0.0,0.0,0.01,0.0,0.0,0.88
490,1,-0.010000000000000009,0.0,0.0,0.010000000000000009,1.0,0.0,0.88
491,1,0.01,0.0,0.0,0.01,0.0,0.0,0.89
492,1,-0.010000000000000009,0.0,0.0,0.010000000000000009,1.0,0.0,0.89
493,1,0.01,0.0,0.0,0.01,0.0,0.0,0.9
494,1,-0.010000000000000009,0.0,0.0,0.010000000000000009,1.0,0.0,0.9
495,1,0.01,0.0,0.0,0.01,0.0,0.0,0.91
496,1,-0.010000000000000009,0.0,0.0,0.010000000000000009,1.0,0.0,0.91
497,1,0.01,0.0,0.0,0.01,0.0,0.0,0.92
498,1,-0.010000000000000009,0.0,0.0,0.010000000000000009,1.0,0.0,0.92
499,1,0.01,0.0,0.0,0.01,0.0,0.0,0.93
500,1,-0.010000000000000009,0.0,0.0,0.010000000000000009,1.0,0.0,0.93
501,1,0.01,0.0,0.0,0.01,0.0,0.0,0.94
502,1,-0.010000000000000009,0.0,0.0,0.010000000000000009,1.0,0.0,0.94
503,1,0.01,0.0,0.0,0.01,0.0,0.0,0.95
504,1,-0.010000000000000009,0.0,0.0,0.010000000000000009,1.0,0.0,0.95
505,1,0.01,0.0,0.0,0.01,0.0,0.0,0.96
506,1,-0.010000000000000009,0.0,0.0,0.010000000000000009,1.0,0.0,0.96
507,1,0.01,0.0,0.0,0.01,0.0,0.0,0.97
508,1,-0.010000000000000009,0.0,0.0,0.010000000000000009,1.0,0.0,0.97
509,1,0.02,0.0,0.0,0.02,-0.01,0.0,0.01
510,1,-0.020000000000000018,0.0,0.0,0.020000000000000018,1.01,0.0,0.01
511,1,0.02,0.0,0.0,0.02,-0.01,0.0,0.02
512,1,-0.020000000000000018,0.0,0.0,0.020000000000000018,1.01,0.0,0.02
513,1,0.02,0.0,0.0,0.02,-0.01,0.0,0.03
514,1,-0.020000000000000018,0.0,0.0,0.020000000000000018,1.01,0.0,0.03
515,1,0.02,0.0,0.0,0.02,-0.01,0.0,0.04
516,1,-0.020000000000000018,0.0,0.0,0.020000000000000018,1.01,0.0,0.04
517,1,0.02,0.0,0.0,0.02,-0.01,0.0,0.05
518,1,-0.020000000000000018,0.0,0.0,0.020000000000000018,1.01,0.0,0.05
519,1,0.02,0.0,0.0,0.02,-0.01,0.0,0.06
520,1,-0.020000000000000018,0.0,0.0,0.020000000000000018,1.01,0.0,0.06
521,1,0.02,0.0,0.0,0.02,-0.01,0.0,0.07
522,1,-0.020000000000000018,0.0,0.0,0.020000000000000018,1.01,0.0,0.07
523,1,0.02,0.0,0.0,0.02,-0.01,0.0,0.08
524,1,-0.020000000000000018,0.0,0.0,0.020000000000000018,1.01,0.0,0.08
525,1,0.02,0.0,0.0,0.02,-0.01,0.0,0.09
526,1,-0.020000000000000018,0.0,0.0,0.020000000000000018,1.01,0.0,0.09
527,1,0.02,0.0,0.0,0.02,-0.01,0.0,0.1
528,1,-0.020000000000000018,0.0,0.0,0.020000000000000018,1.01,0.0,0.1
529,1,0.02,0.0,0.0,0.02,-0.01,0.0,0.11
530,1,-0.020000000000000018,0.0,0.0,0.020000000000000018,1.01,0.0,0.11
531,1,0.02,0.0,0.0,0.02,-0.01,0.0,0.12
532,1,-0.020000000000000018,0.0,0.0,0.020000000000000018,1.01,0.0,0.12
533,1,0.02,0.0,0.0,0.02,-0.01,0.0,0.13
534,1,-0.020000000000000018,0.0,0.0,0.020000000000000018,1.01,0.0,0.13
535,1,0.02,0.0,0.0,0.02,-0.01,0.0,0.14
536,1,-0.020000000000000018,0.0,0.0,0.020000000000000018,1.01,0.0,0.14
537,1,0.02,0.0,0.0,0.02,-0.01,0.0,0.15
538,1,-0.020000000000000018,0.0,0.0,0.020000000000000018,1.01,0.0,0.15
539,1,0.02,0.0,0.0,0.02,-0.01,0.0,0.16
540,1,-0.020000000000000018,0.0,0.0,0.020000000000000018,1.01,0.0,0.16
541,1,0.02,0.0,0.0,0.02,-0.01,0.0,0.17
542,1,-0.020000000000000018,0.0,0.0,0.020000000000000018,1.01,0.0,0.17
543,1,0.02,0.0,0.0,0.02,-0.01,0.0,0.18
544,1,-0.020000000000000018,0.0,0.0,0.020000000000000018,1.01,0.0,0.18
545,1,0.02,0.0,0.0,0.02,-0.01,0.0,0.19
546,1,-0.020000000000000018,0.0,0.0,0.020000000000000018,1.01,0.0,0.19
547,1,0.02,0.0,0.0,0.02,-0.01,0.0,0.2
548,1,-0.020000000000000018,0.0,0.0,0.020000000000000018,1.01,0.0,0.2
549,1,0.02,0.0,0.0,0.02,-0.01,0.0,0.21
550,1,-0.020000000000000018,0.0,0.0,0.020000000000000018,1.01,0.0,0.21
551,1,0.02,0.0,0.0,0.02,-0.01,0.0,0.22
552,1,-0.020000000000000018,0.0,0.0,0.020000000000000018,1.01,0.0,0.22
553,1,0.02,0.0,0.0,0.02,-0.01,0.0,0.23
554,1,-0.020000000000000018,0.0,0.0,0.020000000000000018,1.01,0.0,0.23
555,1,0.02,0.0,0.0,0.02,-0.01,0.0,0.24
556,1,-0.020000000000000018,0.0,0.0,0.020000000000000018,1.01,0.0,0.24
557,1,0.02,0.0,0.0,0.02,-0.01,0.0,0.25
558,1,-0.020000000000000018,0.0,0.0,0.020000000000000018,1.01,0.0,0.25
559,1,0.02,0.0,0.0,0.02,-0.01,0.0,0.26
560,1,-0.020000000000000018,0.0,0.0,0.020000000000000018,1.01,0.0,0.26
561,1,0.02,0.0,0.0,0.02,-0.01,0.0,0.27
562,1,-0.020000000000000018,0.0,0.0,0.020000000000000018,1.01,0.0,0.27
563,1,0.02,0.0,0.0,0.02,-0.01,0.0,0.28
564,1,-0.020000000000000018,0.0,0.0,0.020000000000000018,1.01,0.0,0.28
565,1,0.02,0.0,0.0,0.02,-0.01,0.0,0.29
566,1,-0.020000000000000018,0.0,0.0,0.020000000000000018,1.01,0.0,0.29
567,1,0.02,0.0,0.0,0.02,-0.01,0.0,0.3
568,1,-0.020000000000000018,0.0,0.0,0.020000000000000018,1.01,0.0,0.3
569,1,0.02,0.0,0.0,0.02,-0.01,0.0,0.31
570,1,-0.020000000000000018,0.0,0.0,0.020000000000000018,1.01,0.0,0.31
571,1,0.02,0.0,0.0,0.02,-0.01,0.0,0.32
572,1,-0.020000000000000018,0.0,0.0,0.020000000000000018,1.01,0.0,0.32
573,1,0.02,0.0,0.0,0.02,-0.01,0.0,0.33
574,1,-0.020000000000000018,0.0,0.0,0.020000000000000018,1.01,0.0,0.33
575,1,0.02,0.0,0.0,0.02,-0.01,0.0,0.34
576,1,-0.020000000000000018,0.0,0.0,0.020000000000000018,1.01,0.0,0.34
577,1,0.02,0.0,0.0,0.02,-0.01,0.0,0.35
578,1,-0.020000000000000018,0.0,0.0,0.020000000000000018,1.01,0.0,0.35
579,1,0.02,0.0,0.0,0.02,-0.01,0.0,0.36
580,1,-0.020000000000000018,0.0,0.0,0.020000000000000018,1.01,0.0,0.36
581,1,0.02,0.0,0.0,0.02,-0.01,0.0,0.37
582,1,-0.020000000000000018,0.0,0.0,0.020000000000000018,1.01,0.0,0.37
583,1,0.02,0.0,0.0,0.02,-0.01,0.0,0.38
584,1,-0.020000000000000018,0.0,0.0,0.020000000000000018,1.01,0.0,0.38
585,1,0.02,0.0,0.0,0.02,-0.01,0.0,0.39
586,1,-0.020000000000000018,0.0,0.0,0.020000000000000018,1.01,0.0,0.39
587,1,0.02,0.0,0.0,0.02,-0.01,0.0,0.4
588,1,-0.020000000000000018,0.0,0.0,0.020000000000000018,1.01,0.0,0.4
589,1,0.02,0.0,0.0,0.02,-0.01,0.0,0.41
590,1,-0.020000000000000018,0.0,0.0,0.020000000000000018,1.01,0.0,0.41
591,1,0.02,0.0,0.0,0.02,-0.01,0.0,0.42
592,1,-0.020000000000000018,0.0,0.0,0.020000000000000018,1.01,0.0,0.42
593,1,0.02,0.0,0.0,0.02,-0.01,0.0,0.43
594,1,-0.020000000000000018,0.0,0.0,0.020000000000000018,1.01,0.0,0.43
595,1,0.02,0.0,0.0,0.02,-0.01,0.0,0.44
596,1,-0.020000000000000018,0.0,0.0,0.020000000000000018,1.01,0.0,0.44
597,1,0.02,0.0,0.0,0.02,-0.01,0.0,0.45
598,1,-0.020000000000000018,0.0,0.0,0.020000000000000018,1.01,0.0,0.45
599,1,0.02,0.0,0.0,0.02,-0.01,0.0,0.46
600,1,-0.020000000000000018,0.0,0.0,0.020000000000000018,1.01,0.0,0.46
601,1,0.02,0.0,0.0,0.02,-0.01,0.0,0.47
602,1,-0.020000000000000018,0.0,0.0,0.020000000000000018,1.01,0.0,0.47
603,1,0.02,0.0,0.0,0.02,-0.01,0.0,0.48
604,1,-0.020000000000000018,0.0,0.0,0.020000000000000018,1.01,0.0,0.48
605,1,0.02,0.0,0.0,0.02,-0.01,0.0,0.49
606,1,-0.020000000000000018,0.0,0.0,0.020000000000000018,1.01,0.0,0.49
607,1,0.02,0.0,0.0,0.02,-0.01,0.0,0.5
608,1,-0.020000000000000018,0.0,0.0,0.020000000000000018,1.01,0.0,0.5
609,1,0.02,0.0,0.0,0.02,-0.01,0.0,0.51
610,1,-0.020000000000000018,0.0,0.0,0.020000000000000018,1.01,0.0,0.51
611,1,0.02,0.0,0.0,0.02,-0.01,0.0,0.52
612,1,-0.020000000000000018,0.0,0.0,0.020000000000000018,1.01,0.0,0.52
613,1,0.02,0.0,0.0,0.02,-0.01,0.0,0.53
614,1,-0.020000000000000018,0.0,0.0,0.020000000000000018,1.01,0.0,0.53
615,1,0.02,0.0,0.0,0.02,-0.01,0.0,0.54
616,1,-0.020000000000000018,0.0,0.0,0.020000000000000018,1.01,0.0,0.54
617,1,0.02,0.0,0.0,0.02,-0.01,0.0,0.55
618,1,-0.020000000000000018,0.0,0.0,0.020000000000000018,1.01,0.0,0.55
619,1,0.02,0.0,0.0,0.02,-0.01,0.0,0.56
620,1,-0.020000000000000018,0.0,0.0,0.020000000000000018,1.01,0.0,0.56
621,1,0.02,0.0,0.0,0.02,-0.01,0.0,0.57
622,1,-0.020000000000000018,0.0,0.0,0.020000000000000018,1.01,0.0,0.57
623,1,0.02,0.0,0.0,0.02,-0.01,0.0,0.58
624,1,-0.020000000000000018,0.0,0.0,0.020000000000000018,1.01,0.0,0.58
625,1,0.02,0.0,0.0,0.02,-0.01,0.0,0.59
626,1,-0.020000000000000018,0.0,0.0,0.020000000000000018,1.01,0.0,0.59
627,1,0.02,0.0,0.0,0.02,-0.01,0.0,0.6
628,1,-0.020000000000000018,0.0,0.0,0.020000000000000018,1.01,0.0,0.6
629,1,0.02,0.0,0.0,0.02,-0.01,0.0,0.61
630,1,-0.020000000000000018,0.0,0.0,0.020000000000000018,1.01,0.0,0.61
631,1,0.02,0.0,0.0,0.02,-0.01,0.0,0.62
632,1,-0.020000000000000018,0.0,0.0,0.020000000000000018,1.01,0.0,0.62
633,1,0.02,0.0,0.0,0.02,-0.01,0.0,0.63
634,1,-0.020000000000000018,0.0,0.0,0.020000000000000018,1.01,0.0,0.63
635,1,0.02,0.0,0.0,0.02,-0.01,0.0,0.64
636,1,-0.020000000000000018,0.0,0.0,0.020000000000000018,1.01,0.0,0.64
637,1,0.02,0.0,0.0,0.02,-0.01,0.0,0.65
638,1,-0.020000000000000018,0.0,0.0,0.020000000000000018,1.01,0.0,0.65
639,1,0.02,0.0,0.0,0.02,-0.01,0.0,0.66
640,1,-0.020000000000000018,0.0,0.0,0.020000000000000018,1.01,0.0,0.66
641,1,0.02,0.0,0.0,0.02,-0.01,0.0,0.67
642,1,-0.020000000000000018,0.0,0.0,0.020000000000000018,1.01,0.0,0.67
643,1,0.02,0.0,0.0,0.02,-0.01,0.0,0.68
644,1,-0.020000000000000018,0.0,0.0,0.020000000000000018,1.01,0.0,0.68
645,1,0.02,0.0,0.0,0.02,-0.01,0.0,0.69
646,1,-0.020000000000000018,0.0,0.0,0.020000000000000018,1.01,0.0,0.69
647,1,0.02,0.0,0.0,0.02,-0.01,0.0,0.7
648,1,-0.020000000000000018,0.0,0.0,0.020000000000000018,1.01,0.0,0.7
649,1,0.02,0.0,0.0,0.02,-0.01,0.0,0.71
650,1,-0.020000000000000018,0.0,0.0,0.020000000000000018,1.01,0.0,0.71
651,1,0.02,0.0,0.0,0.02,-0.01,0.0,0.72
652,1,-0.020000000000000018,0.0,0.0,0.020000000000000018,1.01,0.0,0.72
653,1,0.02,0.0,0.0,0.02,-0.01,0.0,0.73
654,1,-0.020000000000000018,0.0,0.0,0.020000000000000018,1.01,0.0,0.73
655,1,0.02,0.0,0.0,0.02,-0.01,0.0,0.74
656,1,-0.020000000000000018,0.0,0.0,0.020000000000000018,1.01,0.0,0.74
657,1,0.02,0.0,0.0,0.02,-0.01,0.0,0.75
658,1,-0.020000000000000018,0.0,0.0,0.020000000000000018,1.01,0.0,0.75
659,1,0.02,0.0,0.0,0.02,-0.01,0.0,0.76
660,1,-0.020000000000000018,0.0,0.0,0.020000000000000018,1.01,0.0,0.76
661,1,0.02,0.0,0.0,0.02,-0.01,0.0,0.77
662,1,-0.020000000000000018,0.0,0.0,0.020000000000000018,1.01,0.0,0.77
663,1,0.02,0.0,0.0,0.02,-0.01,0.0,0.78
664,1,-0.020000000000000018,0.0,0.0,0.020000000000000018,1.01,0.0,0.78
665,1,0.02,0.0,0.0,0.02,-0.01,0.0,0.79
666,1,-0.020000000000000018,0.0,0.0,0.020000000000000018,1.01,0.0,0.79
667,1,0.02,0.0,0.0,0.02,-0.01,0.0,0.8
668,1,-0.020000000000000018,0.0,0.0,0.020000000000000018,1.01,0.0,0.8
669,1,0.02,0.0,0.0,0.02,-0.01,0.0,0.81
670,1,-0.020000000000000018,0.0,0.0,0.020000000000000018,1.01,0.0,0.81
671,1,0.02,0.0,0.0,0.02,-0.01,0.0,0.82
672,1,-0.020000000000000018,0.0,0.0,0.020000000000000018,1.01,0.0,0.82
673,1,0.02,0.0,0.0,0.02,-0.01,0.0,0.83
674,1,-0.020000000000000018,0.0,0.0,0.020000000000000018,1.01,0.0,0.83
675,1,0.02,0.0,0.0,0.02,-0.01,0.0,0.84
676,1,-0.020000000000000018,0.0,0.0,0.020000000000000018,1.01,0.0,0.84
677,1,0.02,0.0,0.0,0.02,-0.01,0.0,0.85
678,1,-0.020000000000000018,0.0,0.0,0.020000000000000018,1.01,0.0,0.85
679,1,0.02,0.0,0.0,0.02,-0.01,0.0,0.86
680,1,-0.020000000000000018,0.0,0.0,0.020000000000000018,1.01,0.0,0.86
681,1,0.02,0.0,0.0,0.02,-0.01,0.0,0.87
682,1,-0.020000000000000018,0.0,0.0,0.020000000000000018,1.01,0.0,0.87
683,1,0.02,0.0,0.0,0.02,-0.01,0.0,0.88
684,1,-0.020000000000000018,0.0,0.0,0.020000000000000018,1.01,0.0,0.88
685,1,0.02,0.0,0.0,0.02,-0.01,0.0,0.89
686,1,-0.020000000000000018,0.0,0.0,0.020000000000000018,1.01,0.0,0.89
687,1,0.02,0.0,0.0,0.02,-0.01,0.0,0.9
688,1,-0.020000000000000018,0.0,0.0,0.020000000000000018,1.01,0.0,0.9
689,1,0.02,0.0,0.0,0.02,-0.01,0.0,0.91
690,1,-0.020000000000000018,0.0,0.0,0.020000000000000018,1.01,0.0,0.91
691,1,0.02,0.0,0.0,0.02,-0.01,0.0,0.92
692,1,-0.020000000000000018,0.0,0.0,0.020000000000000018,1.01,0.0,0.92
693,1,0.02,0.0,0.0,0.02,-0.01,0.0,0.93
694,1,-0.020000000000000018,0.0,0.0,0.020000000000000018,1.01,0.0,0.93
695,1,0.02,0.0,0.0,0.02,-0.01,0.0,0.94
696,1,-0.020000000000000018,0.0,0.0,0.020000000000000018,1.01,0.0,0.94
697,1,0.02,0.0,0.0,0.02,-0.01,0.0,0.95
698,1,-0.020000000000000018,0.0,0.0,0.020000000000000018,1.01,0.0,0.95
699,1,0.02,0.0,0.0,0.02,-0.01,0.0,0.96
700,1,-0.020000000000000018,0.0,0.0,0.020000000000000018,1.01,0.0,0.96
701,1,0.02,0.0,0.0,0.02,-0.01,0.0,0.97
702,1,-0.020000000000000018,0.0,0.0,0.020000000000000018,1.01,0.0,0.97
703,1,0.03,0.0,0.0,0.03,-0.02,0.0,0.01
704,1,-0.030000000000000027,0.0,0.0,0.030000000000000027,1.02,0.0,0.01
705,1,0.03,0.0,0.0,0.03,-0.02,0.0,0.02
706,1,-0.030000000000000027,0.0,0.0,0.030000000000000027,1.02,0.0,0.02
707,1,0.03,0.0,0.0,0.03,-0.02,0.0,0.03
708,1,-0.030000000000000027,0.0,0.0,0.030000000000000027,1.02,0.0,0.03
709,1,0.03,0.0,0.0,0.03,-0.02,0.0,0.04
710,1,-0.030000000000000027,0.0,0.0,0.030000000000000027,1.02,0.0,0.04
711,1,0.03,0.0,0.0,0.03,-0.02,0.0,0.05
712,1,-0.030000000000000027,0.0,0.0,0.030000000000000027,1.02,0.0,0.05
713,1,0.03,0.0,0.0,0.03,-0.02,0.0,0.06
714,1,-0.030000000000000027,0.0,0.0,0.030000000000000027,1.02,0.0,0.06
715,1,0.03,0.0,0.0,0.03,-0.02,0.0,0.07
716,1,-0.030000000000000027,0.0,0.0,0.030000000000000027,1.02,0.0,0.07
717,1,0.03,0.0,0.0,0.03,-0.02,0.0,0.08
718,1,-0.030000000000000027,0.0,0.0,0.030000000000000027,1.02,0.0,0.08
719,1,0.03,0.0,0.0,0.03,-0.02,0.0,0.09
720,1,-0.030000000000000027,0.0,0.0,0.030000000000000027,1.02,0.0,0.09
721,1,0.03,0.0,0.0,0.03,-0.02,0.0,0.1
722,1,-0.030000000000000027,0.0,0.0,0.030000000000000027,1.02,0.0,0.1
723,1,0.03,0.0,0.0,0.03,-0.02,0.0,0.11
724,1,-0.030000000000000027,0.0,0.0,0.030000000000000027,1.02,0.0,0.11
725,1,0.03,0.0,0.0,0.03,-0.02,0.0,0.12
726,1,-0.030000000000000027,0.0,0.0,0.030000000000000027,1.02,0.0,0.12
727,1,0.03,0.0,0.0,0.03,-0.02,0.0,0.13
728,1,-0.030000000000000027,0.0,0.0,0.030000000000000027,1.02,0.0,0.13
729,1,0.03,0.0,0.0,0.03,-0.02,0.0,0.14
730,1,-0.030000000000000027,0.0,0.0,0.030000000000000027,1.02,0.0,0.14
731,1,0.03,0.0,0.0,0.03,-0.02,0.0,0.15
732,1,-0.030000000000000027,0.0,0.0,0.030000000000000027,1.02,0.0,0.15
733,1,0.03,0.0,0.0,0.03,-0.02,0.0,0.16
734,1,-0.030000000000000027,0.0,0.0,0.030000000000000027,1.02,0.0,0.16
735,1,0.03,0.0,0.0,0.03,-0.02,0.0,0.17
736,1,-0.030000000000000027,0.0,0.0,0.030000000000000027,1.02,0.0,0.17
737,1,0.03,0.0,0.0,0.03,-0.02,0.0,0.18
738,1,-0.030000000000000027,0.0,0.0,0.030000000000000027,1.02,0.0,0.18
739,1,0.03,0.0,0.0,0.03,-0.02,0.0,0.19
740,1,-0.030000000000000027,0.0,0.0,0.030000000000000027,1.02,0.0,0.19
741,1,0.03,0.0,0.0,0.03,-0.02,0.0,0.2
742,1,-0.030000000000000027,0.0,0.0,0.030000000000000027,1.02,0.0,0.2
743,1,0.03,0.0,0.0,0.03,-0.02,0.0,0.21
744,1,-0.030000000000000027,0.0,0.0,0.030000000000000027,1.02,0.0,0.21
745,1,0.03,0.0,0.0,0.03,-0.02,0.0,0.22
746,1,-0.030000000000000027,0.0,0.0,0.030000000000000027,1.02,0.0,0.22
747,1,0.03,0.0,0.0,0.03,-0.02,0.0,0.23
748,1,-0.030000000000000027,0.0,0.0,0.030000000000000027,1.02,0.0,0.23
749,1,0.03,0.0,0.0,0.03,-0.02,0.0,0.24
750,1,-0.030000000000000027,0.0,0.0,0.030000000000000027,1.02,0.0,0.24
751,1,0.03,0.0,0.0,0.03,-0.02,0.0,0.25
752,1,-0.030000000000000027,0.0,0.0,0.030000000000000027,1.02,0.0,0.25
753,1,0.03,0.0,0.0,0.03,-0.02,0.0,0.26
754,1,-0.030000000000000027,0.0,0.0,0.030000000000000027,1.02,0.0,0.26
755,1,0.03,0.0,0.0,0.03,-0.02,0.0,0.27
756,1,-0.030000000000000027,0.0,0.0,0.030000000000000027,1.02,0.0,0.27
757,1,0.03,0.0,0.0,0.03,-0.02,0.0,0.28
758,1,-0.030000000000000027,0.0,0.0,0.030000000000000027,1.02,0.0,0.28
759,1,0.03,0.0,0.0,0.03,-0.02,0.0,0.29
760,1,-0.030000000000000027,0.0,0.0,0.030000000000000027,1.02,0.0,0.29
761,1,0.03,0.0,0.0,0.03,-0.02,0.0,0.3
762,1,-0.030000000000000027,0.0,0.0,0.030000000000000027,1.02,0.0,0.3
763,1,0.03,0.0,0.0,0.03,-0.02,0.0,0.31
764,1,-0.030000000000000027,0.0,0.0,0.030000000000000027,1.02,0.0,0.31
765,1,0.03,0.0,0.0,0.03,-0.02,0.0,0.32
766,1,-0.030000000000000027,0.0,0.0,0.030000000000000027,1.02,0.0,0.32
767,1,0.03,0.0,0.0,0.03,-0.02,0.0,0.33
768,1,-0.030000000000000027,0.0,0.0,0.030000000000000027,1.02,0.0,0.33
769,1,0.03,0.0,0.0,0.03,-0.02,0.0,0.34
770,1,-0.030000000000000027,0.0,0.0,0.030000000000000027,1.02,0.0,0.34
771,1,0.03,0.0,0.0,0.03,-0.02,0.0,0.35
772,1,-0.030000000000000027,0.0,0.0,0.030000000000000027,1.02,0.0,0.35
773,1,0.03,0.0,0.0,0.03,-0.02,0.0,0.36
774,1,-0.030000000000000027,0.0,0.0,0.030000000000000027,1.02,0.0,0.36
775,1,0.03,0.0,0.0,0.03,-0.02,0.0,0.37
776,1,-0.030000000000000027,0.0,0.0,0.030000000000000027,1.02,0.0,0.37
777,1,0.03,0.0,0.0,0.03,-0.02,0.0,0.38
778,1,-0.030000000000000027,0.0,0.0,0.030000000000000027,1.02,0.0,0.38
779,1,0.03,0.0,0.0,0.03,-0.02,0.0,0.39
780,1,-0.030000000000000027,0.0,0.0,0.030000000000000027,1.02,0.0,0.39
781,1,0.03,0.0,0.0,0.03,-0.02,0.0,0.4
782,1,-0.030000000000000027,0.0,0.0,0.030000000000000027,1.02,0.0,0.4
783,1,0.03,0.0,0.0,0.03,-0.02,0.0,0.41
784,1,-0.030000000000000027,0.0,0.0,0.030000000000000027,1.02,0.0,0.41
785,1,0.03,0.0,0.0,0.03,-0.02,0.0,0.42
786,1,-0.030000000000000027,0.0,0.0,0.030000000000000027,1.02,0.0,0.42
787,1,0.03,0.0,0.0,0.03,-0.02,0.0,0.43
788,1,-0.030000000000000027,0.0,0.0,0.030000000000000027,1.02,0.0,0.43
789,1,0.03,0.0,0.0,0.03,-0.02,0.0,0.44
790,1,-0.030000000000000027,0.0,0.0,0.030000000000000027,1.02,0.0,0.44
791,1,0.03,0.0,0.0,0.03,-0.02,0.0,0.45
792,1,-0.030000000000000027,0.0,0.0,0.030000000000000027,1.02,0.0,0.45
793,1,0.03,0.0,0.0,0.03,-0.02,0.0,0.46
794,1,-0.030000000000000027,0.0,0.0,0.030000000000000027,1.02,0.0,0.46
795,1,0.03,0.0,0.0,0.03,-0.02,0.0,0.47
796,1,-0.030000000000000027,0.0,0.0,0.030000000000000027,1.02,0.0,0.47
797,1,0.03,0.0,0.0,0.03,-0.02,0.0,0.48
798,1,-0.030000000000000027,0.0,0.0,0.030000000000000027,1.02,0.0,0.48
799,1,0.03,0.0,0.0,0.03,-0.02,0.0,0.49
800,1,-0.030000000000000027,0.0,0.0,0.030000000000000027,1.02,0.0,0.49
801,1,0.03,0.0,0.0,0.03,-0.02,0.0,0.5
802,1,-0.030000000000000027,0.0,0.0,0.030000000000000027,1.02,0.0,0.5
803,1,0.03,0.0,0.0,0.03,-0.02,0.0,0.51
804,1,-0.030000000000000027,0.0,0.0,0.030000000000000027,1.02,0.0,0.51
805,1,0.03,0.0,0.0,0.03,-0.02,0.0,0.52
806,1,-0.030000000000000027,0.0,0.0,0.030000000000000027,1.02,0.0,0.52
807,1,0.03,0.0,0.0,0.03,-0.02,0.0,0.53
808,1,-0.030000000000000027,0.0,0.0,0.030000000000000027,1.02,0.0,0.53
809,1,0.03,0.0,0.0,0.03,-0.02,0.0,0.54
810,1,-0.030000000000000027,0.0,0.0,0.030000000000000027,1.02,0.0,0.54
811,1,0.03,0.0,0.0,0.03,-0.02,0.0,0.55
812,1,-0.030000000000000027,0.0,0.0,0.030000000000000027,1.02,0.0,0.55
813,1,0.03,0.0,0.0,0.03,-0.02,0.0,0.56
814,1,-0.030000000000000027,0.0,0.0,0.030000000000000027,1.02,0.0,0.56
815,1,0.03,0.0,0.0,0.03,-0.02,0.0,0.57
816,1,-0.030000000000000027,0.0,0.0,0.030000000000000027,1.02,0.0,0.57
817,1,0.03,0.0,0.0,0.03,-0.02,0.0,0.58
818,1,-0.030000000000000027,0.0,0.0,0.030000000000000027,1.02,0.0,0.58
819,1,0.03,0.0,0.0,0.03,-0.02,0.0,0.59
820,1,-0.030000000000000027,0.0,0.0,0.030000000000000027,1.02,0.0,0.59
821,1,0.03,0.0,0.0,0.03,-0.02,0.0,0.6
822,1,-0.030000000000000027,0.0,0.0,0.030000000000000027,1.02,0.0,0.6
823,1,0.03,0.0,0.0,0.03,-0.02,0.0,0.61
824,1,-0.030000000000000027,0.0,0.0,0.030000000000000027,1.02,0.0,0.61
825,1,0.03,0.0,0.0,0.03,-0.02,0.0,0.62
826,1,-0.030000000000000027,0.0,0.0,0.030000000000000027,1.02,0.0,0.62
827,1,0.03,0.0,0.0,0.03,-0.02,0.0,0.63
828,1,-0.030000000000000027,0.0,0.0,0.030000000000000027,1.02,0.0,0.63
829,1,0.03,0.0,0.0,0.03,-0.02,0.0,0.64
830,1,-0.030000000000000027,0.0,0.0,0.030000000000000027,1.02,0.0,0.64
831,1,0.03,0.0,0.0,0.03,-0.02,0.0,0.65
832,1,-0.030000000000000027,0.0,0.0,0.030000000000000027,1.02,0.0,0.65
833,1,0.03,0.0,0.0,0.03,-0.02,0.0,0.66
834,1,-0.030000000000000027,0.0,0.0,0.030000000000000027,1.02,0.0,0.66
835,1,0.03,0.0,0.0,0.03,-0.02,0.0,0.67
836,1,-0.030000000000000027,0.0,0.0,0.030000000000000027,1.02,0.0,0.67
837,1,0.03,0.0,0.0,0.03,-0.02,0.0,0.68
838,1,-0.030000000000000027,0.0,0.0,0.030000000000000027,1.02,0.0,0.68
839,1,0.03,0.0,0.0,0.03,-0.02,0.0,0.69
840,1,-0.030000000000000027,0.0,0.0,0.030000000000000027,1.02,0.0,0.69
841,1,0.03,0.0,0.0,0.03,-0.02,0.0,0.7
842,1,-0.030000000000000027,0.0,0.0,0.030000000000000027,1.02,0.0,0.7
843,1,0.03,0.0,0.0,0.03,-0.02,0.0,0.71
844,1,-0.030000000000000027,0.0,0.0,0.030000000000000027,1.02,0.0,0.71
845,1,0.03,0.0,0.0,0.03,-0.02,0.0,0.72
846,1,-0.030000000000000027,0.0,0.0,0.030000000000000027,1.02,0.0,0.72
847,1,0.03,0.0,0.0,0.03,-0.02,0.0,0.73
848,1,-0.030000000000000027,0.0,0.0,0.030000000000000027,1.02,0.0,0.73
849,1,0.03,0.0,0.0,0.03,-0.02,0.0,0.74
850,1,-0.030000000000000027,0.0,0.0,0.030000000000000027,1.02,0.0,0.74
851,1,0.03,0.0,0.0,0.03,-0.02,0.0,0.75
852,1,-0.030000000000000027,0.0,0.0,0.030000000000000027,1.02,0.0,0.75
853,1,0.03,0.0,0.0,0.03,-0.02,0.0,0.76
854,1,-0.030000000000000027,0.0,0.0,0.030000000000000027,1.02,0.0,0.76
855,1,0.03,0.0,0.0,0.03,-0.02,0.0,0.77
856,1,-0.030000000000000027,0.0,0.0,0.030000000000000027,1.02,0.0,0.77
857,1,0.03,0.0,0.0,0.03,-0.02,0.0,0.78
858,1,-0.030000000000000027,0.0,0.0,0.030000000000000027,1.02,0.0,0.78
859,1,0.03,0.0,0.0,0.03,-0.02,0.0,0.79
860,1,-0.030000000000000027,0.0,0.0,0.030000000000000027,1.02,0.0,0.79
861,1,0.03,0.0,0.0,0.03,-0.02,0.0,0.8
862,1,-0.030000000000000027,0.0,0.0,0.030000000000000027,1.02,0.0,0.8
863,1,0.03,0.0,0.0,0.03,-0.02,0.0,0.81
864,1,-0.030000000000000027,0.0,0.0,0.030000000000000027,1.02,0.0,0.81
865,1,0.03,0.0,0.0,0.03,-0.02,0.0,0.82
866,1,-0.030000000000000027,0.0,0.0,0.030000000000000027,1.02,0.0,0.82
867,1,0.03,0.0,0.0,0.03,-0.02,0.0,0.83
868,1,-0.030000000000000027,0.0,0.0,0.030000000000000027,1.02,0.0,0.83
869,1,0.03,0.0,0.0,0.03,-0.02,0.0,0.84
870,1,-0.030000000000000027,0.0,0.0,0.030000000000000027,1.02,0.0,0.84
871,1,0.03,0.0,0.0,0.03,-0.02,0.0,0.85
872,1,-0.030000000000000027,0.0,0.0,0.030000000000000027,1.02,0.0,0.85
873,1,0.03,0.0,0.0,0.03,-0.02,0.0,0.86
874,1,-0.030000000000000027,0.0,0.0,0.030000000000000027,1.02,0.0,0.86
875,1,0.03,0.0,0.0,0.03,-0.02,0.0,0.87
876,1,-0.030000000000000027,0.0,0.0,0.030000000000000027,1.02,0.0,0.87
877,1,0.03,0.0,0.0,0.03,-0.02,0.0,0.88
878,1,-0.030000000000000027,0.0,0.0,0.030000000000000027,1.02,0.0,0.88
879,1,0.03,0.0,0.0,0.03,-0.02,0.0,0.89
880,1,-0.030000000000000027,0.0,0.0,0.030000000000000027,1.02,0.0,0.89
881,1,0.03,0.0,0.0,0.03,-0.02,0.0,0.9
882,1,-0.030000000000000027,0.0,0.0,0.030000000000000027,1.02,0.0,0.9
883,1,0.03,0.0,0.0,0.03,-0.02,0.0,0.91
884,1,-0.030000000000000027,0.0,0.0,0.030000000000000027,1.02,0.0,0.91
885,1,0.03,0.0,0.0,0.03,-0.02,0.0,0.92
886,1,-0.030000000000000027,0.0,0.0,0.030000000000000027,1.02,0.0,0.92
887,1,0.03,0.0,0.0,0.03,-0.02,0.0,0.93
888,1,-0.030000000000000027,0.0,0.0,0.030000000000000027,1.02,0.0,0.93
889,1,0.03,0.0,0.0,0.03,-0.02,0.0,0.94
890,1,-0.030000000000000027,0.0,0.0,0.030000000000000027,1.02,0.0,0.94
891,1,0.03,0.0,0.0,0.03,-0.02,0.0,0.95
892,1,-0.030000000000000027,0.0,0.0,0.030000000000000027,1.02,0.0,0.95
893,1,0.03,0.0,0.0,0.03,-0.02,0.0,0.96
894,1,-0.030000000000000027,0.0,0.0,0.030000000000000027,1.02,0.0,0.96
895,1,0.03,0.0,0.0,0.03,-0.02,0.0,0.97
896,1,-0.030000000000000027,0.0,0.0,0.030000000000000027,1.02,0.0,0.97
897,3,0.03,0.0,-0.030000000000000027,0.042426406871192875,-0.02,0.0,1.0
898,3,0.02,0.0,-0.030000000000000027,0.03605551275463992,-0.01,0.0,1.0
899,3,0.01,0.0,-0.030000000000000027,0.03162277660168382,0.0,0.0,1.0
900,3,0.0,0.0,-0.030000000000000027,0.030000000000000027,0.01,0.0,1.0
901,3,0.0,0.0,-0.030000000000000027,0.030000000000000027,0.02,0.0,1.0
902,3,0.0,0.0,-0.030000000000000027,0.030000000000000027,0.03,0.0,1.0
903,3,0.0,0.0,-0.030000000000000027,0.030000000000000027,0.04,0.0,1.0
904,3,0.0,0.0,-0.030000000000000027,0.030000000000000027,0.05,0.0,1.0
905,3,0.0,0.0,-0.030000000000000027,0.030000000000000027,0.06,0.0,1.0
906,3,0.0,0.0,-0.030000000000000027,0.030000000000000027,0.07,0.0,1.0
907,3,0.0,0.0,-0.030000000000000027,0.030000000000000027,0.08,0.0,1.0
908,3,0.0,0.0,-0.030000000000000027,0.030000000000000027,0.09,0.0,1.0
909,3,0.0,0.0,-0.030000000000000027,0.030000000000000027,0.1,0.0,1.0
910,3,0.0,0.0,-0.030000000000000027,0.030000000000000027,0.11,0.0,1.0
911,3,0.0,0.0,-0.030000000000000027,0.030000000000000027,0.12,0.0,1.0
912,3,0.0,0.0,-0.030000000000000027,0.030000000000000027,0.13,0.0,1.0
913,3,0.0,0.0,-0.030000000000000027,0.030000000000000027,0.14,0.0,1.0
914,3,0.0,0.0,-0.030000000000000027,0.030000000000000027,0.15,0.0,1.0
915,3,0.0,0.0,-0.030000000000000027,0.030000000000000027,0.16,0.0,1.0
916,3,0.0,0.0,-0.030000000000000027,0.030000000000000027,0.17,0.0,1.0
917,3,0.0,0.0,-0.030000000000000027,0.030000000000000027,0.18,0.0,1.0
918,3,0.0,0.0,-0.030000000000000027,0.030000000000000027,0.19,0.0,1.0
919,3,0.0,0.0,-0.030000000000000027,0.030000000000000027,0.2,0.0,1.0
920,3,0.0,0.0,-0.030000000000000027,0.030000000000000027,0.21,0.0,1.0
921,3,0.0,0.0,-0.030000000000000027,0.030000000000000027,0.22,0.0,1.0
922,3,0.0,0.0,-0.030000000000000027,0.030000000000000027,0.23,0.0,1.0
923,3,0.0,0.0,-0.030000000000000027,0.030000000000000027,0.24,0.0,1.0
924,3,0.0,0.0,-0.030000000000000027,0.030000000000000027,0.25,0.0,1.0
925,3,0.0,0.0,-0.030000000000000027,0.030000000000000027,0.26,0.0,1.0
926,3,0.0,0.0,-0.030000000000000027,0.030000000000000027,0.27,0.0,1.0
927,3,0.0,0.0,-0.030000000000000027,0.030000000000000027,0.28,0.0,1.0
928,3,0.0,0.0,-0.030000000000000027,0.030000000000000027,0.29,0.0,1.0
929,3,0.0,0.0,-0.030000000000000027,0.030000000000000027,0.3,0.0,1.0
930,3,0.0,0.0,-0.030000000000000027,0.030000000000000027,0.31,0.0,1.0
931,3,0.0,0.0,-0.030000000000000027,0.030000000000000027,0.32,0.0,1.0
932,3,0.0,0.0,-0.030000000000000027,0.030000000000000027,0.33,0.0,1.0
933,3,0.0,0.0,-0.030000000000000027,0.030000000000000027,0.34,0.0,1.0
934,3,0.0,0.0,-0.030000000000000027,0.030000000000000027,0.35,0.0,1.0
935,3,0.0,0.0,-0.030000000000000027,0.030000000000000027,0.36,0.0,1.0
936,3,0.0,0.0,-0.030000000000000027,0.030000000000000027,0.37,0.0,1.0
937,3,0.0,0.0,-0.030000000000000027,0.030000000000000027,0.38,0.0,1.0
938,3,0.0,0.0,-0.030000000000000027,0.030000000000000027,0.39,0.0,1.0
939,3,0.0,0.0,-0.030000000000000027,0.030000000000000027,0.4,0.0,1.0
940,3,0.0,0.0,-0.030000000000000027,0.030000000000000027,0.41,0.0,1.0
941,3,0.0,0.0,-0.030000000000000027,0.030000000000000027,0.42,0.0,1.0
942,3,0.0,0.0,-0.030000000000000027,0.030000000000000027,0.43,0.0,1.0
943,3,0.0,0.0,-0.030000000000000027,0.030000000000000027,0.44,0.0,1.0
944,3,0.0,0.0,-0.030000000000000027,0.030000000000000027,0.45,0.0,1.0
945,3,0.0,0.0,-0.030000000000000027,0.030000000000000027,0.46,0.0,1.0
946,3,0.0,0.0,-0.030000000000000027,0.030000000000000027,0.47,0.0,1.0
947,3,0.0,0.0,-0.030000000000000027,0.030000000000000027,0.48,0.0,1.0
948,3,0.0,0.0,-0.030000000000000027,0.030000000000000027,0.49,0.0,1.0
949,3,0.0,0.0,-0.030000000000000027,0.030000000000000027,0.5,0.0,1.0
950,3,0.0,0.0,-0.030000000000000027,0.030000000000000027,0.51,0.0,1.0
951,3,0.0,0.0,-0.030000000000000027,0.030000000000000027,0.52,0.0,1.0
952,3,0.0,0.0,-0.030000000000000027,0.030000000000000027,0.53,0.0,1.0
953,3,0.0,0.0,-0.030000000000000027,0.030000000000000027,0.54,0.0,1.0
954,3,0.0,0.0,-0.030000000000000027,0.030000000000000027,0.55,0.0,1.0
955,3,0.0,0.0,-0.030000000000000027,0.030000000000000027,0.56,0.0,1.0
956,3,0.0,0.0,-0.030000000000000027,0.030000000000000027,0.57,0.0,1.0
957,3,0.0,0.0,-0.030000000000000027,0.030000000000000027,0.58,0.0,1.0
958,3,0.0,0.0,-0.030000000000000027,0.030000000000000027,0.59,0.0,1.0
959,3,0.0,0.0,-0.030000000000000027,0.030000000000000027,0.6,0.0,1.0
960,3,0.0,0.0,-0.030000000000000027,0.030000000000000027,0.61,0.0,1.0
961,3,0.0,0.0,-0.030000000000000027,0.030000000000000027,0.62,0.0,1.0
962,3,0.0,0.0,-0.030000000000000027,0.030000000000000027,0.63,0.0,1.0
963,3,0.0,0.0,-0.030000000000000027,0.030000000000000027,0.64,0.0,1.0
964,3,0.0,0.0,-0.030000000000000027,0.030000000000000027,0.65,0.0,1.0
965,3,0.0,0.0,-0.030000000000000027,0.030000000000000027,0.66,0.0,1.0
966,3,0.0,0.0,-0.030000000000000027,0.030000000000000027,0.67,0.0,1.0
967,3,0.0,0.0,-0.030000000000000027,0.030000000000000027,0.68,0.0,1.0
968,3,0.0,0.0,-0.030000000000000027,0.030000000000000027,0.69,0.0,1.0
969,3,0.0,0.0,-0.030000000000000027,0.030000000000000027,0.7,0.0,1.0
970,3,0.0,0.0,-0.030000000000000027,0.030000000000000027,0.71,0.0,1.0
971,3,0.0,0.0,-0.030000000000000027,0.030000000000000027,0.72,0.0,1.0
972,3,0.0,0.0,-0.030000000000000027,0.030000000000000027,0.73,0.0,1.0
973,3,0.0,0.0,-0.030000000000000027,0.030000000000000027,0.74,0.0,1.0
974,3,0.0,0.0,-0.030000000000000027,0.030000000000000027,0.75,0.0,1.0
975,3,0.0,0.0,-0.030000000000000027,0.030000000000000027,0.76,0.0,1.0
976,3,0.0,0.0,-0.030000000000000027,0.030000000000000027,0.77,0.0,1.0
977,3,0.0,0.0,-0.030000000000000027,0.030000000000000027,0.78,0.0,1.0
978,3,0.0,0.0,-0.030000000000000027,0.030000000000000027,0.79,0.0,1.0
979,3,0.0,0.0,-0.030000000000000027,0.030000000000000027,0.8,0.0,1.0
980,3,0.0,0.0,-0.030000000000000027,0.030000000000000027,0.81,0.0,1.0
981,3,0.0,0.0,-0.030000000000000027,0.030000000000000027,0.82,0.0,1.0
982,3,0.0,0.0,-0.030000000000000027,0.030000000000000027,0.83,0.0,1.0
983,3,0.0,0.0,-0.030000000000000027,0.030000000000000027,0.84,0.0,1.0
984,3,0.0,0.0,-0.030000000000000027,0.030000000000000027,0.85,0.0,1.0
985,3,0.0,0.0,-0.030000000000000027,0.030000000000000027,0.86,0.0,1.0
986,3,0.0,0.0,-0.030000000000000027,0.030000000000000027,0.87,0.0,1.0
987,3,0.0,0.0,-0.030000000000000027,0.030000000000000027,0.88,0.0,1.0
988,3,0.0,0.0,-0.030000000000000027,0.030000000000000027,0.89,0.0,1.0
989,3,0.0,0.0,-0.030000000000000027,0.030000000000000027,0.9,0.0,1.0
990,3,0.0,0.0,-0.030000000000000027,0.030000000000000027,0.91,0.0,1.0
991,3,0.0,0.0,-0.030000000000000027,0.030000000000000027,0.92,0.0,1.0
992,3,0.0,0.0,-0.030000000000000027,0.030000000000000027,0.93,0.0,1.0
993,3,0.0,0.0,-0.030000000000000027,0.030000000000000027,0.94,0.0,1.0
994,3,0.0,0.0,-0.030000000000000027,0.030000000000000027,0.95,0.0,1.0
995,3,0.0,0.0,-0.030000000000000027,0.030000000000000027,0.96,0.0,1.0
996,3,0.0,0.0,-0.030000000000000027,0.030000000000000027,0.97,0.0,1.0
997,3,0.0,0.0,-0.030000000000000027,0.030000000000000027,0.98,0.0,1.0
998,3,0.0,0.0,-0.030000000000000027,0.030000000000000027,0.99,0.0,1.0
999,3,-0.010000000000000009,0.0,-0.030000000000000027,0.03162277660168382,1.0,0.0,1.0
1000,3,-0.020000000000000018,0.0,-0.030000000000000027,0.036055512754639925,1.01,0.0,1.0
1001,3,-0.030000000000000027,0.0,-0.030000000000000027,0.04242640687119289,1.02,0.0,1.0
1002,3,0.03,0.0,-0.020000000000000018,0.036055512754639904,-0.02,0.0,0.99
1003,3,0.02,0.0,-0.020000000000000018,0.028284271247461915,-0.01,0.0,0.99
1004,3,0.01,0.0,-0.020000000000000018,0.022360679774997914,0.0,0.0,0.99
1005,3,0.0,0.0,-0.020000000000000018,0.020000000000000018,0.01,0.0,0.99
1006,3,0.0,0.0,-0.020000000000000018,0.020000000000000018,0.02,0.0,0.99
1007,3,0.0,0.0,-0.020000000000000018,0.020000000000000018,0.03,0.0,0.99
1008,3,0.0,0.0,-0.020000000000000018,0.020000000000000018,0.04,0.0,0.99
1009,3,0.0,0.0,-0.020000000000000018,0.020000000000000018,0.05,0.0,0.99
1010,3,0.0,0.0,-0.020000000000000018,0.020000000000000018,0.06,0.0,0.99
1011,3,0.0,0.0,-0.020000000000000018,0.020000000000000018,0.07,0.0,0.99
1012,3,0.0,0.0,-0.020000000000000018,0.020000000000000018,0.08,0.0,0.99
1013,3,0.0,0.0,-0.020000000000000018,0.020000000000000018,0.09,0.0,0.99
1014,3,0.0,0.0,-0.020000000000000018,0.020000000000000018,0.1,0.0,0.99
1015,3,0.0,0.0,-0.020000000000000018,0.020000000000000018,0.11,0.0,0.99
1016,3,0.0,0.0,-0.020000000000000018,0.020000000000000018,0.12,0.0,0.99
1017,3,0.0,0.0,-0.020000000000000018,0.020000000000000018,0.13,0.0,0.99
1018,3,0.0,0.0,-0.020000000000000018,0.020000000000000018,0.14,0.0,0.99
1019,3,0.0,0.0,-0.020000000000000018,0.020000000000000018,0.15,0.0,0.99
1020,3,0.0,0.0,-0.020000000000000018,0.020000000000000018,0.16,0.0,0.99
1021,3,0.0,0.0,-0.020000000000000018,0.020000000000000018,0.17,0.0,0.99
1022,3,0.0,0.0,-0.020000000000000018,0.020000000000000018,0.18,0.0,0.99
1023,3,0.0,0.0,-0.020000000000000018,0.020000000000000018,0.19,0.0,0.99
1024,3,0.0,0.0,-0.020000000000000018,0.020000000000000018,0.2,0.0,0.99
1025,3,0.0,0.0,-0.020000000000000018,0.020000000000000018,0.21,0.0,0.99
1026,3,0.0,0.0,-0.020000000000000018,0.020000000000000018,0.22,0.0,0.99
1027,3,0.0,0.0,-0.020000000000000018,0.020000000000000018,0.23,0.0,0.99
1028,3,0.0,0.0,-0.020000000000000018,0.020000000000000018,0.24,0.0,0.99
1029,3,0.0,0.0,-0.020000000000000018,0.020000000000000018,0.25,0.0,0.99
1030,3,0.0,0.0,-0.020000000000000018,0.020000000000000018,0.26,0.0,0.99
1031,3,0.0,0.0,-0.020000000000000018,0.020000000000000018,0.27,0.0,0.99
1032,3,0.0,0.0,-0.020000000000000018,0.020000000000000018,0.28,0.0,0.99
1033,3,0.0,0.0,-0.020000000000000018,0.020000000000000018,0.29,0.0,0.99
1034,3,0.0,0.0,-0.020000000000000018,0.020000000000000018,0.3,0.0,0.99
1035,3,0.0,0.0,-0.020000000000000018,0.020000000000000018,0.31,0.0,0.99
1036,3,0.0,0.0,-0.020000000000000018,0.020000000000000018,0.32,0.0,0.99
1037,3,0.0,0.0,-0.020000000000000018,0.020000000000000018,0.33,0.0,0.99
1038,3,0.0,0.0,-0.020000000000000018,0.020000000000000018,0.34,0.0,0.99
1039,3,0.0,0.0,-0.020000000000000018,0.020000000000000018,0.35,0.0,0.99
1040,3,0.0,0.0,-0.020000000000000018,0.020000000000000018,0.36,0.0,0.99
1041,3,0.0,0.0,-0.020000000000000018,0.020000000000000018,0.37,0.0,0.99
1042,3,0.0,0.0,-0.020000000000000018,0.020000000000000018,0.38,0.0,0.99
1043,3,0.0,0.0,-0.020000000000000018,0.020000000000000018,0.39,0.0,0.99
1044,3,0.0,0.0,-0.020000000000000018,0.020000000000000018,0.4,0.0,0.99
1045,3,0.0,0.0,-0.020000000000000018,0.020000000000000018,0.41,0.0,0.99
1046,3,0.0,0.0,-0.020000000000000018,0.020000000000000018,0.42,0.0,0.99
1047,3,0.0,0.0,-0.020000000000000018,0.020000000000000018,0.43,0.0,0.99
1048,3,0.0,0.0,-0.020000000000000018,0.020000000000000018,0.44,0.0,0.99
1049,3,0.0,0.0,-0.020000000000000018,0.020000000000000018,0.45,0.0,0.99
1050,3,0.0,0.0,-0.020000000000000018,0.020000000000000018,0.46,0.0,0.99
1051,3,0.0,0.0,-0.020000000000000018,0.020000000000000018,0.47,0.0,0.99
1052,3,0.0,0.0,-0.020000000000000018,0.020000000000000018,0.48,0.0,0.99
1053,3,0.0,0.0,-0.020000000000000018,0.020000000000000018,0.49,0.0,0.99
1054,3,0.0,0.0,-0.020000000000000018,0.020000000000000018,0.5,0.0,0.99
1055,3,0.0,0.0,-0.020000000000000018,0.020000000000000018,0.51,0.0,0.99
1056,3,0.0,0.0,-0.020000000000000018,0.020000000000000018,0.52,0.0,0.99
1057,3,0.0,0.0,-0.020000000000000018,0.020000000000000018,0.53,0.0,0.99
1058,3,0.0,0.0,-0.020000000000000018,0.020000000000000018,0.54,0.0,0.99
1059,3,0.0,0.0,-0.020000000000000018,0.020000000000000018,0.55,0.0,0.99
1060,3,0.0,0.0,-0.020000000000000018,0.020000000000000018,0.56,0.0,0.99
1061,3,0.0,0.0,-0.020000000000000018,0.020000000000000018,0.57,0.0,0.99
1062,3,0.0,0.0,-0.020000000000000018,0.020000000000000018,0.58,0.0,0.99
1063,3,0.0,0.0,-0.020000000000000018,0.020000000000000018,0.59,0.0,0.99
1064,3,0.0,0.0,-0.020000000000000018,0.020000000000000018,0.6,0.0,0.99
1065,3,0.0,0.0,-0.020000000000000018,0.020000000000000018,0.61,0.0,0.99
1066,3,0.0,0.0,-0.020000000000000018,0.020000000000000018,0.62,0.0,0.99
1067,3,0.0,0.0,-0.020000000000000018,0.020000000000000018,0.63,0.0,0.99
1068,3,0.0,0.0,-0.020000000000000018,0.020000000000000018,0.64,0.0,0.99
1069,3,0.0,0.0,-0.020000000000000018,0.020000000000000018,0.65,0.0,0.99
1070,3,0.0,0.0,-0.020000000000000018,0.020000000000000018,0.66,0.0,0.99
1071,3,0.0,0.0,-0.020000000000000018,0.020000000000000018,0.67,0.0,0.99
1072,3,0.0,0.0,-0.020000000000000018,0.020000000000000018,0.68,0.0,0.99
1073,3,0.0,0.0,-0.020000000000000018,0.020000000000000018,0.69,0.0,0.99
1074,3,0.0,0.0,-0.020000000000000018,0.020000000000000018,0.7,0.0,0.99
1075,3,0.0,0.0,-0.020000000000000018,0.020000000000000018,0.71,0.0,0.99
1076,3,0.0,0.0,-0.020000000000000018,0.020000000000000018,0.72,0.0,0.99
1077,3,0.0,0.0,-0.020000000000000018,0.020000000000000018,0.73,0.0,0.99
1078,3,0.0,0.0,-0.020000000000000018,0.020000000000000018,0.74,0.0,0.99
1079,3,0.0,0.0,-0.020000000000000018,0.020000000000000018,0.75,0.0,0.99
1080,3,0.0,0.0,-0.020000000000000018,0.020000000000000018,0.76,0.0,0.99
1081,3,0.0,0.0,-0.020000000000000018,0.020000000000000018,0.77,0.0,0.99
1082,3,0.0,0.0,-0.020000000000000018,0.020000000000000018,0.78,0.0,0.99
1083,3,0.0,0.0,-0.020000000000000018,0.020000000000000018,0.79,0.0,0.99
1084,3,0.0,0.0,-0.020000000000000018,0.020000000000000018,0.8,0.0,0.99
1085,3,0.0,0.0,-0.020000000000000018,0.020000000000000018,0.81,0.0,0.99
1086,3,0.0,0.0,-0.020000000000000018,0.020000000000000018,0.82,0.0,0.99
1087,3,0.0,0.0,-0.020000000000000018,0.020000000000000018,0.83,0.0,0.99
1088,3,0.0,0.0,-0.020000000000000018,0.020000000000000018,0.84,0.0,0.99
1089,3,0.0,0.0,-0.020000000000000018,0.020000000000000018,0.85,0.0,0.99
1090,3,0.0,0.0,-0.020000000000000018,0.020000000000000018,0.86,0.0,0.99
1091,3,0.0,0.0,-0.020000000000000018,0.020000000000000018,0.87,0.0,0.99
1092,3,0.0,0.0,-0.020000000000000018,0.020000000000000018,0.88,0.0,0.99
1093,3,0.0,0.0,-0.020000000000000018,0.020000000000000018,0.89,0.0,0.99
1094,3,0.0,0.0,-0.020000000000000018,0.020000000000000018,0.9,0.0,0.99
1095,3,0.0,0.0,-0.020000000000000018,0.020000000000000018,0.91,0.0,0.99
1096,3,0.0,0.0,-0.020000000000000018,0.020000000000000018,0.92,0.0,0.99
1097,3,0.0,0.0,-0.020000000000000018,0.020000000000000018,0.93,0.0,0.99
1098,3,0.0,0.0,-0.020000000000000018,0.020000000000000018,0.94,0.0,0.99
1099,3,0.0,0.0,-0.020000000000000018,0.020000000000000018,0.95,0.0,0.99
1100,3,0.0,0.0,-0.020000000000000018,0.020000000000000018,0.96,0.0,0.99
1101,3,0.0,0.0,-0.020000000000000018,0.020000000000000018,0.97,0.0,0.99
1102,3,0.0,0.0,-0.020000000000000018,0.020000000000000018,0.98,0.0,0.99
1103,3,0.0,0.0,-0.020000000000000018,0.020000000000000018,0.99,0.0,0.99
1104,3,-0.010000000000000009,0.0,-0.020000000000000018,0.022360679774997918,1.0,0.0,0.99
1105,3,-0.020000000000000018,0.0,-0.020000000000000018,0.028284271247461926,1.01,0.0,0.99
1106,3,-0.030000000000000027,0.0,-0.020000000000000018,0.036055512754639925,1.02,0.0,0.99
1107,3,0.03,0.0,-0.010000000000000009,0.0316227766016838,-0.02,0.0,0.98
1108,3,0.02,0.0,-0.010000000000000009,0.0223606797749979,-0.01,0.0,0.98
1109,3,0.01,0.0,-0.010000000000000009,0.014142135623730958,0.0,0.0,0.98
1110,3,0.0,0.0,-0.010000000000000009,0.010000000000000009,0.01,0.0,0.98
1111,3,0.0,0.0,-0.010000000000000009,0.010000000000000009,0.02,0.0,0.98
1112,3,0.0,0.0,-0.010000000000000009,0.010000000000000009,0.03,0.0,0.98
1113,3,0.0,0.0,-0.010000000000000009,0.010000000000000009,0.04,0.0,0.98
1114,3,0.0,0.0,-0.010000000000000009,0.010000000000000009,0.05,0.0,0.98
1115,3,0.0,0.0,-0.010000000000000009,0.010000000000000009,0.06,0.0,0.98
1116,3,0.0,0.0,-0.010000000000000009,0.010000000000000009,0.07,0.0,0.98
1117,3,0.0,0.0,-0.010000000000000009,0.010000000000000009,0.08,0.0,0.98
1118,3,0.0,0.0,-0.010000000000000009,0.010000000000000009,0.09,0.0,0.98
1119,3,0.0,0.0,-0.010000000000000009,0.010000000000000009,0.1,0.0,0.98
1120,3,0.0,0.0,-0.010000000000000009,0.010000000000000009,0.11,0.0,0.98
1121,3,0.0,0.0,-0.010000000000000009,0.010000000000000009,0.12,0.0,0.98
1122,3,0.0,0.0,-0.010000000000000009,0.010000000000000009,0.13,0.0,0.98
1123,3,0.0,0.0,-0.010000000000000009,0.010000000000000009,0.14,0.0,0.98
1124,3,0.0,0.0,-0.010000000000000009,0.010000000000000009,0.15,0.0,0.98
1125,3,0.0,0.0,-0.010000000000000009,0.010000000000000009,0.16,0.0,0.98
1126,3,0.0,0.0,-0.010000000000000009,0.010000000000000009,0.17,0.0,0.98
1127,3,0.0,0.0,-0.010000000000000009,0.010000000000000009,0.18,0.0,0.98
1128,3,0.0,0.0,-0.010000000000000009,0.010000000000000009,0.19,0.0,0.98
1129,3,0.0,0.0,-0.010000000000000009,0.010000000000000009,0.2,0.0,0.98
1130,3,0.0,0.0,-0.010000000000000009,0.010000000000000009,0.21,0.0,0.98
1131,3,0.0,0.0,-0.010000000000000009,0.010000000000000009,0.22,0.0,0.98
1132,3,0.0,0.0,-0.010000000000000009,0.010000000000000009,0.23,0.0,0.98
1133,3,0.0,0.0,-0.010000000000000009,0.010000000000000009,0.24,0.0,0.98
1134,3,0.0,0.0,-0.010000000000000009,0.010000000000000009,0.25,0.0,0.98
1135,3,0.0,0.0,-0.010000000000000009,0.010000000000000009,0.26,0.0,0.98
1136,3,0.0,0.0,-0.010000000000000009,0.010000000000000009,0.27,0.0,0.98
1137,3,0.0,0.0,-0.010000000000000009,0.010000000000000009,0.28,0.0,0.98
1138,3,0.0,0.0,-0.010000000000000009,0.010000000000000009,0.29,0.0,0.98
1139,3,0.0,0.0,-0.010000000000000009,0.010000000000000009,0.3,0.0,0.98
1140,3,0.0,0.0,-0.010000000000000009,0.010000000000000009,0.31,0.0,0.98
1141,3,0.0,0.0,-0.010000000000000009,0.010000000000000009,0.32,0.0,0.98
1142,3,0.0,0.0,-0.010000000000000009,0.010000000000000009,0.33,0.0,0.98
1143,3,0.0,0.0,-0.010000000000000009,0.010000000000000009,0.34,0.0,0.98
1144,3,0.0,0.0,-0.010000000000000009,0.010000000000000009,0.35,0.0,0.98
1145,3,0.0,0.0,-0.010000000000000009,0.010000000000000009,0.36,0.0,0.98
1146,3,0.0,0.0,-0.010000000000000009,0.010000000000000009,0.37,0.0,0.98
1147,3,0.0,0.0,-0.010000000000000009,0.010000000000000009,0.38,0.0,0.98
1148,3,0.0,0.0,-0.010000000000000009,0.010000000000000009,0.39,0.0,0.98
1149,3,0.0,0.0,-0.010000000000000009,0.010000000000000009,0.4,0.0,0.98
1150,3,0.0,0.0,-0.010000000000000009,0.010000000000000009,0.41,0.0,0.98
1151,3,0.0,0.0,-0.010000000000000009,0.010000000000000009,0.42,0.0,0.98
1152,3,0.0,0.0,-0.010000000000000009,0.010000000000000009,0.43,0.0,0.98
1153,3,0.0,0.0,-0.010000000000000009,0.010000000000000009,0.44,0.0,0.98
1154,3,0.0,0.0,-0.010000000000000009,0.010000000000000009,0.45,0.0,0.98
1155,3,0.0,0.0,-0.010000000000000009,0.010000000000000009,0.46,0.0,0.98
1156,3,0.0,0.0,-0.010000000000000009,0.010000000000000009,0.47,0.0,0.98
1157,3,0.0,0.0,-0.010000000000000009,0.010000000000000009,0.48,0.0,0.98
1158,3,0.0,0.0,-0.010000000000000009,0.010000000000000009,0.49,0.0,0.98
1159,3,0.0,0.0,-0.010000000000000009,0.010000000000000009,0.5,0.0,0.98
1160,3,0.0,0.0,-0.010000000000000009,0.010000000000000009,0.51,0.0,0.98
1161,3,0.0,0.0,-0.010000000000000009,0.010000000000000009,0.52,0.0,0.98
1162,3,0.0,0.0,-0.010000000000000009,0.010000000000000009,0.53,0.0,0.98
1163,3,0.0,0.0,-0.010000000000000009,0.010000000000000009,0.54,0.0,0.98
1164,3,0.0,0.0,-0.010000000000000009,0.010000000000000009,0.55,0.0,0.98
1165,3,0.0,0.0,-0.010000000000000009,0.010000000000000009,0.56,0.0,0.98
1166,3,0.0,0.0,-0.010000000000000009,0.010000000000000009,0.57,0.0,0.98
1167,3,0.0,0.0,-0.010000000000000009,0.010000000000000009,0.58,0.0,0.98
1168,3,0.0,0.0,-0.010000000000000009,0.010000000000000009,0.59,0.0,0.98
1169,3,0.0,0.0,-0.010000000000000009,0.010000000000000009,0.6,0.0,0.98
1170,3,0.0,0.0,-0.010000000000000009,0.010000000000000009,0.61,0.0,0.98
1171,3,0.0,0.0,-0.010000000000000009,0.010000000000000009,0.62,0.0,0.98
1172,3,0.0,0.0,-0.010000000000000009,0.010000000000000009,0.63,0.0,0.98
1173,3,0.0,0.0,-0.010000000000000009,0.010000000000000009,0.64,0.0,0.98
1174,3,0.0,0.0,-0.010000000000000009,0.010000000000000009,0.65,0.0,0.98
1175,3,0.0,0.0,-0.010000000000000009,0.010000000000000009,0.66,0.0,0.98
1176,3,0.0,0.0,-0.010000000000000009,0.010000000000000009,0.67,0.0,0.98
1177,3,0.0,0.0,-0.010000000000000009,0.010000000000000009,0.68,0.0,0.98
1178,3,0.0,0.0,-0.010000000000000009,0.010000000000000009,0.69,0.0,0.98
1179,3,0.0,0.0,-0.010000000000000009,0.010000000000000009,0.7,0.0,0.98
1180,3,0.0,0.0,-0.010000000000000009,0.010000000000000009,0.71,0.0,0.98
1181,3,0.0,0.0,-0.010000000000000009,0.010000000000000009,0.72,0.0,0.98
1182,3,0.0,0.0,-0.010000000000000009,0.010000000000000009,0.73,0.0,0.98
1183,3,0.0,0.0,-0.010000000000000009,0.010000000000000009,0.74,0.0,0.98
1184,3,0.0,0.0,-0.010000000000000009,0.010000000000000009,0.75,0.0,0.98
1185,3,0.0,0.0,-0.010000000000000009,0.010000000000000009,0.76,0.0,0.98
1186,3,0.0,0.0,-0.010000000000000009,0.010000000000000009,0.77,0.0,0.98
1187,3,0.0,0.0,-0.010000000000000009,0.010000000000000009,0.78,0.0,0.98
1188,3,0.0,0.0,-0.010000000000000009,0.010000000000000009,0.79,0.0,0.98
1189,3,0.0,0.0,-0.010000000000000009,0.010000000000000009,0.8,0.0,0.98
1190,3,0.0,0.0,-0.010000000000000009,0.010000000000000009,0.81,0.0,0.98
1191,3,0.0,0.0,-0.010000000000000009,0.010000000000000009,0.82,0.0,0.98
1192,3,0.0,0.0,-0.010000000000000009,0.010000000000000009,0.83,0.0,0.98
1193,3,0.0,0.0,-0.010000000000000009,0.010000000000000009,0.84,0.0,0.98
1194,3,0.0,0.0,-0.010000000000000009,0.010000000000000009,0.85,0.0,0.98
1195,3,0.0,0.0,-0.010000000000000009,0.010000000000000009,0.86,0.0,0.98
1196,3,0.0,0.0,-0.010000000000000009,0.010000000000000009,0.87,0.0,0.98
1197,3,0.0,0.0,-0.010000000000000009,0.010000000000000009,0.88,0.0,0.98
1198,3,0.0,0.0,-0.010000000000000009,0.010000000000000009,0.89,0.0,0.98
1199,3,0.0,0.0,-0.010000000000000009,0.010000000000000009,0.9,0.0,0.98
1200,3,0.0,0.0,-0.010000000000000009,0.010000000000000009,0.91,0.0,0.98
1201,3,0.0,0.0,-0.010000000000000009,0.010000000000000009,0.92,0.0,0.98
1202,3,0.0,0.0,-0.010000000000000009,0.010000000000000009,0.93,0.0,0.98
1203,3,0.0,0.0,-0.010000000000000009,0.010000000000000009,0.94,0.0,0.98
1204,3,0.0,0.0,-0.010000000000000009,0.010000000000000009,0.95,0.0,0.98
1205,3,0.0,0.0,-0.010000000000000009,0.010000000000000009,0.96,0.0,0.98
1206,3,0.0,0.0,-0.010000000000000009,0.010000000000000009,0.97,0.0,0.98
1207,3,0.0,0.0,-0.010000000000000009,0.010000000000000009,0.98,0.0,0.98
1208,3,0.0,0.0,-0.010000000000000009,0.010000000000000009,0.99,0.0,0.98
1209,3,-0.010000000000000009,0.0,-0.010000000000000009,0.014142135623730963,1.0,0.0,0.98
1210,3,-0.020000000000000018,0.0,-0.010000000000000009,0.022360679774997918,1.01,0.0,0.98
1211,3,-0.030000000000000027,0.0,-0.010000000000000009,0.03162277660168382,1.02,0.0,0.98
