"Idp","Vel:0","Vel:1","Vel:2","Rhop","Points:0","Points:1","Points:2"
0,0,0,0,1000.0,-0.04,0.0,-0.04
1,0,0,0,1000.0,-0.02,0.0,-0.04
2,0,0,0,1000.0,0.0,0.0,-0.04
3,0,0,0,1000.0,0.02,0.0,-0.04
4,0,0,0,1000.0,0.04,0.0,-0.04
5,0,0,0,1000.0,0.06,0.0,-0.04
6,0,0,0,1000.0,0.08,0.0,-0.04
7,0,0,0,1000.0,0.1,0.0,-0.04
8,0,0,0,1000.0,0.12,0.0,-0.04
9,0,0,0,1000.0,0.14,0.0,-0.04
10,0,0,0,1000.0,0.16,0.0,-0.04
11,0,0,0,1000.0,0.18,0.0,-0.04
12,0,0,0,1000.0,0.2,0.0,-0.04
13,0,0,0,1000.0,0.22,0.0,-0.04
14,0,0,0,1000.0,0.24,0.0,-0.04
15,0,0,0,1000.0,0.26,0.0,-0.04
16,0,0,0,1000.0,0.28,0.0,-0.04
17,0,0,0,1000.0,0.3,0.0,-0.04
18,0,0,0,1000.0,0.32,0.0,-0.04
19,0,0,0,1000.0,0.34,0.0,-0.04
20,0,0,0,1000.0,0.36,0.0,-0.04
21,0,0,0,1000.0,0.38,0.0,-0.04
22,0,0,0,1000.0,0.4,0.0,-0.04
23,0,0,0,1000.0,0.42,0.0,-0.04
24,0,0,0,1000.0,0.44,0.0,-0.04
25,0,0,0,1000.0,0.46,0.0,-0.04
26,0,0,0,1000.0,0.48,0.0,-0.04
27,0,0,0,1000.0,0.5,0.0,-0.04
28,0,0,0,1000.0,0.52,0.0,-0.04
29,0,0,0,1000.0,0.54,0.0,-0.04
30,0,0,0,1000.0,0.56,0.0,-0.04
31,0,0,0,1000.0,0.58,0.0,-0.04
32,0,0,0,1000.0,0.6,0.0,-0.04
33,0,0,0,1000.0,0.62,0.0,-0.04
34,0,0,0,1000.0,0.64,0.0,-0.04
35,0,0,0,1000.0,0.66,0.0,-0.04
36,0,0,0,1000.0,0.68,0.0,-0.04
37,0,0,0,1000.0,0.7,0.0,-0.04
38,0,0,0,1000.0,0.72,0.0,-0.04
39,0,0,0,1000.0,0.74,0.0,-0.04
40,0,0,0,1000.0,0.76,0.0,-0.04
41,0,0,0,1000.0,0.78,0.0,-0.04
42,0,0,0,1000.0,0.8,0.0,-0.04
43,0,0,0,1000.0,0.82,0.0,-0.04
44,0,0,0,1000.0,0.84,0.0,-0.04
45,0,0,0,1000.0,0.86,0.0,-0.04
46,0,0,0,1000.0,1.34,0.0,-0.04
47,0,0,0,1000.0,1.36,0.0,-0.04
48,0,0,0,1000.0,1.38,0.0,-0.04
49,0,0,0,1000.0,1.4,0.0,-0.04
50,0,0,0,1000.0,1.42,0.0,-0.04
51,0,0,0,1000.0,1.44,0.0,-0.04
52,0,0,0,1000.0,1.46,0.0,-0.04
53,0,0,0,1000.0,1.48,0.0,-0.04
54,0,0,0,1000.0,1.5,0.0,-0.04
55,0,0,0,1000.0,1.52,0.0,-0.04
56,0,0,0,1000.0,1.54,0.0,-0.04
57,0,0,0,1000.0,1.56,0.0,-0.04
58,0,0,0,1000.0,1.58,0.0,-0.04
59,0,0,0,1000.0,1.6,0.0,-0.04
60,0,0,0,1000.0,1.62,0.0,-0.04
61,0,0,0,1000.0,1.64,0.0,-0.04
62,0,0,0,1000.0,1.66,0.0,-0.04
63,0,0,0,1000.0,1.68,0.0,-0.04
64,0,0,0,1000.0,1.7,0.0,-0.04
65,0,0,0,1000.0,1.72,0.0,-0.04
66,0,0,0,1000.0,1.74,0.0,-0.04
67,0,0,0,1000.0,1.76,0.0,-0.04
68,0,0,0,1000.0,1.78,0.0,-0.04
69,0,0,0,1000.0,1.8,0.0,-0.04
70,0,0,0,1000.0,1.82,0.0,-0.04
71,0,0,0,1000.0,1.84,0.0,-0.04
72,0,0,0,1000.0,1.86,0.0,-0.04
73,0,0,0,1000.0,1.88,0.0,-0.04
74,0,0,0,1000.0,1.9,0.0,-0.04
75,0,0,0,1000.0,1.92,0.0,-0.04
76,0,0,0,1000.0,1.94,0.0,-0.04
77,0,0,0,1000.0,1.96,0.0,-0.04
78,0,0,0,1000.0,1.98,0.0,-0.04
79,0,0,0,1000.0,2.0,0.0,-0.04
80,0,0,0,1000.0,2.02,0.0,-0.04
81,0,0,0,1000.0,2.04,0.0,-0.04
82,0,0,0,1000.0,2.06,0.0,-0.04
83,0,0,0,1000.0,2.08,0.0,-0.04
84,0,0,0,1000.0,2.1,0.0,-0.04
85,0,0,0,1000.0,2.12,0.0,-0.04
86,0,0,0,1000.0,2.14,0.0,-0.04
87,0,0,0,1000.0,2.16,0.0,-0.04
88,0,0,0,1000.0,2.18,0.0,-0.04
89,0,0,0,1000.0,2.2,0.0,-0.04
90,0,0,0,1000.0,2.22,0.0,-0.04
91,0,0,0,1000.0,2.24,0.0,-0.04
92,0,0,0,1000.0,-0.04,0.0,-0.02
93,0,0,0,1000.0,-0.02,0.0,-0.02
94,0,0,0,1000.0,0.0,0.0,-0.02
95,0,0,0,1000.0,0.02,0.0,-0.02
96,0,0,0,1000.0,0.04,0.0,-0.02
97,0,0,0,1000.0,0.06,0.0,-0.02
98,0,0,0,1000.0,0.08,0.0,-0.02
99,0,0,0,1000.0,0.1,0.0,-0.02
100,0,0,0,1000.0,0.12,0.0,-0.02
101,0,0,0,1000.0,0.14,0.0,-0.02
102,0,0,0,1000.0,0.16,0.0,-0.02
103,0,0,0,1000.0,0.18,0.0,-0.02
104,0,0,0,1000.0,0.2,0.0,-0.02
105,0,0,0,1000.0,0.22,0.0,-0.02
106,0,0,0,1000.0,0.24,0.0,-0.02
107,0,0,0,1000.0,0.26,0.0,-0.02
108,0,0,0,1000.0,0.28,0.0,-0.02
109,0,0,0,1000.0,0.3,0.0,-0.02
110,0,0,0,1000.0,0.32,0.0,-0.02
111,0,0,0,1000.0,0.34,0.0,-0.02
112,0,0,0,1000.0,0.36,0.0,-0.02
113,0,0,0,1000.0,0.38,0.0,-0.02
114,0,0,0,1000.0,0.4,0.0,-0.02
115,0,0,0,1000.0,0.42,0.0,-0.02
116,0,0,0,1000.0,0.44,0.0,-0.02
117,0,0,0,1000.0,0.46,0.0,-0.02
118,0,0,0,1000.0,0.48,0.0,-0.02
119,0,0,0,1000.0,0.5,0.0,-0.02
120,0,0,0,1000.0,0.52,0.0,-0.02
121,0,0,0,1000.0,0.54,0.0,-0.02
122,0,0,0,1000.0,0.56,0.0,-0.02
123,0,0,0,1000.0,0.58,0.0,-0.02
124,0,0,0,1000.0,0.6,0.0,-0.02
125,0,0,0,1000.0,0.62,0.0,-0.02
126,0,0,0,1000.0,0.64,0.0,-0.02
127,0,0,0,1000.0,0.66,0.0,-0.02
128,0,0,0,1000.0,0.68,0.0,-0.02
129,0,0,0,1000.0,0.7,0.0,-0.02
130,0,0,0,1000.0,0.72,0.0,-0.02
131,0,0,0,1000.0,0.74,0.0,-0.02
132,0,0,0,1000.0,0.76,0.0,-0.02
133,0,0,0,1000.0,0.78,0.0,-0.02
134,0,0,0,1000.0,0.8,0.0,-0.02
135,0,0,0,1000.0,0.82,0.0,-0.02
136,0,0,0,1000.0,0.84,0.0,-0.02
137,0,0,0,1000.0,0.86,0.0,-0.02
138,0,0,0,1000.0,0.88,0.0,-0.02
139,0,0,0,1000.0,1.32,0.0,-0.02
140,0,0,0,1000.0,1.34,0.0,-0.02
141,0,0,0,1000.0,1.36,0.0,-0.02
142,0,0,0,1000.0,1.38,0.0,-0.02
143,0,0,0,1000.0,1.4,0.0,-0.02
144,0,0,0,1000.0,1.42,0.0,-0.02
145,0,0,0,1000.0,1.44,0.0,-0.02
146,0,0,0,1000.0,1.46,0.0,-0.02
147,0,0,0,1000.0,1.48,0.0,-0.02
148,0,0,0,1000.0,1.5,0.0,-0.02
149,0,0,0,1000.0,1.52,0.0,-0.02
150,0,0,0,1000.0,1.54,0.0,-0.02
151,0,0,0,1000.0,1.56,0.0,-0.02
152,0,0,0,1000.0,1.58,0.0,-0.02
153,0,0,0,1000.0,1.6,0.0,-0.02
154,0,0,0,1000.0,1.62,0.0,-0.02
155,0,0,0,1000.0,1.64,0.0,-0.02
156,0,0,0,1000.0,1.66,0.0,-0.02
157,0,0,0,1000.0,1.68,0.0,-0.02
158,0,0,0,1000.0,1.7,0.0,-0.02
159,0,0,0,1000.0,1.72,0.0,-0.02
160,0,0,0,1000.0,1.74,0.0,-0.02
161,0,0,0,1000.0,1.76,0.0,-0.02
162,0,0,0,1000.0,1.78,0.0,-0.02
163,0,0,0,1000.0,1.8,0.0,-0.02
164,0,0,0,1000.0,1.82,0.0,-0.02
165,0,0,0,1000.0,1.84,0.0,-0.02
166,0,0,0,1000.0,1.86,0.0,-0.02
167,0,0,0,1000.0,1.88,0.0,-0.02
168,0,0,0,1000.0,1.9,0.0,-0.02
169,0,0,0,1000.0,1.92,0.0,-0.02
170,0,0,0,1000.0,1.94,0.0,-0.02
171,0,0,0,1000.0,1.96,0.0,-0.02
172,0,0,0,1000.0,1.98,0.0,-0.02
173,0,0,0,1000.0,2.0,0.0,-0.02
174,0,0,0,1000.0,2.02,0.0,-0.02
175,0,0,0,1000.0,2.04,0.0,-0.02
176,0,0,0,1000.0,2.06,0.0,-0.02
177,0,0,0,1000.0,2.08,0.0,-0.02
178,0,0,0,1000.0,2.1,0.0,-0.02
179,0,0,0,1000.0,2.12,0.0,-0.02
180,0,0,0,1000.0,2.14,0.0,-0.02
181,0,0,0,1000.0,2.16,0.0,-0.02
182,0,0,0,1000.0,2.18,0.0,-0.02
183,0,0,0,1000.0,2.2,0.0,-0.02
184,0,0,0,1000.0,2.22,0.0,-0.02
185,0,0,0,1000.0,2.24,0.0,-0.02
186,0,0,0,1000.0,-0.04,0.0,0.0
187,0,0,0,1000.0,-0.02,0.0,0.0
188,0,0,0,1000.0,0.0,0.0,0.0
189,0,0,0,1000.0,0.02,0.0,0.0
190,0,0,0,1000.0,0.04,0.0,0.0
191,0,0,0,1000.0,0.06,0.0,0.0
192,0,0,0,1000.0,0.08,0.0,0.0
193,0,0,0,1000.0,0.1,0.0,0.0
194,0,0,0,1000.0,0.12,0.0,0.0
195,0,0,0,1000.0,0.14,0.0,0.0
196,0,0,0,1000.0,0.16,0.0,0.0
197,0,0,0,1000.0,0.18,0.0,0.0
198,0,0,0,1000.0,0.2,0.0,0.0
199,0,0,0,1000.0,0.22,0.0,0.0
200,0,0,0,1000.0,0.24,0.0,0.0
201,0,0,0,1000.0,0.26,0.0,0.0
202,0,0,0,1000.0,0.28,0.0,0.0
203,0,0,0,1000.0,0.3,0.0,0.0
204,0,0,0,1000.0,0.32,0.0,0.0
205,0,0,0,1000.0,0.34,0.0,0.0
206,0,0,0,1000.0,0.36,0.0,0.0
207,0,0,0,1000.0,0.38,0.0,0.0
208,0,0,0,1000.0,0.4,0.0,0.0
209,0,0,0,1000.0,0.42,0.0,0.0
210,0,0,0,1000.0,0.44,0.0,0.0
211,0,0,0,1000.0,0.46,0.0,0.0
212,0,0,0,1000.0,0.48,0.0,0.0
213,0,0,0,1000.0,0.5,0.0,0.0
214,0,0,0,1000.0,0.52,0.0,0.0
215,0,0,0,1000.0,0.54,0.0,0.0
216,0,0,0,1000.0,0.56,0.0,0.0
217,0,0,0,1000.0,0.58,0.0,0.0
218,0,0,0,1000.0,0.6,0.0,0.0
219,0,0,0,1000.0,0.62,0.0,0.0
220,0,0,0,1000.0,0.64,0.0,0.0
221,0,0,0,1000.0,0.66,0.0,0.0
222,0,0,0,1000.0,0.68,0.0,0.0
223,0,0,0,1000.0,0.7,0.0,0.0
224,0,0,0,1000.0,0.72,0.0,0.0
225,0,0,0,1000.0,0.74,0.0,0.0
226,0,0,0,1000.0,0.76,0.0,0.0
227,0,0,0,1000.0,0.78,0.0,0.0
228,0,0,0,1000.0,0.8,0.0,0.0
229,0,0,0,1000.0,0.82,0.0,0.0
230,0,0,0,1000.0,0.84,0.0,0.0
231,0,0,0,1000.0,0.86,0.0,0.0
232,0,0,0,1000.0,0.88,0.0,0.0
233,0,0,0,1000.0,0.9,0.0,0.0
234,0,0,0,1000.0,1.3,0.0,0.0
235,0,0,0,1000.0,1.32,0.0,0.0
236,0,0,0,1000.0,1.34,0.0,0.0
237,0,0,0,1000.0,1.36,0.0,0.0
238,0,0,0,1000.0,1.38,0.0,0.0
239,0,0,0,1000.0,1.4,0.0,0.0
240,0,0,0,1000.0,1.42,0.0,0.0
241,0,0,0,1000.0,1.44,0.0,0.0
242,0,0,0,1000.0,1.46,0.0,0.0
243,0,0,0,1000.0,1.48,0.0,0.0
244,0,0,0,1000.0,1.5,0.0,0.0
245,0,0,0,1000.0,1.52,0.0,0.0
246,0,0,0,1000.0,1.54,0.0,0.0
247,0,0,0,1000.0,1.56,0.0,0.0
248,0,0,0,1000.0,1.58,0.0,0.0
249,0,0,0,1000.0,1.6,0.0,0.0
250,0,0,0,1000.0,1.62,0.0,0.0
251,0,0,0,1000.0,1.64,0.0,0.0
252,0,0,0,1000.0,1.66,0.0,0.0
253,0,0,0,1000.0,1.68,0.0,0.0
254,0,0,0,1000.0,1.7,0.0,0.0
255,0,0,0,1000.0,1.72,0.0,0.0
256,0,0,0,1000.0,1.74,0.0,0.0
257,0,0,0,1000.0,1.76,0.0,0.0
258,0,0,0,1000.0,1.78,0.0,0.0
259,0,0,0,1000.0,1.8,0.0,0.0
260,0,0,0,1000.0,1.82,0.0,0.0
261,0,0,0,1000.0,1.84,0.0,0.0
262,0,0,0,1000.0,1.86,0.0,0.0
263,0,0,0,1000.0,1.88,0.0,0.0
264,0,0,0,1000.0,1.9,0.0,0.0
265,0,0,0,1000.0,1.92,0.0,0.0
266,0,0,0,1000.0,1.94,0.0,0.0
267,0,0,0,1000.0,1.96,0.0,0.0
268,0,0,0,1000.0,1.98,0.0,0.0
269,0,0,0,1000.0,2.0,0.0,0.0
270,0,0,0,1000.0,2.02,0.0,0.0
271,0,0,0,1000.0,2.04,0.0,0.0
272,0,0,0,1000.0,2.06,0.0,0.0
273,0,0,0,1000.0,2.08,0.0,0.0
274,0,0,0,1000.0,2.1,0.0,0.0
275,0,0,0,1000.0,2.12,0.0,0.0
276,0,0,0,1000.0,2.14,0.0,0.0
277,0,0,0,1000.0,2.16,0.0,0.0
278,0,0,0,1000.0,2.18,0.0,0.0
279,0,0,0,1000.0,2.2,0.0,0.0
280,0,0,0,1000.0,2.22,0.0,0.0
281,0,0,0,1000.0,2.24,0.0,0.0
282,0,0,0,1000.0,-0.04,0.0,0.02
283,0,0,0,1000.0,-0.02,0.0,0.02
284,0,0,0,1000.0,0.0,0.0,0.02
285,0,0,0,1000.0,0.86,0.0,0.02
286,0,0,0,1000.0,0.88,0.0,0.02
287,0,0,0,1000.0,0.9,0.0,0.02
288,0,0,0,1000.0,0.92,0.0,0.02
289,0,0,0,1000.0,1.28,0.0,0.02
290,0,0,0,1000.0,1.3,0.0,0.02
291,0,0,0,1000.0,1.32,0.0,0.02
292,0,0,0,1000.0,1.34,0.0,0.02
293,0,0,0,1000.0,2.2,0.0,0.02
294,0,0,0,1000.0,2.22,0.0,0.02
295,0,0,0,1000.0,2.24,0.0,0.02
296,0,0,0,1000.0,-0.04,0.0,0.04
297,0,0,0,1000.0,-0.02,0.0,0.04
298,0,0,0,1000.0,0.0,0.0,0.04
299,0,0,0,1000.0,0.88,0.0,0.04
300,0,0,0,1000.0,0.9,0.0,0.04
301,0,0,0,1000.0,0.92,0.0,0.04
302,0,0,0,1000.0,0.94,0.0,0.04
303,0,0,0,1000.0,1.26,0.0,0.04
304,0,0,0,1000.0,1.28,0.0,0.04
305,0,0,0,1000.0,1.3,0.0,0.04
306,0,0,0,1000.0,1.32,0.0,0.04
307,0,0,0,1000.0,2.2,0.0,0.04
308,0,0,0,1000.0,2.22,0.0,0.04
309,0,0,0,1000.0,2.24,0.0,0.04
310,0,0,0,1000.0,-0.04,0.0,0.06
311,0,0,0,1000.0,-0.02,0.0,0.06
312,0,0,0,1000.0,0.0,0.0,0.06
313,0,0,0,1000.0,0.9,0.0,0.06
314,0,0,0,1000.0,0.92,0.0,0.06
315,0,0,0,1000.0,0.94,0.0,0.06
316,0,0,0,1000.0,0.96,0.0,0.06
317,0,0,0,1000.0,1.24,0.0,0.06
318,0,0,0,1000.0,1.26,0.0,0.06
319,0,0,0,1000.0,1.28,0.0,0.06
320,0,0,0,1000.0,1.3,0.0,0.06
321,0,0,0,1000.0,2.2,0.0,0.06
322,0,0,0,1000.0,2.22,0.0,0.06
323,0,0,0,1000.0,2.24,0.0,0.06
324,0,0,0,1000.0,-0.04,0.0,0.08
325,0,0,0,1000.0,-0.02,0.0,0.08
326,0,0,0,1000.0,0.0,0.0,0.08
327,0,0,0,1000.0,0.92,0.0,0.08
328,0,0,0,1000.0,0.94,0.0,0.08
329,0,0,0,1000.0,0.96,0.0,0.08
330,0,0,0,1000.0,0.98,0.0,0.08
331,0,0,0,1000.0,1.22,0.0,0.08
332,0,0,0,1000.0,1.24,0.0,0.08
333,0,0,0,1000.0,1.26,0.0,0.08
334,0,0,0,1000.0,1.28,0.0,0.08
335,0,0,0,1000.0,2.2,0.0,0.08
336,0,0,0,1000.0,2.22,0.0,0.08
337,0,0,0,1000.0,2.24,0.0,0.08
338,0,0,0,1000.0,-0.04,0.0,0.1
339,0,0,0,1000.0,-0.02,0.0,0.1
340,0,0,0,1000.0,0.0,0.0,0.1
341,0,0,0,1000.0,0.94,0.0,0.1
342,0,0,0,1000.0,0.96,0.0,0.1
343,0,0,0,1000.0,0.98,0.0,0.1
344,0,0,0,1000.0,1.0,0.0,0.1
345,0,0,0,1000.0,1.2,0.0,0.1
346,0,0,0,1000.0,1.22,0.0,0.1
347,0,0,0,1000.0,1.24,0.0,0.1
348,0,0,0,1000.0,1.26,0.0,0.1
349,0,0,0,1000.0,2.2,0.0,0.1
350,0,0,0,1000.0,2.22,0.0,0.1
351,0,0,0,1000.0,2.24,0.0,0.1
352,0,0,0,1000.0,-0.04,0.0,0.12
353,0,0,0,1000.0,-0.02,0.0,0.12
354,0,0,0,1000.0,0.0,0.0,0.12
355,0,0,0,1000.0,0.96,0.0,0.12
356,0,0,0,1000.0,0.98,0.0,0.12
357,0,0,0,1000.0,1.0,0.0,0.12
358,0,0,0,1000.0,1.02,0.0,0.12
359,0,0,0,1000.0,1.18,0.0,0.12
360,0,0,0,1000.0,1.2,0.0,0.12
361,0,0,0,1000.0,1.22,0.0,0.12
362,0,0,0,1000.0,1.24,0.0,0.12
363,0,0,0,1000.0,2.2,0.0,0.12
364,0,0,0,1000.0,2.22,0.0,0.12
365,0,0,0,1000.0,2.24,0.0,0.12
366,0,0,0,1000.0,-0.04,0.0,0.14
367,0,0,0,1000.0,-0.02,0.0,0.14
368,0,0,0,1000.0,0.0,0.0,0.14
369,0,0,0,1000.0,0.98,0.0,0.14
370,0,0,0,1000.0,1.0,0.0,0.14
371,0,0,0,1000.0,1.02,0.0,0.14
372,0,0,0,1000.0,1.04,0.0,0.14
373,0,0,0,1000.0,1.16,0.0,0.14
374,0,0,0,1000.0,1.18,0.0,0.14
375,0,0,0,1000.0,1.2,0.0,0.14
376,0,0,0,1000.0,1.22,0.0,0.14
377,0,0,0,1000.0,2.2,0.0,0.14
378,0,0,0,1000.0,2.22,0.0,0.14
379,0,0,0,1000.0,2.24,0.0,0.14
380,0,0,0,1000.0,-0.04,0.0,0.16
381,0,0,0,1000.0,-0.02,0.0,0.16
382,0,0,0,1000.0,0.0,0.0,0.16
383,0,0,0,1000.0,1.0,0.0,0.16
384,0,0,0,1000.0,1.02,0.0,0.16
385,0,0,0,1000.0,1.04,0.0,0.16
386,0,0,0,1000.0,1.06,0.0,0.16
387,0,0,0,1000.0,1.14,0.0,0.16
388,0,0,0,1000.0,1.16,0.0,0.16
389,0,0,0,1000.0,1.18,0.0,0.16
390,0,0,0,1000.0,1.2,0.0,0.16
391,0,0,0,1000.0,2.2,0.0,0.16
392,0,0,0,1000.0,2.22,0.0,0.16
393,0,0,0,1000.0,2.24,0.0,0.16
394,0,0,0,1000.0,-0.04,0.0,0.18
395,0,0,0,1000.0,-0.02,0.0,0.18
396,0,0,0,1000.0,0.0,0.0,0.18
397,0,0,0,1000.0,1.02,0.0,0.18
398,0,0,0,1000.0,1.04,0.0,0.18
399,0,0,0,1000.0,1.06,0.0,0.18
400,0,0,0,1000.0,1.08,0.0,0.18
401,0,0,0,1000.0,1.12,0.0,0.18
402,0,0,0,1000.0,1.14,0.0,0.18
403,0,0,0,1000.0,1.16,0.0,0.18
404,0,0,0,1000.0,1.18,0.0,0.18
405,0,0,0,1000.0,2.2,0.0,0.18
406,0,0,0,1000.0,2.22,0.0,0.18
407,0,0,0,1000.0,2.24,0.0,0.18
408,0,0,0,1000.0,-0.04,0.0,0.2
409,0,0,0,1000.0,-0.02,0.0,0.2
410,0,0,0,1000.0,0.0,0.0,0.2
411,0,0,0,1000.0,1.04,0.0,0.2
412,0,0,0,1000.0,1.06,0.0,0.2
413,0,0,0,1000.0,1.08,0.0,0.2
414,0,0,0,1000.0,1.1,0.0,0.2
415,0,0,0,1000.0,1.12,0.0,0.2
416,0,0,0,1000.0,1.14,0.0,0.2
417,0,0,0,1000.0,1.16,0.0,0.2
418,0,0,0,1000.0,2.2,0.0,0.2
419,0,0,0,1000.0,2.22,0.0,0.2
420,0,0,0,1000.0,2.24,0.0,0.2
421,0,0,0,1000.0,-0.04,0.0,0.22
422,0,0,0,1000.0,-0.02,0.0,0.22
423,0,0,0,1000.0,0.0,0.0,0.22
424,0,0,0,1000.0,1.06,0.0,0.22
425,0,0,0,1000.0,1.08,0.0,0.22
426,0,0,0,1000.0,1.1,0.0,0.22
427,0,0,0,1000.0,1.12,0.0,0.22
428,0,0,0,1000.0,1.14,0.0,0.22
429,0,0,0,1000.0,2.2,0.0,0.22
430,0,0,0,1000.0,2.22,0.0,0.22
431,0,0,0,1000.0,2.24,0.0,0.22
432,0,0,0,1000.0,-0.04,0.0,0.24
433,0,0,0,1000.0,-0.02,0.0,0.24
434,0,0,0,1000.0,0.0,0.0,0.24
435,0,0,0,1000.0,1.08,0.0,0.24
436,0,0,0,1000.0,1.1,0.0,0.24
437,0,0,0,1000.0,1.12,0.0,0.24
438,0,0,0,1000.0,2.2,0.0,0.24
439,0,0,0,1000.0,2.22,0.0,0.24
440,0,0,0,1000.0,2.24,0.0,0.24
441,0,0,0,1000.0,-0.04,0.0,0.26
442,0,0,0,1000.0,-0.02,0.0,0.26
443,0,0,0,1000.0,0.0,0.0,0.26
444,0,0,0,1000.0,1.1,0.0,0.26
445,0,0,0,1000.0,2.2,0.0,0.26
446,0,0,0,1000.0,2.22,0.0,0.26
447,0,0,0,1000.0,2.24,0.0,0.26
448,0,0,0,1000.0,-0.04,0.0,0.28
449,0,0,0,1000.0,-0.02,0.0,0.28
450,0,0,0,1000.0,0.0,0.0,0.28
451,0,0,0,1000.0,2.2,0.0,0.28
452,0,0,0,1000.0,2.22,0.0,0.28
453,0,0,0,1000.0,2.24,0.0,0.28
454,0,0,0,1000.0,-0.04,0.0,0.3
455,0,0,0,1000.0,-0.02,0.0,0.3
456,0,0,0,1000.0,0.0,0.0,0.3
457,0,0,0,1000.0,2.2,0.0,0.3
458,0,0,0,1000.0,2.22,0.0,0.3
459,0,0,0,1000.0,2.24,0.0,0.3
460,0,0,0,1000.0,-0.04,0.0,0.32
461,0,0,0,1000.0,-0.02,0.0,0.32
462,0,0,0,1000.0,0.0,0.0,0.32
463,0,0,0,1000.0,2.2,0.0,0.32
464,0,0,0,1000.0,2.22,0.0,0.32
465,0,0,0,1000.0,2.24,0.0,0.32
466,0,0,0,1000.0,-0.04,0.0,0.34
467,0,0,0,1000.0,-0.02,0.0,0.34
468,0,0,0,1000.0,0.0,0.0,0.34
469,0,0,0,1000.0,2.2,0.0,0.34
470,0,0,0,1000.0,2.22,0.0,0.34
471,0,0,0,1000.0,2.24,0.0,0.34
472,0,0,0,1000.0,-0.04,0.0,0.36
473,0,0,0,1000.0,-0.02,0.0,0.36
474,0,0,0,1000.0,0.0,0.0,0.36
475,0,0,0,1000.0,0.9,0.0,0.36
476,0,0,0,1000.0,0.92,0.0,0.36
477,0,0,0,1000.0,0.94,0.0,0.36
478,0,0,0,1000.0,0.96,0.0,0.36
479,0,0,0,1000.0,0.98,0.0,0.36
480,0,0,0,1000.0,1.0,0.0,0.36
481,0,0,0,1000.0,1.02,0.0,0.36
482,0,0,0,1000.0,1.04,0.0,0.36
483,0,0,0,1000.0,1.06,0.0,0.36
484,0,0,0,1000.0,1.08,0.0,0.36
485,0,0,0,1000.0,1.1,0.0,0.36
486,0,0,0,1000.0,1.12,0.0,0.36
487,0,0,0,1000.0,1.14,0.0,0.36
488,0,0,0,1000.0,1.16,0.0,0.36
489,0,0,0,1000.0,1.18,0.0,0.36
490,0,0,0,1000.0,1.2,0.0,0.36
491,0,0,0,1000.0,1.22,0.0,0.36
492,0,0,0,1000.0,1.24,0.0,0.36
493,0,0,0,1000.0,1.26,0.0,0.36
494,0,0,0,1000.0,1.28,0.0,0.36
495,0,0,0,1000.0,1.3,0.0,0.36
496,0,0,0,1000.0,2.2,0.0,0.36
497,0,0,0,1000.0,2.22,0.0,0.36
498,0,0,0,1000.0,2.24,0.0,0.36
499,0,0,0,1000.0,-0.04,0.0,0.38
500,0,0,0,1000.0,-0.02,0.0,0.38
501,0,0,0,1000.0,0.0,0.0,0.38
502,0,0,0,1000.0,0.9,0.0,0.38
503,0,0,0,1000.0,0.92,0.0,0.38
504,0,0,0,1000.0,0.94,0.0,0.38
505,0,0,0,1000.0,0.96,0.0,0.38
506,0,0,0,1000.0,0.98,0.0,0.38
507,0,0,0,1000.0,1.0,0.0,0.38
508,0,0,0,1000.0,1.02,0.0,0.38
509,0,0,0,1000.0,1.04,0.0,0.38
510,0,0,0,1000.0,1.06,0.0,0.38
511,0,0,0,1000.0,1.08,0.0,0.38
512,0,0,0,1000.0,1.1,0.0,0.38
513,0,0,0,1000.0,1.12,0.0,0.38
514,0,0,0,1000.0,1.14,0.0,0.38
515,0,0,0,1000.0,1.16,0.0,0.38
516,0,0,0,1000.0,1.18,0.0,0.38
517,0,0,0,1000.0,1.2,0.0,0.38
518,0,0,0,1000.0,1.22,0.0,0.38
519,0,0,0,1000.0,1.24,0.0,0.38
520,0,0,0,1000.0,1.26,0.0,0.38
521,0,0,0,1000.0,1.28,0.0,0.38
522,0,0,0,1000.0,1.3,0.0,0.38
523,0,0,0,1000.0,2.2,0.0,0.38
524,0,0,0,1000.0,2.22,0.0,0.38
525,0,0,0,1000.0,2.24,0.0,0.38
526,0,0,0,1000.0,-0.04,0.0,0.4
527,0,0,0,1000.0,-0.02,0.0,0.4
528,0,0,0,1000.0,0.0,0.0,0.4
529,0,0,0,1000.0,0.9,0.0,0.4
530,0,0,0,1000.0,0.92,0.0,0.4
531,0,0,0,1000.0,0.94,0.0,0.4
532,0,0,0,1000.0,0.96,0.0,0.4
533,0,0,0,1000.0,0.98,0.0,0.4
534,0,0,0,1000.0,1.0,0.0,0.4
535,0,0,0,1000.0,1.02,0.0,0.4
536,0,0,0,1000.0,1.04,0.0,0.4
537,0,0,0,1000.0,1.06,0.0,0.4
538,0,0,0,1000.0,1.08,0.0,0.4
539,0,0,0,1000.0,1.1,0.0,0.4
540,0,0,0,1000.0,1.12,0.0,0.4
541,0,0,0,1000.0,1.14,0.0,0.4
542,0,0,0,1000.0,1.16,0.0,0.4
543,0,0,0,1000.0,1.18,0.0,0.4
544,0,0,0,1000.0,1.2,0.0,0.4
545,0,0,0,1000.0,1.22,0.0,0.4
546,0,0,0,1000.0,1.24,0.0,0.4
547,0,0,0,1000.0,1.26,0.0,0.4
548,0,0,0,1000.0,1.28,0.0,0.4
549,0,0,0,1000.0,1.3,0.0,0.4
550,0,0,0,1000.0,2.2,0.0,0.4
551,0,0,0,1000.0,2.22,0.0,0.4
552,0,0,0,1000.0,2.24,0.0,0.4
553,0,0,0,1000.0,-0.04,0.0,0.42
554,0,0,0,1000.0,-0.02,0.0,0.42
555,0,0,0,1000.0,0.0,0.0,0.42
556,0,0,0,1000.0,0.9,0.0,0.42
557,0,0,0,1000.0,0.92,0.0,0.42
558,0,0,0,1000.0,0.94,0.0,0.42
559,0,0,0,1000.0,0.96,0.0,0.42
560,0,0,0,1000.0,0.98,0.0,0.42
561,0,0,0,1000.0,1.0,0.0,0.42
562,0,0,0,1000.0,1.02,0.0,0.42
563,0,0,0,1000.0,1.04,0.0,0.42
564,0,0,0,1000.0,1.06,0.0,0.42
565,0,0,0,1000.0,1.08,0.0,0.42
566,0,0,0,1000.0,1.1,0.0,0.42
567,0,0,0,1000.0,1.12,0.0,0.42
568,0,0,0,1000.0,1.14,0.0,0.42
569,0,0,0,1000.0,1.16,0.0,0.42
570,0,0,0,1000.0,1.18,0.0,0.42
571,0,0,0,1000.0,1.2,0.0,0.42
572,0,0,0,1000.0,1.22,0.0,0.42
573,0,0,0,1000.0,1.24,0.0,0.42
574,0,0,0,1000.0,1.26,0.0,0.42
575,0,0,0,1000.0,1.28,0.0,0.42
576,0,0,0,1000.0,1.3,0.0,0.42
577,0,0,0,1000.0,2.2,0.0,0.42
578,0,0,0,1000.0,2.22,0.0,0.42
579,0,0,0,1000.0,2.24,0.0,0.42
580,0,0,0,1000.0,-0.04,0.0,0.44
581,0,0,0,1000.0,-0.02,0.0,0.44
582,0,0,0,1000.0,0.0,0.0,0.44
583,0,0,0,1000.0,0.9,0.0,0.44
584,0,0,0,1000.0,0.92,0.0,0.44
585,0,0,0,1000.0,0.94,0.0,0.44
586,0,0,0,1000.0,0.96,0.0,0.44
587,0,0,0,1000.0,0.98,0.0,0.44
588,0,0,0,1000.0,1.0,0.0,0.44
589,0,0,0,1000.0,1.02,0.0,0.44
590,0,0,0,1000.0,1.04,0.0,0.44
591,0,0,0,1000.0,1.06,0.0,0.44
592,0,0,0,1000.0,1.08,0.0,0.44
593,0,0,0,1000.0,1.1,0.0,0.44
594,0,0,0,1000.0,1.12,0.0,0.44
595,0,0,0,1000.0,1.14,0.0,0.44
596,0,0,0,1000.0,1.16,0.0,0.44
597,0,0,0,1000.0,1.18,0.0,0.44
598,0,0,0,1000.0,1.2,0.0,0.44
599,0,0,0,1000.0,1.22,0.0,0.44
600,0,0,0,1000.0,1.24,0.0,0.44
601,0,0,0,1000.0,1.26,0.0,0.44
602,0,0,0,1000.0,1.28,0.0,0.44
603,0,0,0,1000.0,1.3,0.0,0.44
604,0,0,0,1000.0,2.2,0.0,0.44
605,0,0,0,1000.0,2.22,0.0,0.44
606,0,0,0,1000.0,2.24,0.0,0.44
607,0,0,0,1000.0,-0.04,0.0,0.46
608,0,0,0,1000.0,-0.02,0.0,0.46
609,0,0,0,1000.0,0.0,0.0,0.46
610,0,0,0,1000.0,0.9,0.0,0.46
611,0,0,0,1000.0,0.92,0.0,0.46
612,0,0,0,1000.0,0.94,0.0,0.46
613,0,0,0,1000.0,0.96,0.0,0.46
614,0,0,0,1000.0,0.98,0.0,0.46
615,0,0,0,1000.0,1.0,0.0,0.46
616,0,0,0,1000.0,1.02,0.0,0.46
617,0,0,0,1000.0,1.04,0.0,0.46
618,0,0,0,1000.0,1.06,0.0,0.46
619,0,0,0,1000.0,1.08,0.0,0.46
620,0,0,0,1000.0,1.1,0.0,0.46
621,0,0,0,1000.0,1.12,0.0,0.46
622,0,0,0,1000.0,1.14,0.0,0.46
623,0,0,0,1000.0,1.16,0.0,0.46
624,0,0,0,1000.0,1.18,0.0,0.46
625,0,0,0,1000.0,1.2,0.0,0.46
626,0,0,0,1000.0,1.22,0.0,0.46
627,0,0,0,1000.0,1.24,0.0,0.46
628,0,0,0,1000.0,1.26,0.0,0.46
629,0,0,0,1000.0,1.28,0.0,0.46
630,0,0,0,1000.0,1.3,0.0,0.46
631,0,0,0,1000.0,2.2,0.0,0.46
632,0,0,0,1000.0,2.22,0.0,0.46
633,0,0,0,1000.0,2.24,0.0,0.46
634,0,0,0,1000.0,-0.04,0.0,0.48
635,0,0,0,1000.0,-0.02,0.0,0.48
636,0,0,0,1000.0,0.0,0.0,0.48
637,0,0,0,1000.0,0.9,0.0,0.48
638,0,0,0,1000.0,0.92,0.0,0.48
639,0,0,0,1000.0,0.94,0.0,0.48
640,0,0,0,1000.0,0.96,0.0,0.48
641,0,0,0,1000.0,0.98,0.0,0.48
642,0,0,0,1000.0,1.0,0.0,0.48
643,0,0,0,1000.0,1.02,0.0,0.48
644,0,0,0,1000.0,1.04,0.0,0.48
645,0,0,0,1000.0,1.06,0.0,0.48
646,0,0,0,1000.0,1.08,0.0,0.48
647,0,0,0,1000.0,1.1,0.0,0.48
648,0,0,0,1000.0,1.12,0.0,0.48
649,0,0,0,1000.0,1.14,0.0,0.48
650,0,0,0,1000.0,1.16,0.0,0.48
651,0,0,0,1000.0,1.18,0.0,0.48
652,0,0,0,1000.0,1.2,0.0,0.48
653,0,0,0,1000.0,1.22,0.0,0.48
654,0,0,0,1000.0,1.24,0.0,0.48
655,0,0,0,1000.0,1.26,0.0,0.48
656,0,0,0,1000.0,1.28,0.0,0.48
657,0,0,0,1000.0,1.3,0.0,0.48
658,0,0,0,1000.0,2.2,0.0,0.48
659,0,0,0,1000.0,2.22,0.0,0.48
660,0,0,0,1000.0,2.24,0.0,0.48
661,0,0,0,1000.0,-0.04,0.0,0.5
662,0,0,0,1000.0,-0.02,0.0,0.5
663,0,0,0,1000.0,0.0,0.0,0.5
664,0,0,0,1000.0,0.9,0.0,0.5
665,0,0,0,1000.0,0.92,0.0,0.5
666,0,0,0,1000.0,0.94,0.0,0.5
667,0,0,0,1000.0,0.96,0.0,0.5
668,0,0,0,1000.0,0.98,0.0,0.5
669,0,0,0,1000.0,1.0,0.0,0.5
670,0,0,0,1000.0,1.02,0.0,0.5
671,0,0,0,1000.0,1.04,0.0,0.5
672,0,0,0,1000.0,1.06,0.0,0.5
673,0,0,0,1000.0,1.08,0.0,0.5
674,0,0,0,1000.0,1.1,0.0,0.5
675,0,0,0,1000.0,1.12,0.0,0.5
676,0,0,0,1000.0,1.14,0.0,0.5
677,0,0,0,1000.0,1.16,0.0,0.5
678,0,0,0,1000.0,1.18,0.0,0.5
679,0,0,0,1000.0,1.2,0.0,0.5
680,0,0,0,1000.0,1.22,0.0,0.5
681,0,0,0,1000.0,1.24,0.0,0.5
682,0,0,0,1000.0,1.26,0.0,0.5
683,0,0,0,1000.0,1.28,0.0,0.5
684,0,0,0,1000.0,1.3,0.0,0.5
685,0,0,0,1000.0,2.2,0.0,0.5
686,0,0,0,1000.0,2.22,0.0,0.5
687,0,0,0,1000.0,2.24,0.0,0.5
688,0,0,0,1000.0,-0.04,0.0,0.52
689,0,0,0,1000.0,-0.02,0.0,0.52
690,0,0,0,1000.0,0.0,0.0,0.52
691,0,0,0,1000.0,0.9,0.0,0.52
692,0,0,0,1000.0,0.92,0.0,0.52
693,0,0,0,1000.0,0.94,0.0,0.52
694,0,0,0,1000.0,0.96,0.0,0.52
695,0,0,0,1000.0,0.98,0.0,0.52
696,0,0,0,1000.0,1.0,0.0,0.52
697,0,0,0,1000.0,1.02,0.0,0.52
698,0,0,0,1000.0,1.04,0.0,0.52
699,0,0,0,1000.0,1.06,0.0,0.52
700,0,0,0,1000.0,1.08,0.0,0.52
701,0,0,0,1000.0,1.1,0.0,0.52
702,0,0,0,1000.0,1.12,0.0,0.52
703,0,0,0,1000.0,1.14,0.0,0.52
704,0,0,0,1000.0,1.16,0.0,0.52
705,0,0,0,1000.0,1.18,0.0,0.52
706,0,0,0,1000.0,1.2,0.0,0.52
707,0,0,0,1000.0,1.22,0.0,0.52
708,0,0,0,1000.0,1.24,0.0,0.52
709,0,0,0,1000.0,1.26,0.0,0.52
710,0,0,0,1000.0,1.28,0.0,0.52
711,0,0,0,1000.0,1.3,0.0,0.52
712,0,0,0,1000.0,2.2,0.0,0.52
713,0,0,0,1000.0,2.22,0.0,0.52
714,0,0,0,1000.0,2.24,0.0,0.52
715,0,0,0,1000.0,-0.04,0.0,0.54
716,0,0,0,1000.0,-0.02,0.0,0.54
717,0,0,0,1000.0,0.0,0.0,0.54
718,0,0,0,1000.0,0.9,0.0,0.54
719,0,0,0,1000.0,0.92,0.0,0.54
720,0,0,0,1000.0,0.94,0.0,0.54
721,0,0,0,1000.0,0.96,0.0,0.54
722,0,0,0,1000.0,0.98,0.0,0.54
723,0,0,0,1000.0,1.0,0.0,0.54
724,0,0,0,1000.0,1.02,0.0,0.54
725,0,0,0,1000.0,1.04,0.0,0.54
726,0,0,0,1000.0,1.06,0.0,0.54
727,0,0,0,1000.0,1.08,0.0,0.54
728,0,0,0,1000.0,1.1,0.0,0.54
729,0,0,0,1000.0,1.12,0.0,0.54
730,0,0,0,1000.0,1.14,0.0,0.54
731,0,0,0,1000.0,1.16,0.0,0.54
732,0,0,0,1000.0,1.18,0.0,0.54
733,0,0,0,1000.0,1.2,0.0,0.54
734,0,0,0,1000.0,1.22,0.0,0.54
735,0,0,0,1000.0,1.24,0.0,0.54
736,0,0,0,1000.0,1.26,0.0,0.54
737,0,0,0,1000.0,1.28,0.0,0.54
738,0,0,0,1000.0,1.3,0.0,0.54
739,0,0,0,1000.0,2.2,0.0,0.54
740,0,0,0,1000.0,2.22,0.0,0.54
741,0,0,0,1000.0,2.24,0.0,0.54
742,0,0,0,1000.0,-0.04,0.0,0.56
743,0,0,0,1000.0,-0.02,0.0,0.56
744,0,0,0,1000.0,0.0,0.0,0.56
745,0,0,0,1000.0,0.9,0.0,0.56
746,0,0,0,1000.0,0.92,0.0,0.56
747,0,0,0,1000.0,0.94,0.0,0.56
748,0,0,0,1000.0,0.96,0.0,0.56
749,0,0,0,1000.0,0.98,0.0,0.56
750,0,0,0,1000.0,1.0,0.0,0.56
751,0,0,0,1000.0,1.02,0.0,0.56
752,0,0,0,1000.0,1.04,0.0,0.56
753,0,0,0,1000.0,1.06,0.0,0.56
754,0,0,0,1000.0,1.08,0.0,0.56
755,0,0,0,1000.0,1.1,0.0,0.56
756,0,0,0,1000.0,1.12,0.0,0.56
757,0,0,0,1000.0,1.14,0.0,0.56
758,0,0,0,1000.0,1.16,0.0,0.56
759,0,0,0,1000.0,1.18,0.0,0.56
760,0,0,0,1000.0,1.2,0.0,0.56
761,0,0,0,1000.0,1.22,0.0,0.56
762,0,0,0,1000.0,1.24,0.0,0.56
763,0,0,0,1000.0,1.26,0.0,0.56
764,0,0,0,1000.0,1.28,0.0,0.56
765,0,0,0,1000.0,1.3,0.0,0.56
766,0,0,0,1000.0,2.2,0.0,0.56
767,0,0,0,1000.0,2.22,0.0,0.56
768,0,0,0,1000.0,2.24,0.0,0.56
769,0,0,0,1000.0,-0.04,0.0,0.58
770,0,0,0,1000.0,-0.02,0.0,0.58
771,0,0,0,1000.0,0.0,0.0,0.58
772,0,0,0,1000.0,0.9,0.0,0.58
773,0,0,0,1000.0,0.92,0.0,0.58
774,0,0,0,1000.0,0.94,0.0,0.58
775,0,0,0,1000.0,0.96,0.0,0.58
776,0,0,0,1000.0,0.98,0.0,0.58
777,0,0,0,1000.0,1.0,0.0,0.58
778,0,0,0,1000.0,1.02,0.0,0.58
779,0,0,0,1000.0,1.04,0.0,0.58
780,0,0,0,1000.0,1.06,0.0,0.58
781,0,0,0,1000.0,1.08,0.0,0.58
782,0,0,0,1000.0,1.1,0.0,0.58
783,0,0,0,1000.0,1.12,0.0,0.58
784,0,0,0,1000.0,1.14,0.0,0.58
785,0,0,0,1000.0,1.16,0.0,0.58
786,0,0,0,1000.0,1.18,0.0,0.58
787,0,0,0,1000.0,1.2,0.0,0.58
788,0,0,0,1000.0,1.22,0.0,0.58
789,0,0,0,1000.0,1.24,0.0,0.58
790,0,0,0,1000.0,1.26,0.0,0.58
791,0,0,0,1000.0,1.28,0.0,0.58
792,0,0,0,1000.0,1.3,0.0,0.58
793,0,0,0,1000.0,2.2,0.0,0.58
794,0,0,0,1000.0,2.22,0.0,0.58
795,0,0,0,1000.0,2.24,0.0,0.58
796,0,0,0,1000.0,-0.04,0.0,0.6
797,0,0,0,1000.0,-0.02,0.0,0.6
798,0,0,0,1000.0,0.0,0.0,0.6
799,0,0,0,1000.0,0.9,0.0,0.6
800,0,0,0,1000.0,0.92,0.0,0.6
801,0,0,0,1000.0,0.94,0.0,0.6
802,0,0,0,1000.0,0.96,0.0,0.6
803,0,0,0,1000.0,0.98,0.0,0.6
804,0,0,0,1000.0,1.0,0.0,0.6
805,0,0,0,1000.0,1.02,0.0,0.6
806,0,0,0,1000.0,1.04,0.0,0.6
807,0,0,0,1000.0,1.06,0.0,0.6
808,0,0,0,1000.0,1.08,0.0,0.6
809,0,0,0,1000.0,1.1,0.0,0.6
810,0,0,0,1000.0,1.12,0.0,0.6
811,0,0,0,1000.0,1.14,0.0,0.6
812,0,0,0,1000.0,1.16,0.0,0.6
813,0,0,0,1000.0,1.18,0.0,0.6
814,0,0,0,1000.0,1.2,0.0,0.6
815,0,0,0,1000.0,1.22,0.0,0.6
816,0,0,0,1000.0,1.24,0.0,0.6
817,0,0,0,1000.0,1.26,0.0,0.6
818,0,0,0,1000.0,1.28,0.0,0.6
819,0,0,0,1000.0,1.3,0.0,0.6
820,0,0,0,1000.0,2.2,0.0,0.6
821,0,0,0,1000.0,2.22,0.0,0.6
822,0,0,0,1000.0,2.24,0.0,0.6
823,0,0,0,1000.0,-0.04,0.0,0.62
824,0,0,0,1000.0,-0.02,0.0,0.62
825,0,0,0,1000.0,0.0,0.0,0.62
826,0,0,0,1000.0,0.9,0.0,0.62
827,0,0,0,1000.0,0.92,0.0,0.62
828,0,0,0,1000.0,0.94,0.0,0.62
829,0,0,0,1000.0,0.96,0.0,0.62
830,0,0,0,1000.0,0.98,0.0,0.62
831,0,0,0,1000.0,1.0,0.0,0.62
832,0,0,0,1000.0,1.02,0.0,0.62
833,0,0,0,1000.0,1.04,0.0,0.62
834,0,0,0,1000.0,1.06,0.0,0.62
835,0,0,0,1000.0,1.08,0.0,0.62
836,0,0,0,1000.0,1.1,0.0,0.62
837,0,0,0,1000.0,1.12,0.0,0.62
838,0,0,0,1000.0,1.14,0.0,0.62
839,0,0,0,1000.0,1.16,0.0,0.62
840,0,0,0,1000.0,1.18,0.0,0.62
841,0,0,0,1000.0,1.2,0.0,0.62
842,0,0,0,1000.0,1.22,0.0,0.62
843,0,0,0,1000.0,1.24,0.0,0.62
844,0,0,0,1000.0,1.26,0.0,0.62
845,0,0,0,1000.0,1.28,0.0,0.62
846,0,0,0,1000.0,1.3,0.0,0.62
847,0,0,0,1000.0,2.2,0.0,0.62
848,0,0,0,1000.0,2.22,0.0,0.62
849,0,0,0,1000.0,2.24,0.0,0.62
850,0,0,0,1000.0,-0.04,0.0,0.64
851,0,0,0,1000.0,-0.02,0.0,0.64
852,0,0,0,1000.0,0.0,0.0,0.64
853,0,0,0,1000.0,0.9,0.0,0.64
854,0,0,0,1000.0,0.92,0.0,0.64
855,0,0,0,1000.0,0.94,0.0,0.64
856,0,0,0,1000.0,0.96,0.0,0.64
857,0,0,0,1000.0,0.98,0.0,0.64
858,0,0,0,1000.0,1.0,0.0,0.64
859,0,0,0,1000.0,1.02,0.0,0.64
860,0,0,0,1000.0,1.04,0.0,0.64
861,0,0,0,1000.0,1.06,0.0,0.64
862,0,0,0,1000.0,1.08,0.0,0.64
863,0,0,0,1000.0,1.1,0.0,0.64
864,0,0,0,1000.0,1.12,0.0,0.64
865,0,0,0,1000.0,1.14,0.0,0.64
866,0,0,0,1000.0,1.16,0.0,0.64
867,0,0,0,1000.0,1.18,0.0,0.64
868,0,0,0,1000.0,1.2,0.0,0.64
869,0,0,0,1000.0,1.22,0.0,0.64
870,0,0,0,1000.0,1.24,0.0,0.64
871,0,0,0,1000.0,1.26,0.0,0.64
872,0,0,0,1000.0,1.28,0.0,0.64
873,0,0,0,1000.0,1.3,0.0,0.64
874,0,0,0,1000.0,2.2,0.0,0.64
875,0,0,0,1000.0,2.22,0.0,0.64
876,0,0,0,1000.0,2.24,0.0,0.64
877,0,0,0,1000.0,-0.04,0.0,0.66
878,0,0,0,1000.0,-0.02,0.0,0.66
879,0,0,0,1000.0,0.0,0.0,0.66
880,0,0,0,1000.0,0.9,0.0,0.66
881,0,0,0,1000.0,0.92,0.0,0.66
882,0,0,0,1000.0,0.94,0.0,0.66
883,0,0,0,1000.0,0.96,0.0,0.66
884,0,0,0,1000.0,0.98,0.0,0.66
885,0,0,0,1000.0,1.0,0.0,0.66
886,0,0,0,1000.0,1.02,0.0,0.66
887,0,0,0,1000.0,1.04,0.0,0.66
888,0,0,0,1000.0,1.06,0.0,0.66
889,0,0,0,1000.0,1.08,0.0,0.66
890,0,0,0,1000.0,1.1,0.0,0.66
891,0,0,0,1000.0,1.12,0.0,0.66
892,0,0,0,1000.0,1.14,0.0,0.66
893,0,0,0,1000.0,1.16,0.0,0.66
894,0,0,0,1000.0,1.18,0.0,0.66
895,0,0,0,1000.0,1.2,0.0,0.66
896,0,0,0,1000.0,1.22,0.0,0.66
897,0,0,0,1000.0,1.24,0.0,0.66
898,0,0,0,1000.0,1.26,0.0,0.66
899,0,0,0,1000.0,1.28,0.0,0.66
900,0,0,0,1000.0,1.3,0.0,0.66
901,0,0,0,1000.0,2.2,0.0,0.66
902,0,0,0,1000.0,2.22,0.0,0.66
903,0,0,0,1000.0,2.24,0.0,0.66
904,0,0,0,1000.0,-0.04,0.0,0.68
905,0,0,0,1000.0,-0.02,0.0,0.68
906,0,0,0,1000.0,0.0,0.0,0.68
907,0,0,0,1000.0,0.9,0.0,0.68
908,0,0,0,1000.0,0.92,0.0,0.68
909,0,0,0,1000.0,0.94,0.0,0.68
910,0,0,0,1000.0,0.96,0.0,0.68
911,0,0,0,1000.0,0.98,0.0,0.68
912,0,0,0,1000.0,1.0,0.0,0.68
913,0,0,0,1000.0,1.02,0.0,0.68
914,0,0,0,1000.0,1.04,0.0,0.68
915,0,0,0,1000.0,1.06,0.0,0.68
916,0,0,0,1000.0,1.08,0.0,0.68
917,0,0,0,1000.0,1.1,0.0,0.68
918,0,0,0,1000.0,1.12,0.0,0.68
919,0,0,0,1000.0,1.14,0.0,0.68
920,0,0,0,1000.0,1.16,0.0,0.68
921,0,0,0,1000.0,1.18,0.0,0.68
922,0,0,0,1000.0,1.2,0.0,0.68
923,0,0,0,1000.0,1.22,0.0,0.68
924,0,0,0,1000.0,1.24,0.0,0.68
925,0,0,0,1000.0,1.26,0.0,0.68
926,0,0,0,1000.0,1.28,0.0,0.68
927,0,0,0,1000.0,1.3,0.0,0.68
928,0,0,0,1000.0,2.2,0.0,0.68
929,0,0,0,1000.0,2.22,0.0,0.68
930,0,0,0,1000.0,2.24,0.0,0.68
931,0,0,0,1000.0,-0.04,0.0,0.7
932,0,0,0,1000.0,-0.02,0.0,0.7
933,0,0,0,1000.0,0.0,0.0,0.7
934,0,0,0,1000.0,0.9,0.0,0.7
935,0,0,0,1000.0,0.92,0.0,0.7
936,0,0,0,1000.0,0.94,0.0,0.7
937,0,0,0,1000.0,0.96,0.0,0.7
938,0,0,0,1000.0,0.98,0.0,0.7
939,0,0,0,1000.0,1.0,0.0,0.7
940,0,0,0,1000.0,1.02,0.0,0.7
941,0,0,0,1000.0,1.04,0.0,0.7
942,0,0,0,1000.0,1.06,0.0,0.7
943,0,0,0,1000.0,1.08,0.0,0.7
944,0,0,0,1000.0,1.1,0.0,0.7
945,0,0,0,1000.0,1.12,0.0,0.7
946,0,0,0,1000.0,1.14,0.0,0.7
947,0,0,0,1000.0,1.16,0.0,0.7
948,0,0,0,1000.0,1.18,0.0,0.7
949,0,0,0,1000.0,1.2,0.0,0.7
950,0,0,0,1000.0,1.22,0.0,0.7
951,0,0,0,1000.0,1.24,0.0,0.7
952,0,0,0,1000.0,1.26,0.0,0.7
953,0,0,0,1000.0,1.28,0.0,0.7
954,0,0,0,1000.0,1.3,0.0,0.7
955,0,0,0,1000.0,2.2,0.0,0.7
956,0,0,0,1000.0,2.22,0.0,0.7
957,0,0,0,1000.0,2.24,0.0,0.7
958,0,0,0,1000.0,0.9,0.0,0.72
959,0,0,0,1000.0,0.92,0.0,0.72
960,0,0,0,1000.0,0.94,0.0,0.72
961,0,0,0,1000.0,0.96,0.0,0.72
962,0,0,0,1000.0,0.98,0.0,0.72
963,0,0,0,1000.0,1.0,0.0,0.72
964,0,0,0,1000.0,1.02,0.0,0.72
965,0,0,0,1000.0,1.04,0.0,0.72
966,0,0,0,1000.0,1.06,0.0,0.72
967,0,0,0,1000.0,1.08,0.0,0.72
968,0,0,0,1000.0,1.1,0.0,0.72
969,0,0,0,1000.0,1.12,0.0,0.72
970,0,0,0,1000.0,1.14,0.0,0.72
971,0,0,0,1000.0,1.16,0.0,0.72
972,0,0,0,1000.0,1.18,0.0,0.72
973,0,0,0,1000.0,1.2,0.0,0.72
974,0,0,0,1000.0,1.22,0.0,0.72
975,0,0,0,1000.0,1.24,0.0,0.72
976,0,0,0,1000.0,1.26,0.0,0.72
977,0,0,0,1000.0,1.28,0.0,0.72
978,0,0,0,1000.0,1.3,0.0,0.72
979,0,0,0,1000.0,0.9,0.0,0.74
980,0,0,0,1000.0,0.92,0.0,0.74
981,0,0,0,1000.0,0.94,0.0,0.74
982,0,0,0,1000.0,0.96,0.0,0.74
983,0,0,0,1000.0,0.98,0.0,0.74
984,0,0,0,1000.0,1.0,0.0,0.74
985,0,0,0,1000.0,1.02,0.0,0.74
986,0,0,0,1000.0,1.04,0.0,0.74
987,0,0,0,1000.0,1.06,0.0,0.74
988,0,0,0,1000.0,1.08,0.0,0.74
989,0,0,0,1000.0,1.1,0.0,0.74
990,0,0,0,1000.0,1.12,0.0,0.74
991,0,0,0,1000.0,1.14,0.0,0.74
992,0,0,0,1000.0,1.16,0.0,0.74
993,0,0,0,1000.0,1.18,0.0,0.74
994,0,0,0,1000.0,1.2,0.0,0.74
995,0,0,0,1000.0,1.22,0.0,0.74
996,0,0,0,1000.0,1.24,0.0,0.74
997,0,0,0,1000.0,1.26,0.0,0.74
998,0,0,0,1000.0,1.28,0.0,0.74
999,0,0,0,1000.0,1.3,0.0,0.74
1000,0,0,0,1000.0,0.9,0.0,0.76
1001,0,0,0,1000.0,0.92,0.0,0.76
1002,0,0,0,1000.0,0.94,0.0,0.76
1003,0,0,0,1000.0,0.96,0.0,0.76
1004,0,0,0,1000.0,0.98,0.0,0.76
1005,0,0,0,1000.0,1.0,0.0,0.76
1006,0,0,0,1000.0,1.02,0.0,0.76
1007,0,0,0,1000.0,1.04,0.0,0.76
1008,0,0,0,1000.0,1.06,0.0,0.76
1009,0,0,0,1000.0,1.08,0.0,0.76
1010,0,0,0,1000.0,1.1,0.0,0.76
1011,0,0,0,1000.0,1.12,0.0,0.76
1012,0,0,0,1000.0,1.14,0.0,0.76
1013,0,0,0,1000.0,1.16,0.0,0.76
1014,0,0,0,1000.0,1.18,0.0,0.76
1015,0,0,0,1000.0,1.2,0.0,0.76
1016,0,0,0,1000.0,1.22,0.0,0.76
1017,0,0,0,1000.0,1.24,0.0,0.76
1018,0,0,0,1000.0,1.26,0.0,0.76
1019,0,0,0,1000.0,1.28,0.0,0.76
1020,0,0,0,1000.0,1.3,0.0,0.76
1021,0,0,0,1000.0,0.9,0.0,0.78
1022,0,0,0,1000.0,0.92,0.0,0.78
1023,0,0,0,1000.0,0.94,0.0,0.78
1024,0,0,0,1000.0,0.96,0.0,0.78
1025,0,0,0,1000.0,0.98,0.0,0.78
1026,0,0,0,1000.0,1.0,0.0,0.78
1027,0,0,0,1000.0,1.02,0.0,0.78
1028,0,0,0,1000.0,1.04,0.0,0.78
1029,0,0,0,1000.0,1.06,0.0,0.78
1030,0,0,0,1000.0,1.08,0.0,0.78
1031,0,0,0,1000.0,1.1,0.0,0.78
1032,0,0,0,1000.0,1.12,0.0,0.78
1033,0,0,0,1000.0,1.14,0.0,0.78
1034,0,0,0,1000.0,1.16,0.0,0.78
1035,0,0,0,1000.0,1.18,0.0,0.78
1036,0,0,0,1000.0,1.2,0.0,0.78
1037,0,0,0,1000.0,1.22,0.0,0.78
1038,0,0,0,1000.0,1.24,0.0,0.78
1039,0,0,0,1000.0,1.26,0.0,0.78
1040,0,0,0,1000.0,1.28,0.0,0.78
1041,0,0,0,1000.0,1.3,0.0,0.78
1042,0,0,0,1000.0,0.9,0.0,0.8
1043,0,0,0,1000.0,0.92,0.0,0.8
1044,0,0,0,1000.0,0.94,0.0,0.8
1045,0,0,0,1000.0,0.96,0.0,0.8
1046,0,0,0,1000.0,0.98,0.0,0.8
1047,0,0,0,1000.0,1.0,0.0,0.8
1048,0,0,0,1000.0,1.02,0.0,0.8
1049,0,0,0,1000.0,1.04,0.0,0.8
1050,0,0,0,1000.0,1.06,0.0,0.8
1051,0,0,0,1000.0,1.08,0.0,0.8
1052,0,0,0,1000.0,1.1,0.0,0.8
1053,0,0,0,1000.0,1.12,0.0,0.8
1054,0,0,0,1000.0,1.14,0.0,0.8
1055,0,0,0,1000.0,1.16,0.0,0.8
1056,0,0,0,1000.0,1.18,0.0,0.8
1057,0,0,0,1000.0,1.2,0.0,0.8
1058,0,0,0,1000.0,1.22,0.0,0.8
1059,0,0,0,1000.0,1.24,0.0,0.8
1060,0,0,0,1000.0,1.26,0.0,0.8
1061,0,0,0,1000.0,1.28,0.0,0.8
1062,0,0,0,1000.0,1.3,0.0,0.8
1063,0,0,0,1000.0,0.9,0.0,0.82
1064,0,0,0,1000.0,0.92,0.0,0.82
1065,0,0,0,1000.0,0.94,0.0,0.82
1066,0,0,0,1000.0,0.96,0.0,0.82
1067,0,0,0,1000.0,0.98,0.0,0.82
1068,0,0,0,1000.0,1.0,0.0,0.82
1069,0,0,0,1000.0,1.02,0.0,0.82
1070,0,0,0,1000.0,1.04,0.0,0.82
1071,0,0,0,1000.0,1.06,0.0,0.82
1072,0,0,0,1000.0,1.08,0.0,0.82
1073,0,0,0,1000.0,1.1,0.0,0.82
1074,0,0,0,1000.0,1.12,0.0,0.82
1075,0,0,0,1000.0,1.14,0.0,0.82
1076,0,0,0,1000.0,1.16,0.0,0.82
1077,0,0,0,1000.0,1.18,0.0,0.82
1078,0,0,0,1000.0,1.2,0.0,0.82
1079,0,0,0,1000.0,1.22,0.0,0.82
1080,0,0,0,1000.0,1.24,0.0,0.82
1081,0,0,0,1000.0,1.26,0.0,0.82
1082,0,0,0,1000.0,1.28,0.0,0.82
1083,0,0,0,1000.0,1.3,0.0,0.82
1084,0,0,0,1000.0,0.9,0.0,0.84
1085,0,0,0,1000.0,0.92,0.0,0.84
1086,0,0,0,1000.0,0.94,0.0,0.84
1087,0,0,0,1000.0,0.96,0.0,0.84
1088,0,0,0,1000.0,0.98,0.0,0.84
1089,0,0,0,1000.0,1.0,0.0,0.84
1090,0,0,0,1000.0,1.02,0.0,0.84
1091,0,0,0,1000.0,1.04,0.0,0.84
1092,0,0,0,1000.0,1.06,0.0,0.84
1093,0,0,0,1000.0,1.08,0.0,0.84
1094,0,0,0,1000.0,1.1,0.0,0.84
1095,0,0,0,1000.0,1.12,0.0,0.84
1096,0,0,0,1000.0,1.14,0.0,0.84
1097,0,0,0,1000.0,1.16,0.0,0.84
1098,0,0,0,1000.0,1.18,0.0,0.84
1099,0,0,0,1000.0,1.2,0.0,0.84
1100,0,0,0,1000.0,1.22,0.0,0.84
1101,0,0,0,1000.0,1.24,0.0,0.84
1102,0,0,0,1000.0,1.26,0.0,0.84
1103,0,0,0,1000.0,1.28,0.0,0.84
1104,0,0,0,1000.0,1.3,0.0,0.84
1105,0,0,0,1000.0,0.9,0.0,0.86
1106,0,0,0,1000.0,0.92,0.0,0.86
1107,0,0,0,1000.0,0.94,0.0,0.86
1108,0,0,0,1000.0,0.96,0.0,0.86
1109,0,0,0,1000.0,0.98,0.0,0.86
1110,0,0,0,1000.0,1.0,0.0,0.86
1111,0,0,0,1000.0,1.02,0.0,0.86
1112,0,0,0,1000.0,1.04,0.0,0.86
1113,0,0,0,1000.0,1.06,0.0,0.86
1114,0,0,0,1000.0,1.08,0.0,0.86
1115,0,0,0,1000.0,1.1,0.0,0.86
1116,0,0,0,1000.0,1.12,0.0,0.86
1117,0,0,0,1000.0,1.14,0.0,0.86
1118,0,0,0,1000.0,1.16,0.0,0.86
1119,0,0,0,1000.0,1.18,0.0,0.86
1120,0,0,0,1000.0,1.2,0.0,0.86
1121,0,0,0,1000.0,1.22,0.0,0.86
1122,0,0,0,1000.0,1.24,0.0,0.86
1123,0,0,0,1000.0,1.26,0.0,0.86
1124,0,0,0,1000.0,1.28,0.0,0.86
1125,0,0,0,1000.0,1.3,0.0,0.86
