"Point ID", "Idp", "Mk", "Normal:0","Normal:1","Normal:2", "Normal_Magnitude", "NormalSize","Points:0","Points:1","Points:2", "Points_Magnitude"
0,0,10,0.1,0,0.1,0.141421,0.141421,-0.04,0,-0.04,0.0565685
1,1,10,0.1,0,0.06,0.116619,0.116619,-0.04,0,-0.02,0.0447214
2,2,10,0.1,0,0.02,0.10198,0.10198,-0.04,0,0,0.04
3,3,10,0.1,0,0,0.1,0.1,-0.04,0,0.02,0.0447214
4,4,10,0.1,0,0,0.1,0.1,-0.04,0,0.04,0.0565685
5,5,10,0.1,0,0,0.1,0.1,-0.04,0,0.06,0.072111
6,6,10,0.1,0,0,0.1,0.1,-0.04,0,0.08,0.0894427
7,7,10,0.1,0,0,0.1,0.1,-0.04,0,0.1,0.107703
8,8,10,0.1,0,0,0.1,0.1,-0.04,0,0.12,0.126491
9,9,10,0.1,0,0,0.1,0.1,-0.04,0,0.14,0.145602
10,10,10,0.1,0,0,0.1,0.1,-0.04,0,0.16,0.164924
11,11,10,0.1,0,0,0.1,0.1,-0.04,0,0.18,0.184391
12,12,10,0.1,0,0,0.1,0.1,-0.04,0,0.2,0.203961
13,13,10,0.1,0,0,0.1,0.1,-0.04,0,0.22,0.223607
14,14,10,0.1,0,0,0.1,0.1,-0.04,0,0.24,0.243311
15,15,10,0.1,0,0,0.1,0.1,-0.04,0,0.26,0.263059
16,16,10,0.1,0,0,0.1,0.1,-0.04,0,0.28,0.282843
17,17,10,0.1,0,0,0.1,0.1,-0.04,0,0.3,0.302655
18,18,10,0.1,0,0,0.1,0.1,-0.04,0,0.32,0.32249
19,19,10,0.1,0,0,0.1,0.1,-0.04,0,0.34,0.342345
20,20,10,0.1,0,0,0.1,0.1,-0.04,0,0.36,0.362215
21,21,10,0.1,0,0,0.1,0.1,-0.04,0,0.38,0.382099
22,22,10,0.1,0,0,0.1,0.1,-0.04,0,0.4,0.401995
23,23,10,0.1,0,0,0.1,0.1,-0.04,0,0.42,0.4219
24,24,10,0.1,0,0,0.1,0.1,-0.04,0,0.44,0.441814
25,25,10,0.1,0,0,0.1,0.1,-0.04,0,0.46,0.461736
26,26,10,0.1,0,0,0.1,0.1,-0.04,0,0.48,0.481664
27,27,10,0.1,0,0,0.1,0.1,-0.04,0,0.5,0.501597
28,28,10,0.1,0,0,0.1,0.1,-0.04,0,0.52,0.521536
29,29,10,0.1,0,0,0.1,0.1,-0.04,0,0.54,0.541479
30,30,10,0.1,0,0,0.1,0.1,-0.04,0,0.56,0.561427
31,31,10,0.1,0,0,0.1,0.1,-0.04,0,0.58,0.581378
32,32,10,0.1,0,0,0.1,0.1,-0.04,0,0.6,0.601332
33,33,10,0.1,0,0,0.1,0.1,-0.04,0,0.62,0.621289
34,34,10,0.1,0,0,0.1,0.1,-0.04,0,0.64,0.641249
35,35,10,0.1,0,0,0.1,0.1,-0.04,0,0.66,0.661211
36,36,10,0.1,0,0,0.1,0.1,-0.04,0,0.68,0.681175
37,37,10,0.1,0,0,0.1,0.1,-0.04,0,0.7,0.701142
38,38,10,0.06,0,0.1,0.116619,0.116619,-0.02,0,-0.04,0.0447214
39,39,10,0.06,0,0.06,0.0848528,0.0848528,-0.02,0,-0.02,0.0282843
40,40,10,0.06,0,0.02,0.0632455,0.0632455,-0.02,0,0,0.02
41,41,10,0.06,0,0,0.06,0.06,-0.02,0,0.02,0.0282843
42,42,10,0.06,0,0,0.06,0.06,-0.02,0,0.04,0.0447214
43,43,10,0.06,0,0,0.06,0.06,-0.02,0,0.06,0.0632456
44,44,10,0.06,0,0,0.06,0.06,-0.02,0,0.08,0.0824621
45,45,10,0.06,0,0,0.06,0.06,-0.02,0,0.1,0.10198
46,46,10,0.06,0,0,0.06,0.06,-0.02,0,0.12,0.121655
47,47,10,0.06,0,0,0.06,0.06,-0.02,0,0.14,0.141421
48,48,10,0.06,0,0,0.06,0.06,-0.02,0,0.16,0.161245
49,49,10,0.06,0,0,0.06,0.06,-0.02,0,0.18,0.181108
50,50,10,0.06,0,0,0.06,0.06,-0.02,0,0.2,0.200998
51,51,10,0.06,0,0,0.06,0.06,-0.02,0,0.22,0.220907
52,52,10,0.06,0,0,0.06,0.06,-0.02,0,0.24,0.240832
53,53,10,0.06,0,0,0.06,0.06,-0.02,0,0.26,0.260768
54,54,10,0.06,0,0,0.06,0.06,-0.02,0,0.28,0.280713
55,55,10,0.06,0,0,0.06,0.06,-0.02,0,0.3,0.300666
56,56,10,0.06,0,0,0.06,0.06,-0.02,0,0.32,0.320624
57,57,10,0.06,0,0,0.06,0.06,-0.02,0,0.34,0.340588
58,58,10,0.06,0,0,0.06,0.06,-0.02,0,0.36,0.360555
59,59,10,0.06,0,0,0.06,0.06,-0.02,0,0.38,0.380526
60,60,10,0.06,0,0,0.06,0.06,-0.02,0,0.4,0.4005
61,61,10,0.06,0,0,0.06,0.06,-0.02,0,0.42,0.420476
62,62,10,0.06,0,0,0.06,0.06,-0.02,0,0.44,0.440454
63,63,10,0.06,0,0,0.06,0.06,-0.02,0,0.46,0.460435
64,64,10,0.06,0,0,0.06,0.06,-0.02,0,0.48,0.480416
65,65,10,0.06,0,0,0.06,0.06,-0.02,0,0.5,0.5004
66,66,10,0.06,0,0,0.06,0.06,-0.02,0,0.52,0.520384
67,67,10,0.06,0,0,0.06,0.06,-0.02,0,0.54,0.54037
68,68,10,0.06,0,0,0.06,0.06,-0.02,0,0.56,0.560357
69,69,10,0.06,0,0,0.06,0.06,-0.02,0,0.58,0.580345
70,70,10,0.06,0,0,0.06,0.06,-0.02,0,0.6,0.600333
71,71,10,0.06,0,0,0.06,0.06,-0.02,0,0.62,0.620322
72,72,10,0.06,0,0,0.06,0.06,-0.02,0,0.64,0.640312
73,73,10,0.06,0,0,0.06,0.06,-0.02,0,0.66,0.660303
74,74,10,0.06,0,0,0.06,0.06,-0.02,0,0.68,0.680294
75,75,10,0.06,0,0,0.06,0.06,-0.02,0,0.7,0.700286
76,76,10,0.02,0,0.1,0.10198,0.10198,0,0,-0.04,0.04
77,77,10,0.02,0,0.06,0.0632455,0.0632455,0,0,-0.02,0.02
78,78,10,0.02,0,0.02,0.0282843,0.0282843,0,0,0,0
79,79,10,0.02,0,0,0.02,0.02,0,0,0.02,0.02
80,80,10,0.02,0,0,0.02,0.02,0,0,0.04,0.04
81,81,10,0.02,0,0,0.02,0.02,0,0,0.06,0.06
82,82,10,0.02,0,0,0.02,0.02,0,0,0.08,0.08
83,83,10,0.02,0,0,0.02,0.02,0,0,0.1,0.1
84,84,10,0.02,0,0,0.02,0.02,0,0,0.12,0.12
85,85,10,0.02,0,0,0.02,0.02,0,0,0.14,0.14
86,86,10,0.02,0,0,0.02,0.02,0,0,0.16,0.16
87,87,10,0.02,0,0,0.02,0.02,0,0,0.18,0.18
88,88,10,0.02,0,0,0.02,0.02,0,0,0.2,0.2
89,89,10,0.02,0,0,0.02,0.02,0,0,0.22,0.22
90,90,10,0.02,0,0,0.02,0.02,0,0,0.24,0.24
91,91,10,0.02,0,0,0.02,0.02,0,0,0.26,0.26
92,92,10,0.02,0,0,0.02,0.02,0,0,0.28,0.28
93,93,10,0.02,0,0,0.02,0.02,0,0,0.3,0.3
94,94,10,0.02,0,0,0.02,0.02,0,0,0.32,0.32
95,95,10,0.02,0,0,0.02,0.02,0,0,0.34,0.34
96,96,10,0.02,0,0,0.02,0.02,0,0,0.36,0.36
97,97,10,0.02,0,0,0.02,0.02,0,0,0.38,0.38
98,98,10,0.02,0,0,0.02,0.02,0,0,0.4,0.4
99,99,10,0.02,0,0,0.02,0.02,0,0,0.42,0.42
100,100,10,0.02,0,0,0.02,0.02,0,0,0.44,0.44
101,101,10,0.02,0,0,0.02,0.02,0,0,0.46,0.46
102,102,10,0.02,0,0,0.02,0.02,0,0,0.48,0.48
103,103,10,0.02,0,0,0.02,0.02,0,0,0.5,0.5
104,104,10,0.02,0,0,0.02,0.02,0,0,0.52,0.52
105,105,10,0.02,0,0,0.02,0.02,0,0,0.54,0.54
106,106,10,0.02,0,0,0.02,0.02,0,0,0.56,0.56
107,107,10,0.02,0,0,0.02,0.02,0,0,0.58,0.58
108,108,10,0.02,0,0,0.02,0.02,0,0,0.6,0.6
109,109,10,0.02,0,0,0.02,0.02,0,0,0.62,0.62
110,110,10,0.02,0,0,0.02,0.02,0,0,0.64,0.64
111,111,10,0.02,0,0,0.02,0.02,0,0,0.66,0.66
112,112,10,0.02,0,0,0.02,0.02,0,0,0.68,0.68
113,113,10,0.02,0,0,0.02,0.02,0,0,0.7,0.7
114,114,10,0,0,0.1,0.1,0.1,0.02,0,-0.04,0.0447214
115,115,10,0,0,0.06,0.06,0.06,0.02,0,-0.02,0.0282843
116,116,10,0,0,0.02,0.02,0.02,0.02,0,0,0.02
117,117,10,0,0,0.1,0.1,0.1,0.04,0,-0.04,0.0565685
118,118,10,0,0,0.06,0.06,0.06,0.04,0,-0.02,0.0447214
119,119,10,0,0,0.02,0.02,0.02,0.04,0,0,0.04
120,120,10,0,0,0.1,0.1,0.1,0.06,0,-0.04,0.072111
121,121,10,0,0,0.06,0.06,0.06,0.06,0,-0.02,0.0632456
122,122,10,0,0,0.02,0.02,0.02,0.06,0,0,0.06
123,123,10,0,0,0.1,0.1,0.1,0.08,0,-0.04,0.0894427
124,124,10,0,0,0.06,0.06,0.06,0.08,0,-0.02,0.0824621
125,125,10,0,0,0.02,0.02,0.02,0.08,0,0,0.08
126,126,10,0,0,0.1,0.1,0.1,0.1,0,-0.04,0.107703
127,127,10,0,0,0.06,0.06,0.06,0.1,0,-0.02,0.10198
128,128,10,0,0,0.02,0.02,0.02,0.1,0,0,0.1
129,129,10,0,0,0.1,0.1,0.1,0.12,0,-0.04,0.126491
130,130,10,0,0,0.06,0.06,0.06,0.12,0,-0.02,0.121655
131,131,10,0,0,0.02,0.02,0.02,0.12,0,0,0.12
132,132,10,0,0,0.1,0.1,0.1,0.14,0,-0.04,0.145602
133,133,10,0,0,0.06,0.06,0.06,0.14,0,-0.02,0.141421
134,134,10,0,0,0.02,0.02,0.02,0.14,0,0,0.14
135,135,10,0,0,0.1,0.1,0.1,0.16,0,-0.04,0.164924
136,136,10,0,0,0.06,0.06,0.06,0.16,0,-0.02,0.161245
137,137,10,0,0,0.02,0.02,0.02,0.16,0,0,0.16
138,138,10,0,0,0.1,0.1,0.1,0.18,0,-0.04,0.184391
139,139,10,0,0,0.06,0.06,0.06,0.18,0,-0.02,0.181108
140,140,10,0,0,0.02,0.02,0.02,0.18,0,0,0.18
141,141,10,0,0,0.1,0.1,0.1,0.2,0,-0.04,0.203961
142,142,10,0,0,0.06,0.06,0.06,0.2,0,-0.02,0.200998
143,143,10,0,0,0.02,0.02,0.02,0.2,0,0,0.2
144,144,10,0,0,0.1,0.1,0.1,0.22,0,-0.04,0.223607
145,145,10,0,0,0.06,0.06,0.06,0.22,0,-0.02,0.220907
146,146,10,0,0,0.02,0.02,0.02,0.22,0,0,0.22
147,147,10,0,0,0.1,0.1,0.1,0.24,0,-0.04,0.243311
148,148,10,0,0,0.06,0.06,0.06,0.24,0,-0.02,0.240832
149,149,10,0,0,0.02,0.02,0.02,0.24,0,0,0.24
150,150,10,0,0,0.1,0.1,0.1,0.26,0,-0.04,0.263059
151,151,10,0,0,0.06,0.06,0.06,0.26,0,-0.02,0.260768
152,152,10,0,0,0.02,0.02,0.02,0.26,0,0,0.26
153,153,10,0,0,0.1,0.1,0.1,0.28,0,-0.04,0.282843
154,154,10,0,0,0.06,0.06,0.06,0.28,0,-0.02,0.280713
155,155,10,0,0,0.02,0.02,0.02,0.28,0,0,0.28
156,156,10,0,0,0.1,0.1,0.1,0.3,0,-0.04,0.302655
157,157,10,0,0,0.06,0.06,0.06,0.3,0,-0.02,0.300666
158,158,10,0,0,0.02,0.02,0.02,0.3,0,0,0.3
159,159,10,0,0,0.1,0.1,0.1,0.32,0,-0.04,0.32249
160,160,10,0,0,0.06,0.06,0.06,0.32,0,-0.02,0.320624
161,161,10,0,0,0.02,0.02,0.02,0.32,0,0,0.32
162,162,10,0,0,0.1,0.1,0.1,0.34,0,-0.04,0.342345
163,163,10,0,0,0.06,0.06,0.06,0.34,0,-0.02,0.340588
164,164,10,0,0,0.02,0.02,0.02,0.34,0,0,0.34
165,165,10,0,0,0.1,0.1,0.1,0.36,0,-0.04,0.362215
166,166,10,0,0,0.06,0.06,0.06,0.36,0,-0.02,0.360555
167,167,10,0,0,0.02,0.02,0.02,0.36,0,0,0.36
168,168,10,0,0,0.1,0.1,0.1,0.38,0,-0.04,0.382099
169,169,10,0,0,0.06,0.06,0.06,0.38,0,-0.02,0.380526
170,170,10,0,0,0.02,0.02,0.02,0.38,0,0,0.38
171,171,10,0,0,0.1,0.1,0.1,0.4,0,-0.04,0.401995
172,172,10,0,0,0.06,0.06,0.06,0.4,0,-0.02,0.4005
173,173,10,0,0,0.02,0.02,0.02,0.4,0,0,0.4
174,174,10,0,0,0.1,0.1,0.1,0.42,0,-0.04,0.4219
175,175,10,0,0,0.06,0.06,0.06,0.42,0,-0.02,0.420476
176,176,10,0,0,0.02,0.02,0.02,0.42,0,0,0.42
177,177,10,0,0,0.1,0.1,0.1,0.44,0,-0.04,0.441814
178,178,10,0,0,0.06,0.06,0.06,0.44,0,-0.02,0.440454
179,179,10,0,0,0.02,0.02,0.02,0.44,0,0,0.44
180,180,10,0,0,0.1,0.1,0.1,0.46,0,-0.04,0.461736
181,181,10,0,0,0.06,0.06,0.06,0.46,0,-0.02,0.460435
182,182,10,0,0,0.02,0.02,0.02,0.46,0,0,0.46
183,183,10,0,0,0.1,0.1,0.1,0.48,0,-0.04,0.481664
184,184,10,0,0,0.06,0.06,0.06,0.48,0,-0.02,0.480416
185,185,10,0,0,0.02,0.02,0.02,0.48,0,0,0.48
186,186,10,0,0,0.1,0.1,0.1,0.5,0,-0.04,0.501597
187,187,10,0,0,0.06,0.06,0.06,0.5,0,-0.02,0.5004
188,188,10,0,0,0.02,0.02,0.02,0.5,0,0,0.5
189,189,10,0,0,0.1,0.1,0.1,0.52,0,-0.04,0.521536
190,190,10,0,0,0.06,0.06,0.06,0.52,0,-0.02,0.520384
191,191,10,0,0,0.02,0.02,0.02,0.52,0,0,0.52
192,192,10,0,0,0.1,0.1,0.1,0.54,0,-0.04,0.541479
193,193,10,0,0,0.06,0.06,0.06,0.54,0,-0.02,0.54037
194,194,10,0,0,0.02,0.02,0.02,0.54,0,0,0.54
195,195,10,0,0,0.1,0.1,0.1,0.56,0,-0.04,0.561427
196,196,10,0,0,0.06,0.06,0.06,0.56,0,-0.02,0.560357
197,197,10,0,0,0.02,0.02,0.02,0.56,0,0,0.56
198,198,10,0,0,0.1,0.1,0.1,0.58,0,-0.04,0.581378
199,199,10,0,0,0.06,0.06,0.06,0.58,0,-0.02,0.580345
200,200,10,0,0,0.02,0.02,0.02,0.58,0,0,0.58
201,201,10,0,0,0.1,0.1,0.1,0.6,0,-0.04,0.601332
202,202,10,0,0,0.06,0.06,0.06,0.6,0,-0.02,0.600333
203,203,10,0,0,0.02,0.02,0.02,0.6,0,0,0.6
204,204,10,0,0,0.1,0.1,0.1,0.62,0,-0.04,0.621289
205,205,10,0,0,0.06,0.06,0.06,0.62,0,-0.02,0.620322
206,206,10,0,0,0.02,0.02,0.02,0.62,0,0,0.62
207,207,10,0,0,0.1,0.1,0.1,0.64,0,-0.04,0.641249
208,208,10,0,0,0.06,0.06,0.06,0.64,0,-0.02,0.640312
209,209,10,0,0,0.02,0.02,0.02,0.64,0,0,0.64
210,210,10,0,0,0.1,0.1,0.1,0.66,0,-0.04,0.661211
211,211,10,0,0,0.06,0.06,0.06,0.66,0,-0.02,0.660303
212,212,10,0,0,0.02,0.02,0.02,0.66,0,0,0.66
213,213,10,0,0,0.1,0.1,0.1,0.68,0,-0.04,0.681175
214,214,10,0,0,0.06,0.06,0.06,0.68,0,-0.02,0.680294
215,215,10,0,0,0.02,0.02,0.02,0.68,0,0,0.68
216,216,10,0,0,0.1,0.1,0.1,0.7,0,-0.04,0.701142
217,217,10,0,0,0.06,0.06,0.06,0.7,0,-0.02,0.700286
218,218,10,0,0,0.02,0.02,0.02,0.7,0,0,0.7
219,219,10,0,0,0.1,0.1,0.1,0.72,0,-0.04,0.72111
220,220,10,0,0,0.06,0.06,0.06,0.72,0,-0.02,0.720278
221,221,10,0,0,0.02,0.02,0.02,0.72,0,0,0.72
222,222,10,0,0,0.1,0.1,0.1,0.74,0,-0.04,0.74108
223,223,10,0,0,0.06,0.06,0.06,0.74,0,-0.02,0.74027
224,224,10,0,0,0.02,0.02,0.02,0.74,0,0,0.74
225,225,10,0,0,0.1,0.1,0.1,0.76,0,-0.04,0.761052
226,226,10,0,0,0.06,0.06,0.06,0.76,0,-0.02,0.760263
227,227,10,0,0,0.02,0.02,0.02,0.76,0,0,0.76
228,228,10,0,0,0.1,0.1,0.1,0.78,0,-0.04,0.781025
229,229,10,0,0,0.06,0.06,0.06,0.78,0,-0.02,0.780256
230,230,10,0,0,0.02,0.02,0.02,0.78,0,0,0.78
231,231,10,0,0,0.1,0.1,0.1,0.8,0,-0.04,0.800999
232,232,10,0,0,0.06,0.06,0.06,0.8,0,-0.02,0.80025
233,233,10,0,0,0.02,0.02,0.02,0.8,0,0,0.8
234,234,10,0,0,0.1,0.1,0.1,0.82,0,-0.04,0.820975
235,235,10,0,0,0.06,0.06,0.06,0.82,0,-0.02,0.820244
236,236,10,0,0,0.02,0.02,0.02,0.82,0,0,0.82
237,237,10,0,0,0.1,0.1,0.1,0.84,0,-0.04,0.840952
238,238,10,0,0,0.06,0.06,0.06,0.84,0,-0.02,0.840238
239,239,10,0,0,0.02,0.02,0.02,0.84,0,0,0.84
240,240,10,-0.0400001,0,0.1,0.107703,0.107703,0.86,0,-0.04,0.86093
241,241,10,-0.0400001,0,0.06,0.0721111,0.0721111,0.86,0,-0.02,0.860233
242,242,10,-0.03,0,0.03,0.0424264,0.0424264,0.86,0,0,0.86
243,243,10,-0.01,0,0.01,0.0141422,0.0141422,0.86,0,0.02,0.860233
244,244,10,-0.07,0,0.07,0.098995,0.098995,0.88,0,-0.02,0.880227
245,245,10,-0.05,0,0.05,0.0707107,0.0707107,0.88,0,0,0.88
246,246,10,-0.03,0,0.03,0.0424264,0.0424264,0.88,0,0.02,0.880227
247,247,10,-0.01,0,0.01,0.0141422,0.0141422,0.88,0,0.04,0.880909
248,248,10,-0.07,0,0.07,0.098995,0.098995,0.9,0,0,0.9
249,249,10,-0.05,0,0.05,0.0707107,0.0707107,0.9,0,0.02,0.900222
250,250,10,-0.03,0,0.03,0.0424264,0.0424264,0.9,0,0.04,0.900888
251,251,10,-0.01,0,0.01,0.0141422,0.0141422,0.9,0,0.06,0.901998
252,252,10,-0.07,0,0.07,0.098995,0.098995,0.92,0,0.02,0.920217
253,253,10,-0.05,0,0.05,0.0707107,0.0707107,0.92,0,0.04,0.920869
254,254,10,-0.03,0,0.03,0.0424264,0.0424264,0.92,0,0.06,0.921954
255,255,10,-0.01,0,0.01,0.0141422,0.0141422,0.92,0,0.08,0.923472
256,256,10,-0.07,0,0.07,0.098995,0.098995,0.94,0,0.04,0.940851
257,257,10,-0.05,0,0.05,0.0707107,0.0707107,0.94,0,0.06,0.941913
258,258,10,-0.03,0,0.03,0.0424264,0.0424264,0.94,0,0.08,0.943398
259,259,10,-0.01,0,0.01,0.0141422,0.0141422,0.94,0,0.1,0.945304
260,260,10,-0.07,0,0.07,0.098995,0.098995,0.96,0,0.06,0.961873
261,261,10,-0.05,0,0.05,0.0707107,0.0707107,0.96,0,0.08,0.963328
262,262,10,-0.03,0,0.03,0.0424264,0.0424264,0.96,0,0.1,0.965194
263,263,10,-0.01,0,0.01,0.0141421,0.0141421,0.96,0,0.12,0.967471
264,264,10,-0.07,0,0.07,0.098995,0.098995,0.98,0,0.08,0.98326
265,265,10,-0.05,0,0.05,0.0707107,0.0707107,0.98,0,0.1,0.985089
266,266,10,-0.03,0,0.03,0.0424264,0.0424264,0.98,0,0.12,0.98732
267,267,10,-0.01,0,0.01,0.0141421,0.0141421,0.98,0,0.14,0.989949
268,268,10,-0.07,0,0.07,0.098995,0.098995,1,0,0.1,1.00499
269,269,10,-0.05,0,0.05,0.0707107,0.0707107,1,0,0.12,1.00717
270,270,10,-0.03,0,0.03,0.0424264,0.0424264,1,0,0.14,1.00975
271,271,10,-0.01,0,0.01,0.0141421,0.0141421,1,0,0.16,1.01272
272,272,10,-0.07,0,0.07,0.098995,0.098995,1.02,0,0.12,1.02703
273,273,10,-0.05,0,0.05,0.0707107,0.0707107,1.02,0,0.14,1.02956
274,274,10,-0.03,0,0.03,0.0424264,0.0424264,1.02,0,0.16,1.03247
275,275,10,-0.01,0,0.01,0.0141421,0.0141421,1.02,0,0.18,1.03576
276,276,10,-0.07,0,0.07,0.0989949,0.0989949,1.04,0,0.14,1.04938
277,277,10,-0.05,0,0.05,0.0707107,0.0707107,1.04,0,0.16,1.05224
278,278,10,-0.03,0,0.03,0.0424264,0.0424264,1.04,0,0.18,1.05546
279,279,10,-0.01,0,0.01,0.0141421,0.0141421,1.04,0,0.2,1.05906
280,280,10,-0.07,0,0.07,0.0989949,0.0989949,1.06,0,0.16,1.07201
281,281,10,-0.05,0,0.05,0.0707107,0.0707107,1.06,0,0.18,1.07517
282,282,10,-0.03,0,0.03,0.0424264,0.0424264,1.06,0,0.2,1.0787
283,283,10,-0.00999999,0,0.00999999,0.0141421,0.0141421,1.06,0,0.22,1.08259
284,284,10,-0.07,0,0.07,0.0989949,0.0989949,1.08,0,0.18,1.0949
285,285,10,-0.05,0,0.05,0.0707107,0.0707107,1.08,0,0.2,1.09836
286,286,10,-0.03,0,0.03,0.0424264,0.0424264,1.08,0,0.22,1.10218
287,287,10,-0.00999999,0,0.00999999,0.0141421,0.0141421,1.08,0,0.24,1.10635
288,288,10,4.76837e-08,0,0.14,0.14,0.14,1.1,0,0.2,1.11803
289,289,10,4.76837e-08,0,0.1,0.1,0.1,1.1,0,0.22,1.12178
290,290,10,4.76837e-08,0,0.06,0.06,0.06,1.1,0,0.24,1.12588
291,291,10,4.76837e-08,0,0.02,0.02,0.02,1.1,0,0.26,1.13031
292,292,10,0.07,0,0.07,0.098995,0.098995,1.12,0,0.18,1.13437
293,293,10,0.05,0,0.05,0.0707107,0.0707107,1.12,0,0.2,1.13772
294,294,10,0.03,0,0.03,0.0424265,0.0424265,1.12,0,0.22,1.1414
295,295,10,0.01,0,0.01,0.0141422,0.0141422,1.12,0,0.24,1.14543
296,296,10,0.07,0,0.07,0.098995,0.098995,1.14,0,0.16,1.15117
297,297,10,0.05,0,0.05,0.0707107,0.0707107,1.14,0,0.18,1.15412
298,298,10,0.03,0,0.03,0.0424264,0.0424264,1.14,0,0.2,1.15741
299,299,10,0.01,0,0.01,0.0141422,0.0141422,1.14,0,0.22,1.16103
300,300,10,0.07,0,0.07,0.098995,0.098995,1.16,0,0.14,1.16842
301,301,10,0.05,0,0.05,0.0707107,0.0707107,1.16,0,0.16,1.17098
302,302,10,0.03,0,0.03,0.0424264,0.0424264,1.16,0,0.18,1.17388
303,303,10,0.01,0,0.01,0.0141422,0.0141422,1.16,0,0.2,1.17712
304,304,10,0.07,0,0.07,0.098995,0.098995,1.18,0,0.12,1.18609
305,305,10,0.05,0,0.05,0.0707107,0.0707107,1.18,0,0.14,1.18828
306,306,10,0.03,0,0.03,0.0424264,0.0424264,1.18,0,0.16,1.1908
307,307,10,0.01,0,0.01,0.0141422,0.0141422,1.18,0,0.18,1.19365
308,308,10,0.07,0,0.07,0.098995,0.098995,1.2,0,0.1,1.20416
309,309,10,0.05,0,0.05,0.0707107,0.0707107,1.2,0,0.12,1.20599
310,310,10,0.03,0,0.03,0.0424264,0.0424264,1.2,0,0.14,1.20814
311,311,10,0.01,0,0.01,0.0141422,0.0141422,1.2,0,0.16,1.21062
312,312,10,0.07,0,0.07,0.098995,0.098995,1.22,0,0.08,1.22262
313,313,10,0.05,0,0.05,0.0707107,0.0707107,1.22,0,0.1,1.22409
314,314,10,0.03,0,0.03,0.0424264,0.0424264,1.22,0,0.12,1.22589
315,315,10,0.01,0,0.01,0.0141422,0.0141422,1.22,0,0.14,1.22801
316,316,10,0.07,0,0.07,0.098995,0.098995,1.24,0,0.06,1.24145
317,317,10,0.05,0,0.05,0.0707107,0.0707107,1.24,0,0.08,1.24258
318,318,10,0.03,0,0.03,0.0424264,0.0424264,1.24,0,0.1,1.24403
319,319,10,0.01,0,0.01,0.0141422,0.0141422,1.24,0,0.12,1.24579
320,320,10,0.07,0,0.07,0.098995,0.098995,1.26,0,0.04,1.26063
321,321,10,0.05,0,0.05,0.0707107,0.0707107,1.26,0,0.06,1.26143
322,322,10,0.03,0,0.03,0.0424264,0.0424264,1.26,0,0.08,1.26254
323,323,10,0.01,0,0.01,0.0141422,0.0141422,1.26,0,0.1,1.26396
324,324,10,0.07,0,0.07,0.098995,0.098995,1.28,0,0.02,1.28016
325,325,10,0.05,0,0.05,0.0707107,0.0707107,1.28,0,0.04,1.28062
326,326,10,0.03,0,0.03,0.0424264,0.0424264,1.28,0,0.06,1.28141
327,327,10,0.01,0,0.01,0.0141422,0.0141422,1.28,0,0.08,1.2825
328,328,10,0.07,0,0.07,0.098995,0.098995,1.3,0,0,1.3
329,329,10,0.05,0,0.05,0.0707107,0.0707107,1.3,0,0.02,1.30015
330,330,10,0.03,0,0.03,0.0424264,0.0424264,1.3,0,0.04,1.30062
331,331,10,0.01,0,0.01,0.0141422,0.0141422,1.3,0,0.06,1.30138
332,332,10,0.07,0,0.07,0.098995,0.098995,1.32,0,-0.02,1.32015
333,333,10,0.05,0,0.05,0.0707107,0.0707107,1.32,0,0,1.32
334,334,10,0.03,0,0.03,0.0424264,0.0424264,1.32,0,0.02,1.32015
335,335,10,0.01,0,0.01,0.0141422,0.0141422,1.32,0,0.04,1.32061
336,336,10,0.04,0,0.1,0.107703,0.107703,1.34,0,-0.04,1.3406
337,337,10,0.04,0,0.06,0.072111,0.072111,1.34,0,-0.02,1.34015
338,338,10,0.03,0,0.03,0.0424264,0.0424264,1.34,0,0,1.34
339,339,10,0.01,0,0.01,0.0141422,0.0141422,1.34,0,0.02,1.34015
340,340,10,0,0,0.1,0.1,0.1,1.36,0,-0.04,1.36059
341,341,10,0,0,0.06,0.06,0.06,1.36,0,-0.02,1.36015
342,342,10,0,0,0.02,0.02,0.02,1.36,0,0,1.36
343,343,10,0,0,0.1,0.1,0.1,1.38,0,-0.04,1.38058
344,344,10,0,0,0.06,0.06,0.06,1.38,0,-0.02,1.38014
345,345,10,0,0,0.02,0.02,0.02,1.38,0,0,1.38
346,346,10,0,0,0.1,0.1,0.1,1.4,0,-0.04,1.40057
347,347,10,0,0,0.06,0.06,0.06,1.4,0,-0.02,1.40014
348,348,10,0,0,0.02,0.02,0.02,1.4,0,0,1.4
349,349,10,0,0,0.1,0.1,0.1,1.42,0,-0.04,1.42056
350,350,10,0,0,0.06,0.06,0.06,1.42,0,-0.02,1.42014
351,351,10,0,0,0.02,0.02,0.02,1.42,0,0,1.42
352,352,10,0,0,0.1,0.1,0.1,1.44,0,-0.04,1.44056
353,353,10,0,0,0.06,0.06,0.06,1.44,0,-0.02,1.44014
354,354,10,0,0,0.02,0.02,0.02,1.44,0,0,1.44
355,355,10,0,0,0.1,0.1,0.1,1.46,0,-0.04,1.46055
356,356,10,0,0,0.06,0.06,0.06,1.46,0,-0.02,1.46014
357,357,10,0,0,0.02,0.02,0.02,1.46,0,0,1.46
358,358,10,0,0,0.1,0.1,0.1,1.48,0,-0.04,1.48054
359,359,10,0,0,0.06,0.06,0.06,1.48,0,-0.02,1.48014
360,360,10,0,0,0.02,0.02,0.02,1.48,0,0,1.48
361,361,10,0,0,0.1,0.1,0.1,1.5,0,-0.04,1.50053
362,362,10,0,0,0.06,0.06,0.06,1.5,0,-0.02,1.50013
363,363,10,0,0,0.02,0.02,0.02,1.5,0,0,1.5
364,364,10,0,0,0.1,0.1,0.1,1.52,0,-0.04,1.52053
365,365,10,0,0,0.06,0.06,0.06,1.52,0,-0.02,1.52013
366,366,10,0,0,0.02,0.02,0.02,1.52,0,0,1.52
367,367,10,0,0,0.1,0.1,0.1,1.54,0,-0.04,1.54052
368,368,10,0,0,0.06,0.06,0.06,1.54,0,-0.02,1.54013
369,369,10,0,0,0.02,0.02,0.02,1.54,0,0,1.54
370,370,10,0,0,0.1,0.1,0.1,1.56,0,-0.04,1.56051
371,371,10,0,0,0.06,0.06,0.06,1.56,0,-0.02,1.56013
372,372,10,0,0,0.02,0.02,0.02,1.56,0,0,1.56
373,373,10,0,0,0.1,0.1,0.1,1.58,0,-0.04,1.58051
374,374,10,0,0,0.06,0.06,0.06,1.58,0,-0.02,1.58013
375,375,10,0,0,0.02,0.02,0.02,1.58,0,0,1.58
376,376,10,0,0,0.1,0.1,0.1,1.6,0,-0.04,1.6005
377,377,10,0,0,0.06,0.06,0.06,1.6,0,-0.02,1.60012
378,378,10,0,0,0.02,0.02,0.02,1.6,0,0,1.6
379,379,10,0,0,0.1,0.1,0.1,1.62,0,-0.04,1.62049
380,380,10,0,0,0.06,0.06,0.06,1.62,0,-0.02,1.62012
381,381,10,0,0,0.02,0.02,0.02,1.62,0,0,1.62
382,382,10,0,0,0.1,0.1,0.1,1.64,0,-0.04,1.64049
383,383,10,0,0,0.06,0.06,0.06,1.64,0,-0.02,1.64012
384,384,10,0,0,0.02,0.02,0.02,1.64,0,0,1.64
385,385,10,0,0,0.1,0.1,0.1,1.66,0,-0.04,1.66048
386,386,10,0,0,0.06,0.06,0.06,1.66,0,-0.02,1.66012
387,387,10,0,0,0.02,0.02,0.02,1.66,0,0,1.66
388,388,10,0,0,0.1,0.1,0.1,1.68,0,-0.04,1.68048
389,389,10,0,0,0.06,0.06,0.06,1.68,0,-0.02,1.68012
390,390,10,0,0,0.02,0.02,0.02,1.68,0,0,1.68
391,391,10,0,0,0.1,0.1,0.1,1.7,0,-0.04,1.70047
392,392,10,0,0,0.06,0.06,0.06,1.7,0,-0.02,1.70012
393,393,10,0,0,0.02,0.02,0.02,1.7,0,0,1.7
394,394,10,0,0,0.1,0.1,0.1,1.72,0,-0.04,1.72047
395,395,10,0,0,0.06,0.06,0.06,1.72,0,-0.02,1.72012
396,396,10,0,0,0.02,0.02,0.02,1.72,0,0,1.72
397,397,10,0,0,0.1,0.1,0.1,1.74,0,-0.04,1.74046
398,398,10,0,0,0.06,0.06,0.06,1.74,0,-0.02,1.74011
399,399,10,0,0,0.02,0.02,0.02,1.74,0,0,1.74
400,400,10,0,0,0.1,0.1,0.1,1.76,0,-0.04,1.76045
401,401,10,0,0,0.06,0.06,0.06,1.76,0,-0.02,1.76011
402,402,10,0,0,0.02,0.02,0.02,1.76,0,0,1.76
403,403,10,0,0,0.1,0.1,0.1,1.78,0,-0.04,1.78045
404,404,10,0,0,0.06,0.06,0.06,1.78,0,-0.02,1.78011
405,405,10,0,0,0.02,0.02,0.02,1.78,0,0,1.78
406,406,10,0,0,0.1,0.1,0.1,1.8,0,-0.04,1.80044
407,407,10,0,0,0.06,0.06,0.06,1.8,0,-0.02,1.80011
408,408,10,0,0,0.02,0.02,0.02,1.8,0,0,1.8
409,409,10,0,0,0.1,0.1,0.1,1.82,0,-0.04,1.82044
410,410,10,0,0,0.06,0.06,0.06,1.82,0,-0.02,1.82011
411,411,10,0,0,0.02,0.02,0.02,1.82,0,0,1.82
412,412,10,0,0,0.1,0.1,0.1,1.84,0,-0.04,1.84043
413,413,10,0,0,0.06,0.06,0.06,1.84,0,-0.02,1.84011
414,414,10,0,0,0.02,0.02,0.02,1.84,0,0,1.84
415,415,10,0,0,0.1,0.1,0.1,1.86,0,-0.04,1.86043
416,416,10,0,0,0.06,0.06,0.06,1.86,0,-0.02,1.86011
417,417,10,0,0,0.02,0.02,0.02,1.86,0,0,1.86
418,418,10,0,0,0.1,0.1,0.1,1.88,0,-0.04,1.88043
419,419,10,0,0,0.06,0.06,0.06,1.88,0,-0.02,1.88011
420,420,10,0,0,0.02,0.02,0.02,1.88,0,0,1.88
421,421,10,0,0,0.1,0.1,0.1,1.9,0,-0.04,1.90042
422,422,10,0,0,0.06,0.06,0.06,1.9,0,-0.02,1.90011
423,423,10,0,0,0.02,0.02,0.02,1.9,0,0,1.9
424,424,10,0,0,0.1,0.1,0.1,1.92,0,-0.04,1.92042
425,425,10,0,0,0.06,0.06,0.06,1.92,0,-0.02,1.9201
426,426,10,0,0,0.02,0.02,0.02,1.92,0,0,1.92
427,427,10,0,0,0.1,0.1,0.1,1.94,0,-0.04,1.94041
428,428,10,0,0,0.06,0.06,0.06,1.94,0,-0.02,1.9401
429,429,10,0,0,0.02,0.02,0.02,1.94,0,0,1.94
430,430,10,0,0,0.1,0.1,0.1,1.96,0,-0.04,1.96041
431,431,10,0,0,0.06,0.06,0.06,1.96,0,-0.02,1.9601
432,432,10,0,0,0.02,0.02,0.02,1.96,0,0,1.96
433,433,10,0,0,0.1,0.1,0.1,1.98,0,-0.04,1.9804
434,434,10,0,0,0.06,0.06,0.06,1.98,0,-0.02,1.9801
435,435,10,0,0,0.02,0.02,0.02,1.98,0,0,1.98
436,436,10,0,0,0.1,0.1,0.1,2,0,-0.04,2.0004
437,437,10,0,0,0.06,0.06,0.06,2,0,-0.02,2.0001
438,438,10,0,0,0.02,0.02,0.02,2,0,0,2
439,439,10,0,0,0.1,0.1,0.1,2.02,0,-0.04,2.0204
440,440,10,0,0,0.06,0.06,0.06,2.02,0,-0.02,2.0201
441,441,10,0,0,0.02,0.02,0.02,2.02,0,0,2.02
442,442,10,0,0,0.1,0.1,0.1,2.04,0,-0.04,2.04039
443,443,10,0,0,0.06,0.06,0.06,2.04,0,-0.02,2.0401
444,444,10,0,0,0.02,0.02,0.02,2.04,0,0,2.04
445,445,10,0,0,0.1,0.1,0.1,2.06,0,-0.04,2.06039
446,446,10,0,0,0.06,0.06,0.06,2.06,0,-0.02,2.0601
447,447,10,0,0,0.02,0.02,0.02,2.06,0,0,2.06
448,448,10,0,0,0.1,0.1,0.1,2.08,0,-0.04,2.08038
449,449,10,0,0,0.06,0.06,0.06,2.08,0,-0.02,2.0801
450,450,10,0,0,0.02,0.02,0.02,2.08,0,0,2.08
451,451,10,0,0,0.1,0.1,0.1,2.1,0,-0.04,2.10038
452,452,10,0,0,0.06,0.06,0.06,2.1,0,-0.02,2.1001
453,453,10,0,0,0.02,0.02,0.02,2.1,0,0,2.1
454,454,10,0,0,0.1,0.1,0.1,2.12,0,-0.04,2.12038
455,455,10,0,0,0.06,0.06,0.06,2.12,0,-0.02,2.12009
456,456,10,0,0,0.02,0.02,0.02,2.12,0,0,2.12
457,457,10,0,0,0.1,0.1,0.1,2.14,0,-0.04,2.14037
458,458,10,0,0,0.06,0.06,0.06,2.14,0,-0.02,2.14009
459,459,10,0,0,0.02,0.02,0.02,2.14,0,0,2.14
460,460,10,0,0,0.1,0.1,0.1,2.16,0,-0.04,2.16037
461,461,10,0,0,0.06,0.06,0.06,2.16,0,-0.02,2.16009
462,462,10,0,0,0.02,0.02,0.02,2.16,0,0,2.16
463,463,10,0,0,0.1,0.1,0.1,2.18,0,-0.04,2.18037
464,464,10,0,0,0.06,0.06,0.06,2.18,0,-0.02,2.18009
465,465,10,0,0,0.02,0.02,0.02,2.18,0,0,2.18
466,466,10,-0.0199999,0,0.1,0.10198,0.10198,2.2,0,-0.04,2.20036
467,467,10,-0.0199999,0,0.06,0.0632455,0.0632455,2.2,0,-0.02,2.20009
468,468,10,-0.0199999,0,0.02,0.0282842,0.0282842,2.2,0,0,2.2
469,469,10,-0.0199999,0,0,0.0199999,0.0199999,2.2,0,0.02,2.20009
470,470,10,-0.0199999,0,0,0.0199999,0.0199999,2.2,0,0.04,2.20036
471,471,10,-0.0199999,0,0,0.0199999,0.0199999,2.2,0,0.06,2.20082
472,472,10,-0.0199999,0,0,0.0199999,0.0199999,2.2,0,0.08,2.20145
473,473,10,-0.0199999,0,0,0.0199999,0.0199999,2.2,0,0.1,2.20227
474,474,10,-0.0199999,0,0,0.0199999,0.0199999,2.2,0,0.12,2.20327
475,475,10,-0.0199999,0,0,0.0199999,0.0199999,2.2,0,0.14,2.20445
476,476,10,-0.0199999,0,0,0.0199999,0.0199999,2.2,0,0.16,2.20581
477,477,10,-0.0199999,0,0,0.0199999,0.0199999,2.2,0,0.18,2.20735
478,478,10,-0.0199999,0,0,0.0199999,0.0199999,2.2,0,0.2,2.20907
479,479,10,-0.0199999,0,0,0.0199999,0.0199999,2.2,0,0.22,2.21097
480,480,10,-0.0199999,0,0,0.0199999,0.0199999,2.2,0,0.24,2.21305
481,481,10,-0.0199999,0,0,0.0199999,0.0199999,2.2,0,0.26,2.21531
482,482,10,-0.0199999,0,0,0.0199999,0.0199999,2.2,0,0.28,2.21775
483,483,10,-0.0199999,0,0,0.0199999,0.0199999,2.2,0,0.3,2.22036
484,484,10,-0.0199999,0,0,0.0199999,0.0199999,2.2,0,0.32,2.22315
485,485,10,-0.0199999,0,0,0.0199999,0.0199999,2.2,0,0.34,2.22612
486,486,10,-0.0199999,0,0,0.0199999,0.0199999,2.2,0,0.36,2.22926
487,487,10,-0.0199999,0,0,0.0199999,0.0199999,2.2,0,0.38,2.23258
488,488,10,-0.0199999,0,0,0.0199999,0.0199999,2.2,0,0.4,2.23607
489,489,10,-0.0199999,0,0,0.0199999,0.0199999,2.2,0,0.42,2.23973
490,490,10,-0.0199999,0,0,0.0199999,0.0199999,2.2,0,0.44,2.24357
491,491,10,-0.0199999,0,0,0.0199999,0.0199999,2.2,0,0.46,2.24758
492,492,10,-0.0199999,0,0,0.0199999,0.0199999,2.2,0,0.48,2.25175
493,493,10,-0.0199999,0,0,0.0199999,0.0199999,2.2,0,0.5,2.2561
494,494,10,-0.0199999,0,0,0.0199999,0.0199999,2.2,0,0.52,2.26062
495,495,10,-0.0199999,0,0,0.0199999,0.0199999,2.2,0,0.54,2.2653
496,496,10,-0.0199999,0,0,0.0199999,0.0199999,2.2,0,0.56,2.27015
497,497,10,-0.0199999,0,0,0.0199999,0.0199999,2.2,0,0.58,2.27517
498,498,10,-0.0199999,0,0,0.0199999,0.0199999,2.2,0,0.6,2.28035
499,499,10,-0.0199999,0,0,0.0199999,0.0199999,2.2,0,0.62,2.28569
500,500,10,-0.0199999,0,0,0.0199999,0.0199999,2.2,0,0.64,2.2912
501,501,10,-0.0199999,0,0,0.0199999,0.0199999,2.2,0,0.66,2.29687
502,502,10,-0.0199999,0,0,0.0199999,0.0199999,2.2,0,0.68,2.30269
503,503,10,-0.0199999,0,0,0.0199999,0.0199999,2.2,0,0.7,2.30868
504,504,10,-0.0599999,0,0.1,0.116619,0.116619,2.22,0,-0.04,2.22036
505,505,10,-0.0599999,0,0.06,0.0848527,0.0848527,2.22,0,-0.02,2.22009
506,506,10,-0.0599999,0,0.02,0.0632454,0.0632454,2.22,0,0,2.22
507,507,10,-0.0599999,0,0,0.0599999,0.0599999,2.22,0,0.02,2.22009
508,508,10,-0.0599999,0,0,0.0599999,0.0599999,2.22,0,0.04,2.22036
509,509,10,-0.0599999,0,0,0.0599999,0.0599999,2.22,0,0.06,2.22081
510,510,10,-0.0599999,0,0,0.0599999,0.0599999,2.22,0,0.08,2.22144
511,511,10,-0.0599999,0,0,0.0599999,0.0599999,2.22,0,0.1,2.22225
512,512,10,-0.0599999,0,0,0.0599999,0.0599999,2.22,0,0.12,2.22324
513,513,10,-0.0599999,0,0,0.0599999,0.0599999,2.22,0,0.14,2.22441
514,514,10,-0.0599999,0,0,0.0599999,0.0599999,2.22,0,0.16,2.22576
515,515,10,-0.0599999,0,0,0.0599999,0.0599999,2.22,0,0.18,2.22729
516,516,10,-0.0599999,0,0,0.0599999,0.0599999,2.22,0,0.2,2.22899
517,517,10,-0.0599999,0,0,0.0599999,0.0599999,2.22,0,0.22,2.23087
518,518,10,-0.0599999,0,0,0.0599999,0.0599999,2.22,0,0.24,2.23294
519,519,10,-0.0599999,0,0,0.0599999,0.0599999,2.22,0,0.26,2.23517
520,520,10,-0.0599999,0,0,0.0599999,0.0599999,2.22,0,0.28,2.23759
521,521,10,-0.0599999,0,0,0.0599999,0.0599999,2.22,0,0.3,2.24018
522,522,10,-0.0599999,0,0,0.0599999,0.0599999,2.22,0,0.32,2.24294
523,523,10,-0.0599999,0,0,0.0599999,0.0599999,2.22,0,0.34,2.24589
524,524,10,-0.0599999,0,0,0.0599999,0.0599999,2.22,0,0.36,2.249
525,525,10,-0.0599999,0,0,0.0599999,0.0599999,2.22,0,0.38,2.25229
526,526,10,-0.0599999,0,0,0.0599999,0.0599999,2.22,0,0.4,2.25575
527,527,10,-0.0599999,0,0,0.0599999,0.0599999,2.22,0,0.42,2.25938
528,528,10,-0.0599999,0,0,0.0599999,0.0599999,2.22,0,0.44,2.26318
529,529,10,-0.0599999,0,0,0.0599999,0.0599999,2.22,0,0.46,2.26716
530,530,10,-0.0599999,0,0,0.0599999,0.0599999,2.22,0,0.48,2.2713
531,531,10,-0.0599999,0,0,0.0599999,0.0599999,2.22,0,0.5,2.27561
532,532,10,-0.0599999,0,0,0.0599999,0.0599999,2.22,0,0.52,2.28009
533,533,10,-0.0599999,0,0,0.0599999,0.0599999,2.22,0,0.54,2.28473
534,534,10,-0.0599999,0,0,0.0599999,0.0599999,2.22,0,0.56,2.28954
535,535,10,-0.0599999,0,0,0.0599999,0.0599999,2.22,0,0.58,2.29452
536,536,10,-0.0599999,0,0,0.0599999,0.0599999,2.22,0,0.6,2.29965
537,537,10,-0.0599999,0,0,0.0599999,0.0599999,2.22,0,0.62,2.30495
538,538,10,-0.0599999,0,0,0.0599999,0.0599999,2.22,0,0.64,2.31041
539,539,10,-0.0599999,0,0,0.0599999,0.0599999,2.22,0,0.66,2.31603
540,540,10,-0.0599999,0,0,0.0599999,0.0599999,2.22,0,0.68,2.32181
541,541,10,-0.0599999,0,0,0.0599999,0.0599999,2.22,0,0.7,2.32775
542,542,10,-0.0999999,0,0.1,0.141421,0.141421,2.24,0,-0.04,2.24036
543,543,10,-0.0999999,0,0.06,0.116619,0.116619,2.24,0,-0.02,2.24009
544,544,10,-0.0999999,0,0.02,0.10198,0.10198,2.24,0,0,2.24
545,545,10,-0.0999999,0,0,0.0999999,0.0999999,2.24,0,0.02,2.24009
546,546,10,-0.0999999,0,0,0.0999999,0.0999999,2.24,0,0.04,2.24036
547,547,10,-0.0999999,0,0,0.0999999,0.0999999,2.24,0,0.06,2.2408
548,548,10,-0.0999999,0,0,0.0999999,0.0999999,2.24,0,0.08,2.24143
549,549,10,-0.0999999,0,0,0.0999999,0.0999999,2.24,0,0.1,2.24223
550,550,10,-0.0999999,0,0,0.0999999,0.0999999,2.24,0,0.12,2.24321
551,551,10,-0.0999999,0,0,0.0999999,0.0999999,2.24,0,0.14,2.24437
552,552,10,-0.0999999,0,0,0.0999999,0.0999999,2.24,0,0.16,2.24571
553,553,10,-0.0999999,0,0,0.0999999,0.0999999,2.24,0,0.18,2.24722
554,554,10,-0.0999999,0,0,0.0999999,0.0999999,2.24,0,0.2,2.24891
555,555,10,-0.0999999,0,0,0.0999999,0.0999999,2.24,0,0.22,2.25078
556,556,10,-0.0999999,0,0,0.0999999,0.0999999,2.24,0,0.24,2.25282
557,557,10,-0.0999999,0,0,0.0999999,0.0999999,2.24,0,0.26,2.25504
558,558,10,-0.0999999,0,0,0.0999999,0.0999999,2.24,0,0.28,2.25743
559,559,10,-0.0999999,0,0,0.0999999,0.0999999,2.24,0,0.3,2.26
560,560,10,-0.0999999,0,0,0.0999999,0.0999999,2.24,0,0.32,2.26274
561,561,10,-0.0999999,0,0,0.0999999,0.0999999,2.24,0,0.34,2.26566
562,562,10,-0.0999999,0,0,0.0999999,0.0999999,2.24,0,0.36,2.26874
563,563,10,-0.0999999,0,0,0.0999999,0.0999999,2.24,0,0.38,2.272
564,564,10,-0.0999999,0,0,0.0999999,0.0999999,2.24,0,0.4,2.27543
565,565,10,-0.0999999,0,0,0.0999999,0.0999999,2.24,0,0.42,2.27903
566,566,10,-0.0999999,0,0,0.0999999,0.0999999,2.24,0,0.44,2.28281
567,567,10,-0.0999999,0,0,0.0999999,0.0999999,2.24,0,0.46,2.28674
568,568,10,-0.0999999,0,0,0.0999999,0.0999999,2.24,0,0.48,2.29085
569,569,10,-0.0999999,0,0,0.0999999,0.0999999,2.24,0,0.5,2.29513
570,570,10,-0.0999999,0,0,0.0999999,0.0999999,2.24,0,0.52,2.29957
571,571,10,-0.0999999,0,0,0.0999999,0.0999999,2.24,0,0.54,2.30417
572,572,10,-0.0999999,0,0,0.0999999,0.0999999,2.24,0,0.56,2.30894
573,573,10,-0.0999999,0,0,0.0999999,0.0999999,2.24,0,0.58,2.31387
574,574,10,-0.0999999,0,0,0.0999999,0.0999999,2.24,0,0.6,2.31897
575,575,10,-0.0999999,0,0,0.0999999,0.0999999,2.24,0,0.62,2.32422
576,576,10,-0.0999999,0,0,0.0999999,0.0999999,2.24,0,0.64,2.32964
577,577,10,-0.0999999,0,0,0.0999999,0.0999999,2.24,0,0.66,2.33521
578,578,10,-0.0999999,0,0,0.0999999,0.0999999,2.24,0,0.68,2.34094
579,579,10,-0.0999999,0,0,0.0999999,0.0999999,2.24,0,0.7,2.34683
