"Idp","Vel:0","Vel:1","Vel:2","Rhop","Points:0","Points:1","Points:2"
580,0,0,0,1002.5,0.02,0,0.02
581,0,0,0,1002.4,0.02,0,0.04
582,0,0,0,1002.3,0.02,0,0.06
583,0,0,0,1002.2,0.02,0,0.08
584,0,0,0,1002.1,0.02,0,0.1
585,0,0,0,1001.9,0.02,0,0.12
586,0,0,0,1001.8,0.02,0,0.14
587,0,0,0,1001.7,0.02,0,0.16
588,0,0,0,1001.6,0.02,0,0.18
589,0,0,0,1001.5,0.02,0,0.2
590,0,0,0,1001.4,0.02,0,0.22
591,0,0,0,1001.3,0.02,0,0.24
592,0,0,0,1001.2,0.02,0,0.26
593,0,0,0,1001.1,0.02,0,0.28
594,0,0,0,1001,0.02,0,0.3
595,0,0,0,1000.9,0.02,0,0.32
596,0,0,0,1000.8,0.02,0,0.34
597,0,0,0,1000.7,0.02,0,0.36
598,0,0,0,1000.5,0.02,0,0.38
599,0,0,0,1000.4,0.02,0,0.4
600,0,0,0,1000.3,0.02,0,0.42
601,0,0,0,1000.2,0.02,0,0.44
602,0,0,0,1000.1,0.02,0,0.46
603,0,0,0,1000,0.02,0,0.48
604,0,0,0,1002.5,0.04,0,0.02
605,0,0,0,1002.4,0.04,0,0.04
606,0,0,0,1002.3,0.04,0,0.06
607,0,0,0,1002.2,0.04,0,0.08
608,0,0,0,1002.1,0.04,0,0.1
609,0,0,0,1001.9,0.04,0,0.12
610,0,0,0,1001.8,0.04,0,0.14
611,0,0,0,1001.7,0.04,0,0.16
612,0,0,0,1001.6,0.04,0,0.18
613,0,0,0,1001.5,0.04,0,0.2
614,0,0,0,1001.4,0.04,0,0.22
615,0,0,0,1001.3,0.04,0,0.24
616,0,0,0,1001.2,0.04,0,0.26
617,0,0,0,1001.1,0.04,0,0.28
618,0,0,0,1001,0.04,0,0.3
619,0,0,0,1000.9,0.04,0,0.32
620,0,0,0,1000.8,0.04,0,0.34
621,0,0,0,1000.7,0.04,0,0.36
622,0,0,0,1000.5,0.04,0,0.38
623,0,0,0,1000.4,0.04,0,0.4
624,0,0,0,1000.3,0.04,0,0.42
625,0,0,0,1000.2,0.04,0,0.44
626,0,0,0,1000.1,0.04,0,0.46
627,0,0,0,1000,0.04,0,0.48
628,0,0,0,1002.5,0.06,0,0.02
629,0,0,0,1002.4,0.06,0,0.04
630,0,0,0,1002.3,0.06,0,0.06
631,0,0,0,1002.2,0.06,0,0.08
632,0,0,0,1002.1,0.06,0,0.1
633,0,0,0,1001.9,0.06,0,0.12
634,0,0,0,1001.8,0.06,0,0.14
635,0,0,0,1001.7,0.06,0,0.16
636,0,0,0,1001.6,0.06,0,0.18
637,0,0,0,1001.5,0.06,0,0.2
638,0,0,0,1001.4,0.06,0,0.22
639,0,0,0,1001.3,0.06,0,0.24
640,0,0,0,1001.2,0.06,0,0.26
641,0,0,0,1001.1,0.06,0,0.28
642,0,0,0,1001,0.06,0,0.3
643,0,0,0,1000.9,0.06,0,0.32
644,0,0,0,1000.8,0.06,0,0.34
645,0,0,0,1000.7,0.06,0,0.36
646,0,0,0,1000.5,0.06,0,0.38
647,0,0,0,1000.4,0.06,0,0.4
648,0,0,0,1000.3,0.06,0,0.42
649,0,0,0,1000.2,0.06,0,0.44
650,0,0,0,1000.1,0.06,0,0.46
651,0,0,0,1000,0.06,0,0.48
652,0,0,0,1002.5,0.08,0,0.02
653,0,0,0,1002.4,0.08,0,0.04
654,0,0,0,1002.3,0.08,0,0.06
655,0,0,0,1002.2,0.08,0,0.08
656,0,0,0,1002.1,0.08,0,0.1
657,0,0,0,1001.9,0.08,0,0.12
658,0,0,0,1001.8,0.08,0,0.14
659,0,0,0,1001.7,0.08,0,0.16
660,0,0,0,1001.6,0.08,0,0.18
661,0,0,0,1001.5,0.08,0,0.2
662,0,0,0,1001.4,0.08,0,0.22
663,0,0,0,1001.3,0.08,0,0.24
664,0,0,0,1001.2,0.08,0,0.26
665,0,0,0,1001.1,0.08,0,0.28
666,0,0,0,1001,0.08,0,0.3
667,0,0,0,1000.9,0.08,0,0.32
668,0,0,0,1000.8,0.08,0,0.34
669,0,0,0,1000.7,0.08,0,0.36
670,0,0,0,1000.5,0.08,0,0.38
671,0,0,0,1000.4,0.08,0,0.4
672,0,0,0,1000.3,0.08,0,0.42
673,0,0,0,1000.2,0.08,0,0.44
674,0,0,0,1000.1,0.08,0,0.46
675,0,0,0,1000,0.08,0,0.48
676,0,0,0,1002.5,0.1,0,0.02
677,0,0,0,1002.4,0.1,0,0.04
678,0,0,0,1002.3,0.1,0,0.06
679,0,0,0,1002.2,0.1,0,0.08
680,0,0,0,1002.1,0.1,0,0.1
681,0,0,0,1001.9,0.1,0,0.12
682,0,0,0,1001.8,0.1,0,0.14
683,0,0,0,1001.7,0.1,0,0.16
684,0,0,0,1001.6,0.1,0,0.18
685,0,0,0,1001.5,0.1,0,0.2
686,0,0,0,1001.4,0.1,0,0.22
687,0,0,0,1001.3,0.1,0,0.24
688,0,0,0,1001.2,0.1,0,0.26
689,0,0,0,1001.1,0.1,0,0.28
690,0,0,0,1001,0.1,0,0.3
691,0,0,0,1000.9,0.1,0,0.32
692,0,0,0,1000.8,0.1,0,0.34
693,0,0,0,1000.7,0.1,0,0.36
694,0,0,0,1000.5,0.1,0,0.38
695,0,0,0,1000.4,0.1,0,0.4
696,0,0,0,1000.3,0.1,0,0.42
697,0,0,0,1000.2,0.1,0,0.44
698,0,0,0,1000.1,0.1,0,0.46
699,0,0,0,1000,0.1,0,0.48
700,0,0,0,1002.5,0.12,0,0.02
701,0,0,0,1002.4,0.12,0,0.04
702,0,0,0,1002.3,0.12,0,0.06
703,0,0,0,1002.2,0.12,0,0.08
704,0,0,0,1002.1,0.12,0,0.1
705,0,0,0,1001.9,0.12,0,0.12
706,0,0,0,1001.8,0.12,0,0.14
707,0,0,0,1001.7,0.12,0,0.16
708,0,0,0,1001.6,0.12,0,0.18
709,0,0,0,1001.5,0.12,0,0.2
710,0,0,0,1001.4,0.12,0,0.22
711,0,0,0,1001.3,0.12,0,0.24
712,0,0,0,1001.2,0.12,0,0.26
713,0,0,0,1001.1,0.12,0,0.28
714,0,0,0,1001,0.12,0,0.3
715,0,0,0,1000.9,0.12,0,0.32
716,0,0,0,1000.8,0.12,0,0.34
717,0,0,0,1000.7,0.12,0,0.36
718,0,0,0,1000.5,0.12,0,0.38
719,0,0,0,1000.4,0.12,0,0.4
720,0,0,0,1000.3,0.12,0,0.42
721,0,0,0,1000.2,0.12,0,0.44
722,0,0,0,1000.1,0.12,0,0.46
723,0,0,0,1000,0.12,0,0.48
724,0,0,0,1002.5,0.14,0,0.02
725,0,0,0,1002.4,0.14,0,0.04
726,0,0,0,1002.3,0.14,0,0.06
727,0,0,0,1002.2,0.14,0,0.08
728,0,0,0,1002.1,0.14,0,0.1
729,0,0,0,1001.9,0.14,0,0.12
730,0,0,0,1001.8,0.14,0,0.14
731,0,0,0,1001.7,0.14,0,0.16
732,0,0,0,1001.6,0.14,0,0.18
733,0,0,0,1001.5,0.14,0,0.2
734,0,0,0,1001.4,0.14,0,0.22
735,0,0,0,1001.3,0.14,0,0.24
736,0,0,0,1001.2,0.14,0,0.26
737,0,0,0,1001.1,0.14,0,0.28
738,0,0,0,1001,0.14,0,0.3
739,0,0,0,1000.9,0.14,0,0.32
740,0,0,0,1000.8,0.14,0,0.34
741,0,0,0,1000.7,0.14,0,0.36
742,0,0,0,1000.5,0.14,0,0.38
743,0,0,0,1000.4,0.14,0,0.4
744,0,0,0,1000.3,0.14,0,0.42
745,0,0,0,1000.2,0.14,0,0.44
746,0,0,0,1000.1,0.14,0,0.46
747,0,0,0,1000,0.14,0,0.48
748,0,0,0,1002.5,0.16,0,0.02
749,0,0,0,1002.4,0.16,0,0.04
750,0,0,0,1002.3,0.16,0,0.06
751,0,0,0,1002.2,0.16,0,0.08
752,0,0,0,1002.1,0.16,0,0.1
753,0,0,0,1001.9,0.16,0,0.12
754,0,0,0,1001.8,0.16,0,0.14
755,0,0,0,1001.7,0.16,0,0.16
756,0,0,0,1001.6,0.16,0,0.18
757,0,0,0,1001.5,0.16,0,0.2
758,0,0,0,1001.4,0.16,0,0.22
759,0,0,0,1001.3,0.16,0,0.24
760,0,0,0,1001.2,0.16,0,0.26
761,0,0,0,1001.1,0.16,0,0.28
762,0,0,0,1001,0.16,0,0.3
763,0,0,0,1000.9,0.16,0,0.32
764,0,0,0,1000.8,0.16,0,0.34
765,0,0,0,1000.7,0.16,0,0.36
766,0,0,0,1000.5,0.16,0,0.38
767,0,0,0,1000.4,0.16,0,0.4
768,0,0,0,1000.3,0.16,0,0.42
769,0,0,0,1000.2,0.16,0,0.44
770,0,0,0,1000.1,0.16,0,0.46
771,0,0,0,1000,0.16,0,0.48
772,0,0,0,1002.5,0.18,0,0.02
773,0,0,0,1002.4,0.18,0,0.04
774,0,0,0,1002.3,0.18,0,0.06
775,0,0,0,1002.2,0.18,0,0.08
776,0,0,0,1002.1,0.18,0,0.1
777,0,0,0,1001.9,0.18,0,0.12
778,0,0,0,1001.8,0.18,0,0.14
779,0,0,0,1001.7,0.18,0,0.16
780,0,0,0,1001.6,0.18,0,0.18
781,0,0,0,1001.5,0.18,0,0.2
782,0,0,0,1001.4,0.18,0,0.22
783,0,0,0,1001.3,0.18,0,0.24
784,0,0,0,1001.2,0.18,0,0.26
785,0,0,0,1001.1,0.18,0,0.28
786,0,0,0,1001,0.18,0,0.3
787,0,0,0,1000.9,0.18,0,0.32
788,0,0,0,1000.8,0.18,0,0.34
789,0,0,0,1000.7,0.18,0,0.36
790,0,0,0,1000.5,0.18,0,0.38
791,0,0,0,1000.4,0.18,0,0.4
792,0,0,0,1000.3,0.18,0,0.42
793,0,0,0,1000.2,0.18,0,0.44
794,0,0,0,1000.1,0.18,0,0.46
795,0,0,0,1000,0.18,0,0.48
796,0,0,0,1002.5,0.2,0,0.02
797,0,0,0,1002.4,0.2,0,0.04
798,0,0,0,1002.3,0.2,0,0.06
799,0,0,0,1002.2,0.2,0,0.08
800,0,0,0,1002.1,0.2,0,0.1
801,0,0,0,1001.9,0.2,0,0.12
802,0,0,0,1001.8,0.2,0,0.14
803,0,0,0,1001.7,0.2,0,0.16
804,0,0,0,1001.6,0.2,0,0.18
805,0,0,0,1001.5,0.2,0,0.2
806,0,0,0,1001.4,0.2,0,0.22
807,0,0,0,1001.3,0.2,0,0.24
808,0,0,0,1001.2,0.2,0,0.26
809,0,0,0,1001.1,0.2,0,0.28
810,0,0,0,1001,0.2,0,0.3
811,0,0,0,1000.9,0.2,0,0.32
812,0,0,0,1000.8,0.2,0,0.34
813,0,0,0,1000.7,0.2,0,0.36
814,0,0,0,1000.5,0.2,0,0.38
815,0,0,0,1000.4,0.2,0,0.4
816,0,0,0,1000.3,0.2,0,0.42
817,0,0,0,1000.2,0.2,0,0.44
818,0,0,0,1000.1,0.2,0,0.46
819,0,0,0,1000,0.2,0,0.48
820,0,0,0,1002.5,0.22,0,0.02
821,0,0,0,1002.4,0.22,0,0.04
822,0,0,0,1002.3,0.22,0,0.06
823,0,0,0,1002.2,0.22,0,0.08
824,0,0,0,1002.1,0.22,0,0.1
825,0,0,0,1001.9,0.22,0,0.12
826,0,0,0,1001.8,0.22,0,0.14
827,0,0,0,1001.7,0.22,0,0.16
828,0,0,0,1001.6,0.22,0,0.18
829,0,0,0,1001.5,0.22,0,0.2
830,0,0,0,1001.4,0.22,0,0.22
831,0,0,0,1001.3,0.22,0,0.24
832,0,0,0,1001.2,0.22,0,0.26
833,0,0,0,1001.1,0.22,0,0.28
834,0,0,0,1001,0.22,0,0.3
835,0,0,0,1000.9,0.22,0,0.32
836,0,0,0,1000.8,0.22,0,0.34
837,0,0,0,1000.7,0.22,0,0.36
838,0,0,0,1000.5,0.22,0,0.38
839,0,0,0,1000.4,0.22,0,0.4
840,0,0,0,1000.3,0.22,0,0.42
841,0,0,0,1000.2,0.22,0,0.44
842,0,0,0,1000.1,0.22,0,0.46
843,0,0,0,1000,0.22,0,0.48
844,0,0,0,1002.5,0.24,0,0.02
845,0,0,0,1002.4,0.24,0,0.04
846,0,0,0,1002.3,0.24,0,0.06
847,0,0,0,1002.2,0.24,0,0.08
848,0,0,0,1002.1,0.24,0,0.1
849,0,0,0,1001.9,0.24,0,0.12
850,0,0,0,1001.8,0.24,0,0.14
851,0,0,0,1001.7,0.24,0,0.16
852,0,0,0,1001.6,0.24,0,0.18
853,0,0,0,1001.5,0.24,0,0.2
854,0,0,0,1001.4,0.24,0,0.22
855,0,0,0,1001.3,0.24,0,0.24
856,0,0,0,1001.2,0.24,0,0.26
857,0,0,0,1001.1,0.24,0,0.28
858,0,0,0,1001,0.24,0,0.3
859,0,0,0,1000.9,0.24,0,0.32
860,0,0,0,1000.8,0.24,0,0.34
861,0,0,0,1000.7,0.24,0,0.36
862,0,0,0,1000.5,0.24,0,0.38
863,0,0,0,1000.4,0.24,0,0.4
864,0,0,0,1000.3,0.24,0,0.42
865,0,0,0,1000.2,0.24,0,0.44
866,0,0,0,1000.1,0.24,0,0.46
867,0,0,0,1000,0.24,0,0.48
868,0,0,0,1002.5,0.26,0,0.02
869,0,0,0,1002.4,0.26,0,0.04
870,0,0,0,1002.3,0.26,0,0.06
871,0,0,0,1002.2,0.26,0,0.08
872,0,0,0,1002.1,0.26,0,0.1
873,0,0,0,1001.9,0.26,0,0.12
874,0,0,0,1001.8,0.26,0,0.14
875,0,0,0,1001.7,0.26,0,0.16
876,0,0,0,1001.6,0.26,0,0.18
877,0,0,0,1001.5,0.26,0,0.2
878,0,0,0,1001.4,0.26,0,0.22
879,0,0,0,1001.3,0.26,0,0.24
880,0,0,0,1001.2,0.26,0,0.26
881,0,0,0,1001.1,0.26,0,0.28
882,0,0,0,1001,0.26,0,0.3
883,0,0,0,1000.9,0.26,0,0.32
884,0,0,0,1000.8,0.26,0,0.34
885,0,0,0,1000.7,0.26,0,0.36
886,0,0,0,1000.5,0.26,0,0.38
887,0,0,0,1000.4,0.26,0,0.4
888,0,0,0,1000.3,0.26,0,0.42
889,0,0,0,1000.2,0.26,0,0.44
890,0,0,0,1000.1,0.26,0,0.46
891,0,0,0,1000,0.26,0,0.48
892,0,0,0,1002.5,0.28,0,0.02
893,0,0,0,1002.4,0.28,0,0.04
894,0,0,0,1002.3,0.28,0,0.06
895,0,0,0,1002.2,0.28,0,0.08
896,0,0,0,1002.1,0.28,0,0.1
897,0,0,0,1001.9,0.28,0,0.12
898,0,0,0,1001.8,0.28,0,0.14
899,0,0,0,1001.7,0.28,0,0.16
900,0,0,0,1001.6,0.28,0,0.18
901,0,0,0,1001.5,0.28,0,0.2
902,0,0,0,1001.4,0.28,0,0.22
903,0,0,0,1001.3,0.28,0,0.24
904,0,0,0,1001.2,0.28,0,0.26
905,0,0,0,1001.1,0.28,0,0.28
906,0,0,0,1001,0.28,0,0.3
907,0,0,0,1000.9,0.28,0,0.32
908,0,0,0,1000.8,0.28,0,0.34
909,0,0,0,1000.7,0.28,0,0.36
910,0,0,0,1000.5,0.28,0,0.38
911,0,0,0,1000.4,0.28,0,0.4
912,0,0,0,1000.3,0.28,0,0.42
913,0,0,0,1000.2,0.28,0,0.44
914,0,0,0,1000.1,0.28,0,0.46
915,0,0,0,1000,0.28,0,0.48
916,0,0,0,1002.5,0.3,0,0.02
917,0,0,0,1002.4,0.3,0,0.04
918,0,0,0,1002.3,0.3,0,0.06
919,0,0,0,1002.2,0.3,0,0.08
920,0,0,0,1002.1,0.3,0,0.1
921,0,0,0,1001.9,0.3,0,0.12
922,0,0,0,1001.8,0.3,0,0.14
923,0,0,0,1001.7,0.3,0,0.16
924,0,0,0,1001.6,0.3,0,0.18
925,0,0,0,1001.5,0.3,0,0.2
926,0,0,0,1001.4,0.3,0,0.22
927,0,0,0,1001.3,0.3,0,0.24
928,0,0,0,1001.2,0.3,0,0.26
929,0,0,0,1001.1,0.3,0,0.28
930,0,0,0,1001,0.3,0,0.3
931,0,0,0,1000.9,0.3,0,0.32
932,0,0,0,1000.8,0.3,0,0.34
933,0,0,0,1000.7,0.3,0,0.36
934,0,0,0,1000.5,0.3,0,0.38
935,0,0,0,1000.4,0.3,0,0.4
936,0,0,0,1000.3,0.3,0,0.42
937,0,0,0,1000.2,0.3,0,0.44
938,0,0,0,1000.1,0.3,0,0.46
939,0,0,0,1000,0.3,0,0.48
940,0,0,0,1002.5,0.32,0,0.02
941,0,0,0,1002.4,0.32,0,0.04
942,0,0,0,1002.3,0.32,0,0.06
943,0,0,0,1002.2,0.32,0,0.08
944,0,0,0,1002.1,0.32,0,0.1
945,0,0,0,1001.9,0.32,0,0.12
946,0,0,0,1001.8,0.32,0,0.14
947,0,0,0,1001.7,0.32,0,0.16
948,0,0,0,1001.6,0.32,0,0.18
949,0,0,0,1001.5,0.32,0,0.2
950,0,0,0,1001.4,0.32,0,0.22
951,0,0,0,1001.3,0.32,0,0.24
952,0,0,0,1001.2,0.32,0,0.26
953,0,0,0,1001.1,0.32,0,0.28
954,0,0,0,1001,0.32,0,0.3
955,0,0,0,1000.9,0.32,0,0.32
956,0,0,0,1000.8,0.32,0,0.34
957,0,0,0,1000.7,0.32,0,0.36
958,0,0,0,1000.5,0.32,0,0.38
959,0,0,0,1000.4,0.32,0,0.4
960,0,0,0,1000.3,0.32,0,0.42
961,0,0,0,1000.2,0.32,0,0.44
962,0,0,0,1000.1,0.32,0,0.46
963,0,0,0,1000,0.32,0,0.48
964,0,0,0,1002.5,0.34,0,0.02
965,0,0,0,1002.4,0.34,0,0.04
966,0,0,0,1002.3,0.34,0,0.06
967,0,0,0,1002.2,0.34,0,0.08
968,0,0,0,1002.1,0.34,0,0.1
969,0,0,0,1001.9,0.34,0,0.12
970,0,0,0,1001.8,0.34,0,0.14
971,0,0,0,1001.7,0.34,0,0.16
972,0,0,0,1001.6,0.34,0,0.18
973,0,0,0,1001.5,0.34,0,0.2
974,0,0,0,1001.4,0.34,0,0.22
975,0,0,0,1001.3,0.34,0,0.24
976,0,0,0,1001.2,0.34,0,0.26
977,0,0,0,1001.1,0.34,0,0.28
978,0,0,0,1001,0.34,0,0.3
979,0,0,0,1000.9,0.34,0,0.32
980,0,0,0,1000.8,0.34,0,0.34
981,0,0,0,1000.7,0.34,0,0.36
982,0,0,0,1000.5,0.34,0,0.38
983,0,0,0,1000.4,0.34,0,0.4
984,0,0,0,1000.3,0.34,0,0.42
985,0,0,0,1000.2,0.34,0,0.44
986,0,0,0,1000.1,0.34,0,0.46
987,0,0,0,1000,0.34,0,0.48
988,0,0,0,1002.5,0.36,0,0.02
989,0,0,0,1002.4,0.36,0,0.04
990,0,0,0,1002.3,0.36,0,0.06
991,0,0,0,1002.2,0.36,0,0.08
992,0,0,0,1002.1,0.36,0,0.1
993,0,0,0,1001.9,0.36,0,0.12
994,0,0,0,1001.8,0.36,0,0.14
995,0,0,0,1001.7,0.36,0,0.16
996,0,0,0,1001.6,0.36,0,0.18
997,0,0,0,1001.5,0.36,0,0.2
998,0,0,0,1001.4,0.36,0,0.22
999,0,0,0,1001.3,0.36,0,0.24
1000,0,0,0,1001.2,0.36,0,0.26
1001,0,0,0,1001.1,0.36,0,0.28
1002,0,0,0,1001,0.36,0,0.3
1003,0,0,0,1000.9,0.36,0,0.32
1004,0,0,0,1000.8,0.36,0,0.34
1005,0,0,0,1000.7,0.36,0,0.36
1006,0,0,0,1000.5,0.36,0,0.38
1007,0,0,0,1000.4,0.36,0,0.4
1008,0,0,0,1000.3,0.36,0,0.42
1009,0,0,0,1000.2,0.36,0,0.44
1010,0,0,0,1000.1,0.36,0,0.46
1011,0,0,0,1000,0.36,0,0.48
1012,0,0,0,1002.5,0.38,0,0.02
1013,0,0,0,1002.4,0.38,0,0.04
1014,0,0,0,1002.3,0.38,0,0.06
1015,0,0,0,1002.2,0.38,0,0.08
1016,0,0,0,1002.1,0.38,0,0.1
1017,0,0,0,1001.9,0.38,0,0.12
1018,0,0,0,1001.8,0.38,0,0.14
1019,0,0,0,1001.7,0.38,0,0.16
1020,0,0,0,1001.6,0.38,0,0.18
1021,0,0,0,1001.5,0.38,0,0.2
1022,0,0,0,1001.4,0.38,0,0.22
1023,0,0,0,1001.3,0.38,0,0.24
1024,0,0,0,1001.2,0.38,0,0.26
1025,0,0,0,1001.1,0.38,0,0.28
1026,0,0,0,1001,0.38,0,0.3
1027,0,0,0,1000.9,0.38,0,0.32
1028,0,0,0,1000.8,0.38,0,0.34
1029,0,0,0,1000.7,0.38,0,0.36
1030,0,0,0,1000.5,0.38,0,0.38
1031,0,0,0,1000.4,0.38,0,0.4
1032,0,0,0,1000.3,0.38,0,0.42
1033,0,0,0,1000.2,0.38,0,0.44
1034,0,0,0,1000.1,0.38,0,0.46
1035,0,0,0,1000,0.38,0,0.48
1036,0,0,0,1002.5,0.4,0,0.02
1037,0,0,0,1002.4,0.4,0,0.04
1038,0,0,0,1002.3,0.4,0,0.06
1039,0,0,0,1002.2,0.4,0,0.08
1040,0,0,0,1002.1,0.4,0,0.1
1041,0,0,0,1001.9,0.4,0,0.12
1042,0,0,0,1001.8,0.4,0,0.14
1043,0,0,0,1001.7,0.4,0,0.16
1044,0,0,0,1001.6,0.4,0,0.18
1045,0,0,0,1001.5,0.4,0,0.2
1046,0,0,0,1001.4,0.4,0,0.22
1047,0,0,0,1001.3,0.4,0,0.24
1048,0,0,0,1001.2,0.4,0,0.26
1049,0,0,0,1001.1,0.4,0,0.28
1050,0,0,0,1001,0.4,0,0.3
1051,0,0,0,1000.9,0.4,0,0.32
1052,0,0,0,1000.8,0.4,0,0.34
1053,0,0,0,1000.7,0.4,0,0.36
1054,0,0,0,1000.5,0.4,0,0.38
1055,0,0,0,1000.4,0.4,0,0.4
1056,0,0,0,1000.3,0.4,0,0.42
1057,0,0,0,1000.2,0.4,0,0.44
1058,0,0,0,1000.1,0.4,0,0.46
1059,0,0,0,1000,0.4,0,0.48
1060,0,0,0,1002.5,0.42,0,0.02
1061,0,0,0,1002.4,0.42,0,0.04
1062,0,0,0,1002.3,0.42,0,0.06
1063,0,0,0,1002.2,0.42,0,0.08
1064,0,0,0,1002.1,0.42,0,0.1
1065,0,0,0,1001.9,0.42,0,0.12
1066,0,0,0,1001.8,0.42,0,0.14
1067,0,0,0,1001.7,0.42,0,0.16
1068,0,0,0,1001.6,0.42,0,0.18
1069,0,0,0,1001.5,0.42,0,0.2
1070,0,0,0,1001.4,0.42,0,0.22
1071,0,0,0,1001.3,0.42,0,0.24
1072,0,0,0,1001.2,0.42,0,0.26
1073,0,0,0,1001.1,0.42,0,0.28
1074,0,0,0,1001,0.42,0,0.3
1075,0,0,0,1000.9,0.42,0,0.32
1076,0,0,0,1000.8,0.42,0,0.34
1077,0,0,0,1000.7,0.42,0,0.36
1078,0,0,0,1000.5,0.42,0,0.38
1079,0,0,0,1000.4,0.42,0,0.4
1080,0,0,0,1000.3,0.42,0,0.42
1081,0,0,0,1000.2,0.42,0,0.44
1082,0,0,0,1000.1,0.42,0,0.46
1083,0,0,0,1000,0.42,0,0.48
1084,0,0,0,1002.5,0.44,0,0.02
1085,0,0,0,1002.4,0.44,0,0.04
1086,0,0,0,1002.3,0.44,0,0.06
1087,0,0,0,1002.2,0.44,0,0.08
1088,0,0,0,1002.1,0.44,0,0.1
1089,0,0,0,1001.9,0.44,0,0.12
1090,0,0,0,1001.8,0.44,0,0.14
1091,0,0,0,1001.7,0.44,0,0.16
1092,0,0,0,1001.6,0.44,0,0.18
1093,0,0,0,1001.5,0.44,0,0.2
1094,0,0,0,1001.4,0.44,0,0.22
1095,0,0,0,1001.3,0.44,0,0.24
1096,0,0,0,1001.2,0.44,0,0.26
1097,0,0,0,1001.1,0.44,0,0.28
1098,0,0,0,1001,0.44,0,0.3
1099,0,0,0,1000.9,0.44,0,0.32
1100,0,0,0,1000.8,0.44,0,0.34
1101,0,0,0,1000.7,0.44,0,0.36
1102,0,0,0,1000.5,0.44,0,0.38
1103,0,0,0,1000.4,0.44,0,0.4
1104,0,0,0,1000.3,0.44,0,0.42
1105,0,0,0,1000.2,0.44,0,0.44
1106,0,0,0,1000.1,0.44,0,0.46
1107,0,0,0,1000,0.44,0,0.48
1108,0,0,0,1002.5,0.46,0,0.02
1109,0,0,0,1002.4,0.46,0,0.04
1110,0,0,0,1002.3,0.46,0,0.06
1111,0,0,0,1002.2,0.46,0,0.08
1112,0,0,0,1002.1,0.46,0,0.1
1113,0,0,0,1001.9,0.46,0,0.12
1114,0,0,0,1001.8,0.46,0,0.14
1115,0,0,0,1001.7,0.46,0,0.16
1116,0,0,0,1001.6,0.46,0,0.18
1117,0,0,0,1001.5,0.46,0,0.2
1118,0,0,0,1001.4,0.46,0,0.22
1119,0,0,0,1001.3,0.46,0,0.24
1120,0,0,0,1001.2,0.46,0,0.26
1121,0,0,0,1001.1,0.46,0,0.28
1122,0,0,0,1001,0.46,0,0.3
1123,0,0,0,1000.9,0.46,0,0.32
1124,0,0,0,1000.8,0.46,0,0.34
1125,0,0,0,1000.7,0.46,0,0.36
1126,0,0,0,1000.5,0.46,0,0.38
1127,0,0,0,1000.4,0.46,0,0.4
1128,0,0,0,1000.3,0.46,0,0.42
1129,0,0,0,1000.2,0.46,0,0.44
1130,0,0,0,1000.1,0.46,0,0.46
1131,0,0,0,1000,0.46,0,0.48
1132,0,0,0,1002.5,0.48,0,0.02
1133,0,0,0,1002.4,0.48,0,0.04
1134,0,0,0,1002.3,0.48,0,0.06
1135,0,0,0,1002.2,0.48,0,0.08
1136,0,0,0,1002.1,0.48,0,0.1
1137,0,0,0,1001.9,0.48,0,0.12
1138,0,0,0,1001.8,0.48,0,0.14
1139,0,0,0,1001.7,0.48,0,0.16
1140,0,0,0,1001.6,0.48,0,0.18
1141,0,0,0,1001.5,0.48,0,0.2
1142,0,0,0,1001.4,0.48,0,0.22
1143,0,0,0,1001.3,0.48,0,0.24
1144,0,0,0,1001.2,0.48,0,0.26
1145,0,0,0,1001.1,0.48,0,0.28
1146,0,0,0,1001,0.48,0,0.3
1147,0,0,0,1000.9,0.48,0,0.32
1148,0,0,0,1000.8,0.48,0,0.34
1149,0,0,0,1000.7,0.48,0,0.36
1150,0,0,0,1000.5,0.48,0,0.38
1151,0,0,0,1000.4,0.48,0,0.4
1152,0,0,0,1000.3,0.48,0,0.42
1153,0,0,0,1000.2,0.48,0,0.44
1154,0,0,0,1000.1,0.48,0,0.46
1155,0,0,0,1000,0.48,0,0.48
1156,0,0,0,1002.5,0.5,0,0.02
1157,0,0,0,1002.4,0.5,0,0.04
1158,0,0,0,1002.3,0.5,0,0.06
1159,0,0,0,1002.2,0.5,0,0.08
1160,0,0,0,1002.1,0.5,0,0.1
1161,0,0,0,1001.9,0.5,0,0.12
1162,0,0,0,1001.8,0.5,0,0.14
1163,0,0,0,1001.7,0.5,0,0.16
1164,0,0,0,1001.6,0.5,0,0.18
1165,0,0,0,1001.5,0.5,0,0.2
1166,0,0,0,1001.4,0.5,0,0.22
1167,0,0,0,1001.3,0.5,0,0.24
1168,0,0,0,1001.2,0.5,0,0.26
1169,0,0,0,1001.1,0.5,0,0.28
1170,0,0,0,1001,0.5,0,0.3
1171,0,0,0,1000.9,0.5,0,0.32
1172,0,0,0,1000.8,0.5,0,0.34
1173,0,0,0,1000.7,0.5,0,0.36
1174,0,0,0,1000.5,0.5,0,0.38
1175,0,0,0,1000.4,0.5,0,0.4
1176,0,0,0,1000.3,0.5,0,0.42
1177,0,0,0,1000.2,0.5,0,0.44
1178,0,0,0,1000.1,0.5,0,0.46
1179,0,0,0,1000,0.5,0,0.48
1180,0,0,0,1002.5,0.52,0,0.02
1181,0,0,0,1002.4,0.52,0,0.04
1182,0,0,0,1002.3,0.52,0,0.06
1183,0,0,0,1002.2,0.52,0,0.08
1184,0,0,0,1002.1,0.52,0,0.1
1185,0,0,0,1001.9,0.52,0,0.12
1186,0,0,0,1001.8,0.52,0,0.14
1187,0,0,0,1001.7,0.52,0,0.16
1188,0,0,0,1001.6,0.52,0,0.18
1189,0,0,0,1001.5,0.52,0,0.2
1190,0,0,0,1001.4,0.52,0,0.22
1191,0,0,0,1001.3,0.52,0,0.24
1192,0,0,0,1001.2,0.52,0,0.26
1193,0,0,0,1001.1,0.52,0,0.28
1194,0,0,0,1001,0.52,0,0.3
1195,0,0,0,1000.9,0.52,0,0.32
1196,0,0,0,1000.8,0.52,0,0.34
1197,0,0,0,1000.7,0.52,0,0.36
1198,0,0,0,1000.5,0.52,0,0.38
1199,0,0,0,1000.4,0.52,0,0.4
1200,0,0,0,1000.3,0.52,0,0.42
1201,0,0,0,1000.2,0.52,0,0.44
1202,0,0,0,1000.1,0.52,0,0.46
1203,0,0,0,1000,0.52,0,0.48
1204,0,0,0,1002.5,0.54,0,0.02
1205,0,0,0,1002.4,0.54,0,0.04
1206,0,0,0,1002.3,0.54,0,0.06
1207,0,0,0,1002.2,0.54,0,0.08
1208,0,0,0,1002.1,0.54,0,0.1
1209,0,0,0,1001.9,0.54,0,0.12
1210,0,0,0,1001.8,0.54,0,0.14
1211,0,0,0,1001.7,0.54,0,0.16
1212,0,0,0,1001.6,0.54,0,0.18
1213,0,0,0,1001.5,0.54,0,0.2
1214,0,0,0,1001.4,0.54,0,0.22
1215,0,0,0,1001.3,0.54,0,0.24
1216,0,0,0,1001.2,0.54,0,0.26
1217,0,0,0,1001.1,0.54,0,0.28
1218,0,0,0,1001,0.54,0,0.3
1219,0,0,0,1000.9,0.54,0,0.32
1220,0,0,0,1000.8,0.54,0,0.34
1221,0,0,0,1000.7,0.54,0,0.36
1222,0,0,0,1000.5,0.54,0,0.38
1223,0,0,0,1000.4,0.54,0,0.4
1224,0,0,0,1000.3,0.54,0,0.42
1225,0,0,0,1000.2,0.54,0,0.44
1226,0,0,0,1000.1,0.54,0,0.46
1227,0,0,0,1000,0.54,0,0.48
1228,0,0,0,1002.5,0.56,0,0.02
1229,0,0,0,1002.4,0.56,0,0.04
1230,0,0,0,1002.3,0.56,0,0.06
1231,0,0,0,1002.2,0.56,0,0.08
1232,0,0,0,1002.1,0.56,0,0.1
1233,0,0,0,1001.9,0.56,0,0.12
1234,0,0,0,1001.8,0.56,0,0.14
1235,0,0,0,1001.7,0.56,0,0.16
1236,0,0,0,1001.6,0.56,0,0.18
1237,0,0,0,1001.5,0.56,0,0.2
1238,0,0,0,1001.4,0.56,0,0.22
1239,0,0,0,1001.3,0.56,0,0.24
1240,0,0,0,1001.2,0.56,0,0.26
1241,0,0,0,1001.1,0.56,0,0.28
1242,0,0,0,1001,0.56,0,0.3
1243,0,0,0,1000.9,0.56,0,0.32
1244,0,0,0,1000.8,0.56,0,0.34
1245,0,0,0,1000.7,0.56,0,0.36
1246,0,0,0,1000.5,0.56,0,0.38
1247,0,0,0,1000.4,0.56,0,0.4
1248,0,0,0,1000.3,0.56,0,0.42
1249,0,0,0,1000.2,0.56,0,0.44
1250,0,0,0,1000.1,0.56,0,0.46
1251,0,0,0,1000,0.56,0,0.48
1252,0,0,0,1002.5,0.58,0,0.02
1253,0,0,0,1002.4,0.58,0,0.04
1254,0,0,0,1002.3,0.58,0,0.06
1255,0,0,0,1002.2,0.58,0,0.08
1256,0,0,0,1002.1,0.58,0,0.1
1257,0,0,0,1001.9,0.58,0,0.12
1258,0,0,0,1001.8,0.58,0,0.14
1259,0,0,0,1001.7,0.58,0,0.16
1260,0,0,0,1001.6,0.58,0,0.18
1261,0,0,0,1001.5,0.58,0,0.2
1262,0,0,0,1001.4,0.58,0,0.22
1263,0,0,0,1001.3,0.58,0,0.24
1264,0,0,0,1001.2,0.58,0,0.26
1265,0,0,0,1001.1,0.58,0,0.28
1266,0,0,0,1001,0.58,0,0.3
1267,0,0,0,1000.9,0.58,0,0.32
1268,0,0,0,1000.8,0.58,0,0.34
1269,0,0,0,1000.7,0.58,0,0.36
1270,0,0,0,1000.5,0.58,0,0.38
1271,0,0,0,1000.4,0.58,0,0.4
1272,0,0,0,1000.3,0.58,0,0.42
1273,0,0,0,1000.2,0.58,0,0.44
1274,0,0,0,1000.1,0.58,0,0.46
1275,0,0,0,1000,0.58,0,0.48
1276,0,0,0,1002.5,0.6,0,0.02
1277,0,0,0,1002.4,0.6,0,0.04
1278,0,0,0,1002.3,0.6,0,0.06
1279,0,0,0,1002.2,0.6,0,0.08
1280,0,0,0,1002.1,0.6,0,0.1
1281,0,0,0,1001.9,0.6,0,0.12
1282,0,0,0,1001.8,0.6,0,0.14
1283,0,0,0,1001.7,0.6,0,0.16
1284,0,0,0,1001.6,0.6,0,0.18
1285,0,0,0,1001.5,0.6,0,0.2
1286,0,0,0,1001.4,0.6,0,0.22
1287,0,0,0,1001.3,0.6,0,0.24
1288,0,0,0,1001.2,0.6,0,0.26
1289,0,0,0,1001.1,0.6,0,0.28
1290,0,0,0,1001,0.6,0,0.3
1291,0,0,0,1000.9,0.6,0,0.32
1292,0,0,0,1000.8,0.6,0,0.34
1293,0,0,0,1000.7,0.6,0,0.36
1294,0,0,0,1000.5,0.6,0,0.38
1295,0,0,0,1000.4,0.6,0,0.4
1296,0,0,0,1000.3,0.6,0,0.42
1297,0,0,0,1000.2,0.6,0,0.44
1298,0,0,0,1000.1,0.6,0,0.46
1299,0,0,0,1000,0.6,0,0.48
1300,0,0,0,1002.5,0.62,0,0.02
1301,0,0,0,1002.4,0.62,0,0.04
1302,0,0,0,1002.3,0.62,0,0.06
1303,0,0,0,1002.2,0.62,0,0.08
1304,0,0,0,1002.1,0.62,0,0.1
1305,0,0,0,1001.9,0.62,0,0.12
1306,0,0,0,1001.8,0.62,0,0.14
1307,0,0,0,1001.7,0.62,0,0.16
1308,0,0,0,1001.6,0.62,0,0.18
1309,0,0,0,1001.5,0.62,0,0.2
1310,0,0,0,1001.4,0.62,0,0.22
1311,0,0,0,1001.3,0.62,0,0.24
1312,0,0,0,1001.2,0.62,0,0.26
1313,0,0,0,1001.1,0.62,0,0.28
1314,0,0,0,1001,0.62,0,0.3
1315,0,0,0,1000.9,0.62,0,0.32
1316,0,0,0,1000.8,0.62,0,0.34
1317,0,0,0,1000.7,0.62,0,0.36
1318,0,0,0,1000.5,0.62,0,0.38
1319,0,0,0,1000.4,0.62,0,0.4
1320,0,0,0,1000.3,0.62,0,0.42
1321,0,0,0,1000.2,0.62,0,0.44
1322,0,0,0,1000.1,0.62,0,0.46
1323,0,0,0,1000,0.62,0,0.48
1324,0,0,0,1002.5,0.64,0,0.02
1325,0,0,0,1002.4,0.64,0,0.04
1326,0,0,0,1002.3,0.64,0,0.06
1327,0,0,0,1002.2,0.64,0,0.08
1328,0,0,0,1002.1,0.64,0,0.1
1329,0,0,0,1001.9,0.64,0,0.12
1330,0,0,0,1001.8,0.64,0,0.14
1331,0,0,0,1001.7,0.64,0,0.16
1332,0,0,0,1001.6,0.64,0,0.18
1333,0,0,0,1001.5,0.64,0,0.2
1334,0,0,0,1001.4,0.64,0,0.22
1335,0,0,0,1001.3,0.64,0,0.24
1336,0,0,0,1001.2,0.64,0,0.26
1337,0,0,0,1001.1,0.64,0,0.28
1338,0,0,0,1001,0.64,0,0.3
1339,0,0,0,1000.9,0.64,0,0.32
1340,0,0,0,1000.8,0.64,0,0.34
1341,0,0,0,1000.7,0.64,0,0.36
1342,0,0,0,1000.5,0.64,0,0.38
1343,0,0,0,1000.4,0.64,0,0.4
1344,0,0,0,1000.3,0.64,0,0.42
1345,0,0,0,1000.2,0.64,0,0.44
1346,0,0,0,1000.1,0.64,0,0.46
1347,0,0,0,1000,0.64,0,0.48
1348,0,0,0,1002.5,0.66,0,0.02
1349,0,0,0,1002.4,0.66,0,0.04
1350,0,0,0,1002.3,0.66,0,0.06
1351,0,0,0,1002.2,0.66,0,0.08
1352,0,0,0,1002.1,0.66,0,0.1
1353,0,0,0,1001.9,0.66,0,0.12
1354,0,0,0,1001.8,0.66,0,0.14
1355,0,0,0,1001.7,0.66,0,0.16
1356,0,0,0,1001.6,0.66,0,0.18
1357,0,0,0,1001.5,0.66,0,0.2
1358,0,0,0,1001.4,0.66,0,0.22
1359,0,0,0,1001.3,0.66,0,0.24
1360,0,0,0,1001.2,0.66,0,0.26
1361,0,0,0,1001.1,0.66,0,0.28
1362,0,0,0,1001,0.66,0,0.3
1363,0,0,0,1000.9,0.66,0,0.32
1364,0,0,0,1000.8,0.66,0,0.34
1365,0,0,0,1000.7,0.66,0,0.36
1366,0,0,0,1000.5,0.66,0,0.38
1367,0,0,0,1000.4,0.66,0,0.4
1368,0,0,0,1000.3,0.66,0,0.42
1369,0,0,0,1000.2,0.66,0,0.44
1370,0,0,0,1000.1,0.66,0,0.46
1371,0,0,0,1000,0.66,0,0.48
1372,0,0,0,1002.5,0.68,0,0.02
1373,0,0,0,1002.4,0.68,0,0.04
1374,0,0,0,1002.3,0.68,0,0.06
1375,0,0,0,1002.2,0.68,0,0.08
1376,0,0,0,1002.1,0.68,0,0.1
1377,0,0,0,1001.9,0.68,0,0.12
1378,0,0,0,1001.8,0.68,0,0.14
1379,0,0,0,1001.7,0.68,0,0.16
1380,0,0,0,1001.6,0.68,0,0.18
1381,0,0,0,1001.5,0.68,0,0.2
1382,0,0,0,1001.4,0.68,0,0.22
1383,0,0,0,1001.3,0.68,0,0.24
1384,0,0,0,1001.2,0.68,0,0.26
1385,0,0,0,1001.1,0.68,0,0.28
1386,0,0,0,1001,0.68,0,0.3
1387,0,0,0,1000.9,0.68,0,0.32
1388,0,0,0,1000.8,0.68,0,0.34
1389,0,0,0,1000.7,0.68,0,0.36
1390,0,0,0,1000.5,0.68,0,0.38
1391,0,0,0,1000.4,0.68,0,0.4
1392,0,0,0,1000.3,0.68,0,0.42
1393,0,0,0,1000.2,0.68,0,0.44
1394,0,0,0,1000.1,0.68,0,0.46
1395,0,0,0,1000,0.68,0,0.48
1396,0,0,0,1002.5,0.7,0,0.02
1397,0,0,0,1002.4,0.7,0,0.04
1398,0,0,0,1002.3,0.7,0,0.06
1399,0,0,0,1002.2,0.7,0,0.08
1400,0,0,0,1002.1,0.7,0,0.1
1401,0,0,0,1001.9,0.7,0,0.12
1402,0,0,0,1001.8,0.7,0,0.14
1403,0,0,0,1001.7,0.7,0,0.16
1404,0,0,0,1001.6,0.7,0,0.18
1405,0,0,0,1001.5,0.7,0,0.2
1406,0,0,0,1001.4,0.7,0,0.22
1407,0,0,0,1001.3,0.7,0,0.24
1408,0,0,0,1001.2,0.7,0,0.26
1409,0,0,0,1001.1,0.7,0,0.28
1410,0,0,0,1001,0.7,0,0.3
1411,0,0,0,1000.9,0.7,0,0.32
1412,0,0,0,1000.8,0.7,0,0.34
1413,0,0,0,1000.7,0.7,0,0.36
1414,0,0,0,1000.5,0.7,0,0.38
1415,0,0,0,1000.4,0.7,0,0.4
1416,0,0,0,1000.3,0.7,0,0.42
1417,0,0,0,1000.2,0.7,0,0.44
1418,0,0,0,1000.1,0.7,0,0.46
1419,0,0,0,1000,0.7,0,0.48
1420,0,0,0,1002.5,0.72,0,0.02
1421,0,0,0,1002.4,0.72,0,0.04
1422,0,0,0,1002.3,0.72,0,0.06
1423,0,0,0,1002.2,0.72,0,0.08
1424,0,0,0,1002.1,0.72,0,0.1
1425,0,0,0,1001.9,0.72,0,0.12
1426,0,0,0,1001.8,0.72,0,0.14
1427,0,0,0,1001.7,0.72,0,0.16
1428,0,0,0,1001.6,0.72,0,0.18
1429,0,0,0,1001.5,0.72,0,0.2
1430,0,0,0,1001.4,0.72,0,0.22
1431,0,0,0,1001.3,0.72,0,0.24
1432,0,0,0,1001.2,0.72,0,0.26
1433,0,0,0,1001.1,0.72,0,0.28
1434,0,0,0,1001,0.72,0,0.3
1435,0,0,0,1000.9,0.72,0,0.32
1436,0,0,0,1000.8,0.72,0,0.34
1437,0,0,0,1000.7,0.72,0,0.36
1438,0,0,0,1000.5,0.72,0,0.38
1439,0,0,0,1000.4,0.72,0,0.4
1440,0,0,0,1000.3,0.72,0,0.42
1441,0,0,0,1000.2,0.72,0,0.44
1442,0,0,0,1000.1,0.72,0,0.46
1443,0,0,0,1000,0.72,0,0.48
1444,0,0,0,1002.5,0.74,0,0.02
1445,0,0,0,1002.4,0.74,0,0.04
1446,0,0,0,1002.3,0.74,0,0.06
1447,0,0,0,1002.2,0.74,0,0.08
1448,0,0,0,1002.1,0.74,0,0.1
1449,0,0,0,1001.9,0.74,0,0.12
1450,0,0,0,1001.8,0.74,0,0.14
1451,0,0,0,1001.7,0.74,0,0.16
1452,0,0,0,1001.6,0.74,0,0.18
1453,0,0,0,1001.5,0.74,0,0.2
1454,0,0,0,1001.4,0.74,0,0.22
1455,0,0,0,1001.3,0.74,0,0.24
1456,0,0,0,1001.2,0.74,0,0.26
1457,0,0,0,1001.1,0.74,0,0.28
1458,0,0,0,1001,0.74,0,0.3
1459,0,0,0,1000.9,0.74,0,0.32
1460,0,0,0,1000.8,0.74,0,0.34
1461,0,0,0,1000.7,0.74,0,0.36
1462,0,0,0,1000.5,0.74,0,0.38
1463,0,0,0,1000.4,0.74,0,0.4
1464,0,0,0,1000.3,0.74,0,0.42
1465,0,0,0,1000.2,0.74,0,0.44
1466,0,0,0,1000.1,0.74,0,0.46
1467,0,0,0,1000,0.74,0,0.48
1468,0,0,0,1002.5,0.76,0,0.02
1469,0,0,0,1002.4,0.76,0,0.04
1470,0,0,0,1002.3,0.76,0,0.06
1471,0,0,0,1002.2,0.76,0,0.08
1472,0,0,0,1002.1,0.76,0,0.1
1473,0,0,0,1001.9,0.76,0,0.12
1474,0,0,0,1001.8,0.76,0,0.14
1475,0,0,0,1001.7,0.76,0,0.16
1476,0,0,0,1001.6,0.76,0,0.18
1477,0,0,0,1001.5,0.76,0,0.2
1478,0,0,0,1001.4,0.76,0,0.22
1479,0,0,0,1001.3,0.76,0,0.24
1480,0,0,0,1001.2,0.76,0,0.26
1481,0,0,0,1001.1,0.76,0,0.28
1482,0,0,0,1001,0.76,0,0.3
1483,0,0,0,1000.9,0.76,0,0.32
1484,0,0,0,1000.8,0.76,0,0.34
1485,0,0,0,1000.7,0.76,0,0.36
1486,0,0,0,1000.5,0.76,0,0.38
1487,0,0,0,1000.4,0.76,0,0.4
1488,0,0,0,1000.3,0.76,0,0.42
1489,0,0,0,1000.2,0.76,0,0.44
1490,0,0,0,1000.1,0.76,0,0.46
1491,0,0,0,1000,0.76,0,0.48
1492,0,0,0,1002.5,0.78,0,0.02
1493,0,0,0,1002.4,0.78,0,0.04
1494,0,0,0,1002.3,0.78,0,0.06
1495,0,0,0,1002.2,0.78,0,0.08
1496,0,0,0,1002.1,0.78,0,0.1
1497,0,0,0,1001.9,0.78,0,0.12
1498,0,0,0,1001.8,0.78,0,0.14
1499,0,0,0,1001.7,0.78,0,0.16
1500,0,0,0,1001.6,0.78,0,0.18
1501,0,0,0,1001.5,0.78,0,0.2
1502,0,0,0,1001.4,0.78,0,0.22
1503,0,0,0,1001.3,0.78,0,0.24
1504,0,0,0,1001.2,0.78,0,0.26
1505,0,0,0,1001.1,0.78,0,0.28
1506,0,0,0,1001,0.78,0,0.3
1507,0,0,0,1000.9,0.78,0,0.32
1508,0,0,0,1000.8,0.78,0,0.34
1509,0,0,0,1000.7,0.78,0,0.36
1510,0,0,0,1000.5,0.78,0,0.38
1511,0,0,0,1000.4,0.78,0,0.4
1512,0,0,0,1000.3,0.78,0,0.42
1513,0,0,0,1000.2,0.78,0,0.44
1514,0,0,0,1000.1,0.78,0,0.46
1515,0,0,0,1000,0.78,0,0.48
1516,0,0,0,1002.5,0.8,0,0.02
1517,0,0,0,1002.4,0.8,0,0.04
1518,0,0,0,1002.3,0.8,0,0.06
1519,0,0,0,1002.2,0.8,0,0.08
1520,0,0,0,1002.1,0.8,0,0.1
1521,0,0,0,1001.9,0.8,0,0.12
1522,0,0,0,1001.8,0.8,0,0.14
1523,0,0,0,1001.7,0.8,0,0.16
1524,0,0,0,1001.6,0.8,0,0.18
1525,0,0,0,1001.5,0.8,0,0.2
1526,0,0,0,1001.4,0.8,0,0.22
1527,0,0,0,1001.3,0.8,0,0.24
1528,0,0,0,1001.2,0.8,0,0.26
1529,0,0,0,1001.1,0.8,0,0.28
1530,0,0,0,1001,0.8,0,0.3
1531,0,0,0,1000.9,0.8,0,0.32
1532,0,0,0,1000.8,0.8,0,0.34
1533,0,0,0,1000.7,0.8,0,0.36
1534,0,0,0,1000.5,0.8,0,0.38
1535,0,0,0,1000.4,0.8,0,0.4
1536,0,0,0,1000.3,0.8,0,0.42
1537,0,0,0,1000.2,0.8,0,0.44
1538,0,0,0,1000.1,0.8,0,0.46
1539,0,0,0,1000,0.8,0,0.48
1540,0,0,0,1002.5,0.82,0,0.02
1541,0,0,0,1002.4,0.82,0,0.04
1542,0,0,0,1002.3,0.82,0,0.06
1543,0,0,0,1002.2,0.82,0,0.08
1544,0,0,0,1002.1,0.82,0,0.1
1545,0,0,0,1001.9,0.82,0,0.12
1546,0,0,0,1001.8,0.82,0,0.14
1547,0,0,0,1001.7,0.82,0,0.16
1548,0,0,0,1001.6,0.82,0,0.18
1549,0,0,0,1001.5,0.82,0,0.2
1550,0,0,0,1001.4,0.82,0,0.22
1551,0,0,0,1001.3,0.82,0,0.24
1552,0,0,0,1001.2,0.82,0,0.26
1553,0,0,0,1001.1,0.82,0,0.28
1554,0,0,0,1001,0.82,0,0.3
1555,0,0,0,1000.9,0.82,0,0.32
1556,0,0,0,1000.8,0.82,0,0.34
1557,0,0,0,1000.7,0.82,0,0.36
1558,0,0,0,1000.5,0.82,0,0.38
1559,0,0,0,1000.4,0.82,0,0.4
1560,0,0,0,1000.3,0.82,0,0.42
1561,0,0,0,1000.2,0.82,0,0.44
1562,0,0,0,1000.1,0.82,0,0.46
1563,0,0,0,1000,0.82,0,0.48
1564,0,0,0,1002.5,0.84,0,0.02
1565,0,0,0,1002.4,0.84,0,0.04
1566,0,0,0,1002.3,0.84,0,0.06
1567,0,0,0,1002.2,0.84,0,0.08
1568,0,0,0,1002.1,0.84,0,0.1
1569,0,0,0,1001.9,0.84,0,0.12
1570,0,0,0,1001.8,0.84,0,0.14
1571,0,0,0,1001.7,0.84,0,0.16
1572,0,0,0,1001.6,0.84,0,0.18
1573,0,0,0,1001.5,0.84,0,0.2
1574,0,0,0,1001.4,0.84,0,0.22
1575,0,0,0,1001.3,0.84,0,0.24
1576,0,0,0,1001.2,0.84,0,0.26
1577,0,0,0,1001.1,0.84,0,0.28
1578,0,0,0,1001,0.84,0,0.3
1579,0,0,0,1000.9,0.84,0,0.32
1580,0,0,0,1000.8,0.84,0,0.34
1581,0,0,0,1000.7,0.84,0,0.36
1582,0,0,0,1000.5,0.84,0,0.38
1583,0,0,0,1000.4,0.84,0,0.4
1584,0,0,0,1000.3,0.84,0,0.42
1585,0,0,0,1000.2,0.84,0,0.44
1586,0,0,0,1000.1,0.84,0,0.46
1587,0,0,0,1000,0.84,0,0.48
1588,0,0,0,1002.4,0.86,0,0.04
1589,0,0,0,1002.3,0.86,0,0.06
1590,0,0,0,1002.2,0.86,0,0.08
1591,0,0,0,1002.1,0.86,0,0.1
1592,0,0,0,1001.9,0.86,0,0.12
1593,0,0,0,1001.8,0.86,0,0.14
1594,0,0,0,1001.7,0.86,0,0.16
1595,0,0,0,1001.6,0.86,0,0.18
1596,0,0,0,1001.5,0.86,0,0.2
1597,0,0,0,1001.4,0.86,0,0.22
1598,0,0,0,1001.3,0.86,0,0.24
1599,0,0,0,1001.2,0.86,0,0.26
1600,0,0,0,1001.1,0.86,0,0.28
1601,0,0,0,1001,0.86,0,0.3
1602,0,0,0,1000.9,0.86,0,0.32
1603,0,0,0,1000.8,0.86,0,0.34
1604,0,0,0,1000.7,0.86,0,0.36
1605,0,0,0,1000.5,0.86,0,0.38
1606,0,0,0,1000.4,0.86,0,0.4
1607,0,0,0,1000.3,0.86,0,0.42
1608,0,0,0,1000.2,0.86,0,0.44
1609,0,0,0,1000.1,0.86,0,0.46
1610,0,0,0,1000,0.86,0,0.48
1611,0,0,0,1002.3,0.88,0,0.06
1612,0,0,0,1002.2,0.88,0,0.08
1613,0,0,0,1002.1,0.88,0,0.1
1614,0,0,0,1001.9,0.88,0,0.12
1615,0,0,0,1001.8,0.88,0,0.14
1616,0,0,0,1001.7,0.88,0,0.16
1617,0,0,0,1001.6,0.88,0,0.18
1618,0,0,0,1001.5,0.88,0,0.2
1619,0,0,0,1001.4,0.88,0,0.22
1620,0,0,0,1001.3,0.88,0,0.24
1621,0,0,0,1001.2,0.88,0,0.26
1622,0,0,0,1001.1,0.88,0,0.28
1623,0,0,0,1001,0.88,0,0.3
1624,0,0,0,1000.9,0.88,0,0.32
1625,0,0,0,1000.8,0.88,0,0.34
1626,0,0,0,1000.7,0.88,0,0.36
1627,0,0,0,1000.5,0.88,0,0.38
1628,0,0,0,1000.4,0.88,0,0.4
1629,0,0,0,1000.3,0.88,0,0.42
1630,0,0,0,1000.2,0.88,0,0.44
1631,0,0,0,1000.1,0.88,0,0.46
1632,0,0,0,1000,0.88,0,0.48
1633,0,0,0,1002.2,0.9,0,0.08
1634,0,0,0,1002.1,0.9,0,0.1
1635,0,0,0,1001.9,0.9,0,0.12
1636,0,0,0,1001.8,0.9,0,0.14
1637,0,0,0,1001.7,0.9,0,0.16
1638,0,0,0,1001.6,0.9,0,0.18
1639,0,0,0,1001.5,0.9,0,0.2
1640,0,0,0,1001.4,0.9,0,0.22
1641,0,0,0,1001.3,0.9,0,0.24
1642,0,0,0,1001.2,0.9,0,0.26
1643,0,0,0,1001.1,0.9,0,0.28
1644,0,0,0,1001,0.9,0,0.3
1645,0,0,0,1000.9,0.9,0,0.32
1646,0,0,0,1000.8,0.9,0,0.34
1647,0,0,0,1000.7,0.9,0,0.36
1648,0,0,0,1000.5,0.9,0,0.38
1649,0,0,0,1000.4,0.9,0,0.4
1650,0,0,0,1000.3,0.9,0,0.42
1651,0,0,0,1000.2,0.9,0,0.44
1652,0,0,0,1000.1,0.9,0,0.46
1653,0,0,0,1000,0.9,0,0.48
1654,0,0,0,1002.1,0.92,0,0.1
1655,0,0,0,1001.9,0.92,0,0.12
1656,0,0,0,1001.8,0.92,0,0.14
1657,0,0,0,1001.7,0.92,0,0.16
1658,0,0,0,1001.6,0.92,0,0.18
1659,0,0,0,1001.5,0.92,0,0.2
1660,0,0,0,1001.4,0.92,0,0.22
1661,0,0,0,1001.3,0.92,0,0.24
1662,0,0,0,1001.2,0.92,0,0.26
1663,0,0,0,1001.1,0.92,0,0.28
1664,0,0,0,1001,0.92,0,0.3
1665,0,0,0,1000.9,0.92,0,0.32
1666,0,0,0,1000.8,0.92,0,0.34
1667,0,0,0,1000.7,0.92,0,0.36
1668,0,0,0,1000.5,0.92,0,0.38
1669,0,0,0,1000.4,0.92,0,0.4
1670,0,0,0,1000.3,0.92,0,0.42
1671,0,0,0,1000.2,0.92,0,0.44
1672,0,0,0,1000.1,0.92,0,0.46
1673,0,0,0,1000,0.92,0,0.48
1674,0,0,0,1001.9,0.94,0,0.12
1675,0,0,0,1001.8,0.94,0,0.14
1676,0,0,0,1001.7,0.94,0,0.16
1677,0,0,0,1001.6,0.94,0,0.18
1678,0,0,0,1001.5,0.94,0,0.2
1679,0,0,0,1001.4,0.94,0,0.22
1680,0,0,0,1001.3,0.94,0,0.24
1681,0,0,0,1001.2,0.94,0,0.26
1682,0,0,0,1001.1,0.94,0,0.28
1683,0,0,0,1001,0.94,0,0.3
1684,0,0,0,1000.9,0.94,0,0.32
1685,0,0,0,1000.8,0.94,0,0.34
1686,0,0,0,1000.7,0.94,0,0.36
1687,0,0,0,1000.5,0.94,0,0.38
1688,0,0,0,1000.4,0.94,0,0.4
1689,0,0,0,1000.3,0.94,0,0.42
1690,0,0,0,1000.2,0.94,0,0.44
1691,0,0,0,1000.1,0.94,0,0.46
1692,0,0,0,1000,0.94,0,0.48
1693,0,0,0,1001.8,0.96,0,0.14
1694,0,0,0,1001.7,0.96,0,0.16
1695,0,0,0,1001.6,0.96,0,0.18
1696,0,0,0,1001.5,0.96,0,0.2
1697,0,0,0,1001.4,0.96,0,0.22
1698,0,0,0,1001.3,0.96,0,0.24
1699,0,0,0,1001.2,0.96,0,0.26
1700,0,0,0,1001.1,0.96,0,0.28
1701,0,0,0,1001,0.96,0,0.3
1702,0,0,0,1000.9,0.96,0,0.32
1703,0,0,0,1000.8,0.96,0,0.34
1704,0,0,0,1000.7,0.96,0,0.36
1705,0,0,0,1000.5,0.96,0,0.38
1706,0,0,0,1000.4,0.96,0,0.4
1707,0,0,0,1000.3,0.96,0,0.42
1708,0,0,0,1000.2,0.96,0,0.44
1709,0,0,0,1000.1,0.96,0,0.46
1710,0,0,0,1000,0.96,0,0.48
1711,0,0,0,1001.7,0.98,0,0.16
1712,0,0,0,1001.6,0.98,0,0.18
1713,0,0,0,1001.5,0.98,0,0.2
1714,0,0,0,1001.4,0.98,0,0.22
1715,0,0,0,1001.3,0.98,0,0.24
1716,0,0,0,1001.2,0.98,0,0.26
1717,0,0,0,1001.1,0.98,0,0.28
1718,0,0,0,1001,0.98,0,0.3
1719,0,0,0,1000.9,0.98,0,0.32
1720,0,0,0,1000.8,0.98,0,0.34
1721,0,0,0,1000.7,0.98,0,0.36
1722,0,0,0,1000.5,0.98,0,0.38
1723,0,0,0,1000.4,0.98,0,0.4
1724,0,0,0,1000.3,0.98,0,0.42
1725,0,0,0,1000.2,0.98,0,0.44
1726,0,0,0,1000.1,0.98,0,0.46
1727,0,0,0,1000,0.98,0,0.48
1728,0,0,0,1001.6,1,0,0.18
1729,0,0,0,1001.5,1,0,0.2
1730,0,0,0,1001.4,1,0,0.22
1731,0,0,0,1001.3,1,0,0.24
1732,0,0,0,1001.2,1,0,0.26
1733,0,0,0,1001.1,1,0,0.28
1734,0,0,0,1001,1,0,0.3
1735,0,0,0,1000.9,1,0,0.32
1736,0,0,0,1000.8,1,0,0.34
1737,0,0,0,1000.7,1,0,0.36
1738,0,0,0,1000.5,1,0,0.38
1739,0,0,0,1000.4,1,0,0.4
1740,0,0,0,1000.3,1,0,0.42
1741,0,0,0,1000.2,1,0,0.44
1742,0,0,0,1000.1,1,0,0.46
1743,0,0,0,1000,1,0,0.48
1744,0,0,0,1001.5,1.02,0,0.2
1745,0,0,0,1001.4,1.02,0,0.22
1746,0,0,0,1001.3,1.02,0,0.24
1747,0,0,0,1001.2,1.02,0,0.26
1748,0,0,0,1001.1,1.02,0,0.28
1749,0,0,0,1001,1.02,0,0.3
1750,0,0,0,1000.9,1.02,0,0.32
1751,0,0,0,1000.8,1.02,0,0.34
1752,0,0,0,1000.7,1.02,0,0.36
1753,0,0,0,1000.5,1.02,0,0.38
1754,0,0,0,1000.4,1.02,0,0.4
1755,0,0,0,1000.3,1.02,0,0.42
1756,0,0,0,1000.2,1.02,0,0.44
1757,0,0,0,1000.1,1.02,0,0.46
1758,0,0,0,1000,1.02,0,0.48
1759,0,0,0,1001.4,1.04,0,0.22
1760,0,0,0,1001.3,1.04,0,0.24
1761,0,0,0,1001.2,1.04,0,0.26
1762,0,0,0,1001.1,1.04,0,0.28
1763,0,0,0,1001,1.04,0,0.3
1764,0,0,0,1000.9,1.04,0,0.32
1765,0,0,0,1000.8,1.04,0,0.34
1766,0,0,0,1000.7,1.04,0,0.36
1767,0,0,0,1000.5,1.04,0,0.38
1768,0,0,0,1000.4,1.04,0,0.4
1769,0,0,0,1000.3,1.04,0,0.42
1770,0,0,0,1000.2,1.04,0,0.44
1771,0,0,0,1000.1,1.04,0,0.46
1772,0,0,0,1000,1.04,0,0.48
1773,0,0,0,1001.3,1.06,0,0.24
1774,0,0,0,1001.2,1.06,0,0.26
1775,0,0,0,1001.1,1.06,0,0.28
1776,0,0,0,1001,1.06,0,0.3
1777,0,0,0,1000.9,1.06,0,0.32
1778,0,0,0,1000.8,1.06,0,0.34
1779,0,0,0,1000.7,1.06,0,0.36
1780,0,0,0,1000.5,1.06,0,0.38
1781,0,0,0,1000.4,1.06,0,0.4
1782,0,0,0,1000.3,1.06,0,0.42
1783,0,0,0,1000.2,1.06,0,0.44
1784,0,0,0,1000.1,1.06,0,0.46
1785,0,0,0,1000,1.06,0,0.48
1786,0,0,0,1001.2,1.08,0,0.26
1787,0,0,0,1001.1,1.08,0,0.28
1788,0,0,0,1001,1.08,0,0.3
1789,0,0,0,1000.9,1.08,0,0.32
1790,0,0,0,1000.8,1.08,0,0.34
1791,0,0,0,1000.7,1.08,0,0.36
1792,0,0,0,1000.5,1.08,0,0.38
1793,0,0,0,1000.4,1.08,0,0.4
1794,0,0,0,1000.3,1.08,0,0.42
1795,0,0,0,1000.2,1.08,0,0.44
1796,0,0,0,1000.1,1.08,0,0.46
1797,0,0,0,1000,1.08,0,0.48
1798,0,0,0,1001.1,1.1,0,0.28
1799,0,0,0,1001,1.1,0,0.3
1800,0,0,0,1000.9,1.1,0,0.32
1801,0,0,0,1000.8,1.1,0,0.34
1802,0,0,0,1000.7,1.1,0,0.36
1803,0,0,0,1000.5,1.1,0,0.38
1804,0,0,0,1000.4,1.1,0,0.4
1805,0,0,0,1000.3,1.1,0,0.42
1806,0,0,0,1000.2,1.1,0,0.44
1807,0,0,0,1000.1,1.1,0,0.46
1808,0,0,0,1000,1.1,0,0.48
1809,0,0,0,1001.2,1.12,0,0.26
1810,0,0,0,1001.1,1.12,0,0.28
1811,0,0,0,1001,1.12,0,0.3
1812,0,0,0,1000.9,1.12,0,0.32
1813,0,0,0,1000.8,1.12,0,0.34
1814,0,0,0,1000.7,1.12,0,0.36
1815,0,0,0,1000.5,1.12,0,0.38
1816,0,0,0,1000.4,1.12,0,0.4
1817,0,0,0,1000.3,1.12,0,0.42
1818,0,0,0,1000.2,1.12,0,0.44
1819,0,0,0,1000.1,1.12,0,0.46
1820,0,0,0,1000,1.12,0,0.48
1821,0,0,0,1001.3,1.14,0,0.24
1822,0,0,0,1001.2,1.14,0,0.26
1823,0,0,0,1001.1,1.14,0,0.28
1824,0,0,0,1001,1.14,0,0.3
1825,0,0,0,1000.9,1.14,0,0.32
1826,0,0,0,1000.8,1.14,0,0.34
1827,0,0,0,1000.7,1.14,0,0.36
1828,0,0,0,1000.5,1.14,0,0.38
1829,0,0,0,1000.4,1.14,0,0.4
1830,0,0,0,1000.3,1.14,0,0.42
1831,0,0,0,1000.2,1.14,0,0.44
1832,0,0,0,1000.1,1.14,0,0.46
1833,0,0,0,1000,1.14,0,0.48
1834,0,0,0,1001.4,1.16,0,0.22
1835,0,0,0,1001.3,1.16,0,0.24
1836,0,0,0,1001.2,1.16,0,0.26
1837,0,0,0,1001.1,1.16,0,0.28
1838,0,0,0,1001,1.16,0,0.3
1839,0,0,0,1000.9,1.16,0,0.32
1840,0,0,0,1000.8,1.16,0,0.34
1841,0,0,0,1000.7,1.16,0,0.36
1842,0,0,0,1000.5,1.16,0,0.38
1843,0,0,0,1000.4,1.16,0,0.4
1844,0,0,0,1000.3,1.16,0,0.42
1845,0,0,0,1000.2,1.16,0,0.44
1846,0,0,0,1000.1,1.16,0,0.46
1847,0,0,0,1000,1.16,0,0.48
1848,0,0,0,1001.5,1.18,0,0.2
1849,0,0,0,1001.4,1.18,0,0.22
1850,0,0,0,1001.3,1.18,0,0.24
1851,0,0,0,1001.2,1.18,0,0.26
1852,0,0,0,1001.1,1.18,0,0.28
1853,0,0,0,1001,1.18,0,0.3
1854,0,0,0,1000.9,1.18,0,0.32
1855,0,0,0,1000.8,1.18,0,0.34
1856,0,0,0,1000.7,1.18,0,0.36
1857,0,0,0,1000.5,1.18,0,0.38
1858,0,0,0,1000.4,1.18,0,0.4
1859,0,0,0,1000.3,1.18,0,0.42
1860,0,0,0,1000.2,1.18,0,0.44
1861,0,0,0,1000.1,1.18,0,0.46
1862,0,0,0,1000,1.18,0,0.48
1863,0,0,0,1001.6,1.2,0,0.18
1864,0,0,0,1001.5,1.2,0,0.2
1865,0,0,0,1001.4,1.2,0,0.22
1866,0,0,0,1001.3,1.2,0,0.24
1867,0,0,0,1001.2,1.2,0,0.26
1868,0,0,0,1001.1,1.2,0,0.28
1869,0,0,0,1001,1.2,0,0.3
1870,0,0,0,1000.9,1.2,0,0.32
1871,0,0,0,1000.8,1.2,0,0.34
1872,0,0,0,1000.7,1.2,0,0.36
1873,0,0,0,1000.5,1.2,0,0.38
1874,0,0,0,1000.4,1.2,0,0.4
1875,0,0,0,1000.3,1.2,0,0.42
1876,0,0,0,1000.2,1.2,0,0.44
1877,0,0,0,1000.1,1.2,0,0.46
1878,0,0,0,1000,1.2,0,0.48
1879,0,0,0,1001.7,1.22,0,0.16
1880,0,0,0,1001.6,1.22,0,0.18
1881,0,0,0,1001.5,1.22,0,0.2
1882,0,0,0,1001.4,1.22,0,0.22
1883,0,0,0,1001.3,1.22,0,0.24
1884,0,0,0,1001.2,1.22,0,0.26
1885,0,0,0,1001.1,1.22,0,0.28
1886,0,0,0,1001,1.22,0,0.3
1887,0,0,0,1000.9,1.22,0,0.32
1888,0,0,0,1000.8,1.22,0,0.34
1889,0,0,0,1000.7,1.22,0,0.36
1890,0,0,0,1000.5,1.22,0,0.38
1891,0,0,0,1000.4,1.22,0,0.4
1892,0,0,0,1000.3,1.22,0,0.42
1893,0,0,0,1000.2,1.22,0,0.44
1894,0,0,0,1000.1,1.22,0,0.46
1895,0,0,0,1000,1.22,0,0.48
1896,0,0,0,1001.8,1.24,0,0.14
1897,0,0,0,1001.7,1.24,0,0.16
1898,0,0,0,1001.6,1.24,0,0.18
1899,0,0,0,1001.5,1.24,0,0.2
1900,0,0,0,1001.4,1.24,0,0.22
1901,0,0,0,1001.3,1.24,0,0.24
1902,0,0,0,1001.2,1.24,0,0.26
1903,0,0,0,1001.1,1.24,0,0.28
1904,0,0,0,1001,1.24,0,0.3
1905,0,0,0,1000.9,1.24,0,0.32
1906,0,0,0,1000.8,1.24,0,0.34
1907,0,0,0,1000.7,1.24,0,0.36
1908,0,0,0,1000.5,1.24,0,0.38
1909,0,0,0,1000.4,1.24,0,0.4
1910,0,0,0,1000.3,1.24,0,0.42
1911,0,0,0,1000.2,1.24,0,0.44
1912,0,0,0,1000.1,1.24,0,0.46
1913,0,0,0,1000,1.24,0,0.48
1914,0,0,0,1001.9,1.26,0,0.12
1915,0,0,0,1001.8,1.26,0,0.14
1916,0,0,0,1001.7,1.26,0,0.16
1917,0,0,0,1001.6,1.26,0,0.18
1918,0,0,0,1001.5,1.26,0,0.2
1919,0,0,0,1001.4,1.26,0,0.22
1920,0,0,0,1001.3,1.26,0,0.24
1921,0,0,0,1001.2,1.26,0,0.26
1922,0,0,0,1001.1,1.26,0,0.28
1923,0,0,0,1001,1.26,0,0.3
1924,0,0,0,1000.9,1.26,0,0.32
1925,0,0,0,1000.8,1.26,0,0.34
1926,0,0,0,1000.7,1.26,0,0.36
1927,0,0,0,1000.5,1.26,0,0.38
1928,0,0,0,1000.4,1.26,0,0.4
1929,0,0,0,1000.3,1.26,0,0.42
1930,0,0,0,1000.2,1.26,0,0.44
1931,0,0,0,1000.1,1.26,0,0.46
1932,0,0,0,1000,1.26,0,0.48
1933,0,0,0,1002.1,1.28,0,0.1
1934,0,0,0,1001.9,1.28,0,0.12
1935,0,0,0,1001.8,1.28,0,0.14
1936,0,0,0,1001.7,1.28,0,0.16
1937,0,0,0,1001.6,1.28,0,0.18
1938,0,0,0,1001.5,1.28,0,0.2
1939,0,0,0,1001.4,1.28,0,0.22
1940,0,0,0,1001.3,1.28,0,0.24
1941,0,0,0,1001.2,1.28,0,0.26
1942,0,0,0,1001.1,1.28,0,0.28
1943,0,0,0,1001,1.28,0,0.3
1944,0,0,0,1000.9,1.28,0,0.32
1945,0,0,0,1000.8,1.28,0,0.34
1946,0,0,0,1000.7,1.28,0,0.36
1947,0,0,0,1000.5,1.28,0,0.38
1948,0,0,0,1000.4,1.28,0,0.4
1949,0,0,0,1000.3,1.28,0,0.42
1950,0,0,0,1000.2,1.28,0,0.44
1951,0,0,0,1000.1,1.28,0,0.46
1952,0,0,0,1000,1.28,0,0.48
1953,0,0,0,1002.2,1.3,0,0.08
1954,0,0,0,1002.1,1.3,0,0.1
1955,0,0,0,1001.9,1.3,0,0.12
1956,0,0,0,1001.8,1.3,0,0.14
1957,0,0,0,1001.7,1.3,0,0.16
1958,0,0,0,1001.6,1.3,0,0.18
1959,0,0,0,1001.5,1.3,0,0.2
1960,0,0,0,1001.4,1.3,0,0.22
1961,0,0,0,1001.3,1.3,0,0.24
1962,0,0,0,1001.2,1.3,0,0.26
1963,0,0,0,1001.1,1.3,0,0.28
1964,0,0,0,1001,1.3,0,0.3
1965,0,0,0,1000.9,1.3,0,0.32
1966,0,0,0,1000.8,1.3,0,0.34
1967,0,0,0,1000.7,1.3,0,0.36
1968,0,0,0,1000.5,1.3,0,0.38
1969,0,0,0,1000.4,1.3,0,0.4
1970,0,0,0,1000.3,1.3,0,0.42
1971,0,0,0,1000.2,1.3,0,0.44
1972,0,0,0,1000.1,1.3,0,0.46
1973,0,0,0,1000,1.3,0,0.48
1974,0,0,0,1002.3,1.32,0,0.06
1975,0,0,0,1002.2,1.32,0,0.08
1976,0,0,0,1002.1,1.32,0,0.1
1977,0,0,0,1001.9,1.32,0,0.12
1978,0,0,0,1001.8,1.32,0,0.14
1979,0,0,0,1001.7,1.32,0,0.16
1980,0,0,0,1001.6,1.32,0,0.18
1981,0,0,0,1001.5,1.32,0,0.2
1982,0,0,0,1001.4,1.32,0,0.22
1983,0,0,0,1001.3,1.32,0,0.24
1984,0,0,0,1001.2,1.32,0,0.26
1985,0,0,0,1001.1,1.32,0,0.28
1986,0,0,0,1001,1.32,0,0.3
1987,0,0,0,1000.9,1.32,0,0.32
1988,0,0,0,1000.8,1.32,0,0.34
1989,0,0,0,1000.7,1.32,0,0.36
1990,0,0,0,1000.5,1.32,0,0.38
1991,0,0,0,1000.4,1.32,0,0.4
1992,0,0,0,1000.3,1.32,0,0.42
1993,0,0,0,1000.2,1.32,0,0.44
1994,0,0,0,1000.1,1.32,0,0.46
1995,0,0,0,1000,1.32,0,0.48
1996,0,0,0,1002.4,1.34,0,0.04
1997,0,0,0,1002.3,1.34,0,0.06
1998,0,0,0,1002.2,1.34,0,0.08
1999,0,0,0,1002.1,1.34,0,0.1
2000,0,0,0,1001.9,1.34,0,0.12
2001,0,0,0,1001.8,1.34,0,0.14
2002,0,0,0,1001.7,1.34,0,0.16
2003,0,0,0,1001.6,1.34,0,0.18
2004,0,0,0,1001.5,1.34,0,0.2
2005,0,0,0,1001.4,1.34,0,0.22
2006,0,0,0,1001.3,1.34,0,0.24
2007,0,0,0,1001.2,1.34,0,0.26
2008,0,0,0,1001.1,1.34,0,0.28
2009,0,0,0,1001,1.34,0,0.3
2010,0,0,0,1000.9,1.34,0,0.32
2011,0,0,0,1000.8,1.34,0,0.34
2012,0,0,0,1000.7,1.34,0,0.36
2013,0,0,0,1000.5,1.34,0,0.38
2014,0,0,0,1000.4,1.34,0,0.4
2015,0,0,0,1000.3,1.34,0,0.42
2016,0,0,0,1000.2,1.34,0,0.44
2017,0,0,0,1000.1,1.34,0,0.46
2018,0,0,0,1000,1.34,0,0.48
2019,0,0,0,1002.5,1.36,0,0.02
2020,0,0,0,1002.4,1.36,0,0.04
2021,0,0,0,1002.3,1.36,0,0.06
2022,0,0,0,1002.2,1.36,0,0.08
2023,0,0,0,1002.1,1.36,0,0.1
2024,0,0,0,1001.9,1.36,0,0.12
2025,0,0,0,1001.8,1.36,0,0.14
2026,0,0,0,1001.7,1.36,0,0.16
2027,0,0,0,1001.6,1.36,0,0.18
2028,0,0,0,1001.5,1.36,0,0.2
2029,0,0,0,1001.4,1.36,0,0.22
2030,0,0,0,1001.3,1.36,0,0.24
2031,0,0,0,1001.2,1.36,0,0.26
2032,0,0,0,1001.1,1.36,0,0.28
2033,0,0,0,1001,1.36,0,0.3
2034,0,0,0,1000.9,1.36,0,0.32
2035,0,0,0,1000.8,1.36,0,0.34
2036,0,0,0,1000.7,1.36,0,0.36
2037,0,0,0,1000.5,1.36,0,0.38
2038,0,0,0,1000.4,1.36,0,0.4
2039,0,0,0,1000.3,1.36,0,0.42
2040,0,0,0,1000.2,1.36,0,0.44
2041,0,0,0,1000.1,1.36,0,0.46
2042,0,0,0,1000,1.36,0,0.48
2043,0,0,0,1002.5,1.38,0,0.02
2044,0,0,0,1002.4,1.38,0,0.04
2045,0,0,0,1002.3,1.38,0,0.06
2046,0,0,0,1002.2,1.38,0,0.08
2047,0,0,0,1002.1,1.38,0,0.1
2048,0,0,0,1001.9,1.38,0,0.12
2049,0,0,0,1001.8,1.38,0,0.14
2050,0,0,0,1001.7,1.38,0,0.16
2051,0,0,0,1001.6,1.38,0,0.18
2052,0,0,0,1001.5,1.38,0,0.2
2053,0,0,0,1001.4,1.38,0,0.22
2054,0,0,0,1001.3,1.38,0,0.24
2055,0,0,0,1001.2,1.38,0,0.26
2056,0,0,0,1001.1,1.38,0,0.28
2057,0,0,0,1001,1.38,0,0.3
2058,0,0,0,1000.9,1.38,0,0.32
2059,0,0,0,1000.8,1.38,0,0.34
2060,0,0,0,1000.7,1.38,0,0.36
2061,0,0,0,1000.5,1.38,0,0.38
2062,0,0,0,1000.4,1.38,0,0.4
2063,0,0,0,1000.3,1.38,0,0.42
2064,0,0,0,1000.2,1.38,0,0.44
2065,0,0,0,1000.1,1.38,0,0.46
2066,0,0,0,1000,1.38,0,0.48
2067,0,0,0,1002.5,1.4,0,0.02
2068,0,0,0,1002.4,1.4,0,0.04
2069,0,0,0,1002.3,1.4,0,0.06
2070,0,0,0,1002.2,1.4,0,0.08
2071,0,0,0,1002.1,1.4,0,0.1
2072,0,0,0,1001.9,1.4,0,0.12
2073,0,0,0,1001.8,1.4,0,0.14
2074,0,0,0,1001.7,1.4,0,0.16
2075,0,0,0,1001.6,1.4,0,0.18
2076,0,0,0,1001.5,1.4,0,0.2
2077,0,0,0,1001.4,1.4,0,0.22
2078,0,0,0,1001.3,1.4,0,0.24
2079,0,0,0,1001.2,1.4,0,0.26
2080,0,0,0,1001.1,1.4,0,0.28
2081,0,0,0,1001,1.4,0,0.3
2082,0,0,0,1000.9,1.4,0,0.32
2083,0,0,0,1000.8,1.4,0,0.34
2084,0,0,0,1000.7,1.4,0,0.36
2085,0,0,0,1000.5,1.4,0,0.38
2086,0,0,0,1000.4,1.4,0,0.4
2087,0,0,0,1000.3,1.4,0,0.42
2088,0,0,0,1000.2,1.4,0,0.44
2089,0,0,0,1000.1,1.4,0,0.46
2090,0,0,0,1000,1.4,0,0.48
2091,0,0,0,1002.5,1.42,0,0.02
2092,0,0,0,1002.4,1.42,0,0.04
2093,0,0,0,1002.3,1.42,0,0.06
2094,0,0,0,1002.2,1.42,0,0.08
2095,0,0,0,1002.1,1.42,0,0.1
2096,0,0,0,1001.9,1.42,0,0.12
2097,0,0,0,1001.8,1.42,0,0.14
2098,0,0,0,1001.7,1.42,0,0.16
2099,0,0,0,1001.6,1.42,0,0.18
2100,0,0,0,1001.5,1.42,0,0.2
2101,0,0,0,1001.4,1.42,0,0.22
2102,0,0,0,1001.3,1.42,0,0.24
2103,0,0,0,1001.2,1.42,0,0.26
2104,0,0,0,1001.1,1.42,0,0.28
2105,0,0,0,1001,1.42,0,0.3
2106,0,0,0,1000.9,1.42,0,0.32
2107,0,0,0,1000.8,1.42,0,0.34
2108,0,0,0,1000.7,1.42,0,0.36
2109,0,0,0,1000.5,1.42,0,0.38
2110,0,0,0,1000.4,1.42,0,0.4
2111,0,0,0,1000.3,1.42,0,0.42
2112,0,0,0,1000.2,1.42,0,0.44
2113,0,0,0,1000.1,1.42,0,0.46
2114,0,0,0,1000,1.42,0,0.48
2115,0,0,0,1002.5,1.44,0,0.02
2116,0,0,0,1002.4,1.44,0,0.04
2117,0,0,0,1002.3,1.44,0,0.06
2118,0,0,0,1002.2,1.44,0,0.08
2119,0,0,0,1002.1,1.44,0,0.1
2120,0,0,0,1001.9,1.44,0,0.12
2121,0,0,0,1001.8,1.44,0,0.14
2122,0,0,0,1001.7,1.44,0,0.16
2123,0,0,0,1001.6,1.44,0,0.18
2124,0,0,0,1001.5,1.44,0,0.2
2125,0,0,0,1001.4,1.44,0,0.22
2126,0,0,0,1001.3,1.44,0,0.24
2127,0,0,0,1001.2,1.44,0,0.26
2128,0,0,0,1001.1,1.44,0,0.28
2129,0,0,0,1001,1.44,0,0.3
2130,0,0,0,1000.9,1.44,0,0.32
2131,0,0,0,1000.8,1.44,0,0.34
2132,0,0,0,1000.7,1.44,0,0.36
2133,0,0,0,1000.5,1.44,0,0.38
2134,0,0,0,1000.4,1.44,0,0.4
2135,0,0,0,1000.3,1.44,0,0.42
2136,0,0,0,1000.2,1.44,0,0.44
2137,0,0,0,1000.1,1.44,0,0.46
2138,0,0,0,1000,1.44,0,0.48
2139,0,0,0,1002.5,1.46,0,0.02
2140,0,0,0,1002.4,1.46,0,0.04
2141,0,0,0,1002.3,1.46,0,0.06
2142,0,0,0,1002.2,1.46,0,0.08
2143,0,0,0,1002.1,1.46,0,0.1
2144,0,0,0,1001.9,1.46,0,0.12
2145,0,0,0,1001.8,1.46,0,0.14
2146,0,0,0,1001.7,1.46,0,0.16
2147,0,0,0,1001.6,1.46,0,0.18
2148,0,0,0,1001.5,1.46,0,0.2
2149,0,0,0,1001.4,1.46,0,0.22
2150,0,0,0,1001.3,1.46,0,0.24
2151,0,0,0,1001.2,1.46,0,0.26
2152,0,0,0,1001.1,1.46,0,0.28
2153,0,0,0,1001,1.46,0,0.3
2154,0,0,0,1000.9,1.46,0,0.32
2155,0,0,0,1000.8,1.46,0,0.34
2156,0,0,0,1000.7,1.46,0,0.36
2157,0,0,0,1000.5,1.46,0,0.38
2158,0,0,0,1000.4,1.46,0,0.4
2159,0,0,0,1000.3,1.46,0,0.42
2160,0,0,0,1000.2,1.46,0,0.44
2161,0,0,0,1000.1,1.46,0,0.46
2162,0,0,0,1000,1.46,0,0.48
2163,0,0,0,1002.5,1.48,0,0.02
2164,0,0,0,1002.4,1.48,0,0.04
2165,0,0,0,1002.3,1.48,0,0.06
2166,0,0,0,1002.2,1.48,0,0.08
2167,0,0,0,1002.1,1.48,0,0.1
2168,0,0,0,1001.9,1.48,0,0.12
2169,0,0,0,1001.8,1.48,0,0.14
2170,0,0,0,1001.7,1.48,0,0.16
2171,0,0,0,1001.6,1.48,0,0.18
2172,0,0,0,1001.5,1.48,0,0.2
2173,0,0,0,1001.4,1.48,0,0.22
2174,0,0,0,1001.3,1.48,0,0.24
2175,0,0,0,1001.2,1.48,0,0.26
2176,0,0,0,1001.1,1.48,0,0.28
2177,0,0,0,1001,1.48,0,0.3
2178,0,0,0,1000.9,1.48,0,0.32
2179,0,0,0,1000.8,1.48,0,0.34
2180,0,0,0,1000.7,1.48,0,0.36
2181,0,0,0,1000.5,1.48,0,0.38
2182,0,0,0,1000.4,1.48,0,0.4
2183,0,0,0,1000.3,1.48,0,0.42
2184,0,0,0,1000.2,1.48,0,0.44
2185,0,0,0,1000.1,1.48,0,0.46
2186,0,0,0,1000,1.48,0,0.48
2187,0,0,0,1002.5,1.5,0,0.02
2188,0,0,0,1002.4,1.5,0,0.04
2189,0,0,0,1002.3,1.5,0,0.06
2190,0,0,0,1002.2,1.5,0,0.08
2191,0,0,0,1002.1,1.5,0,0.1
2192,0,0,0,1001.9,1.5,0,0.12
2193,0,0,0,1001.8,1.5,0,0.14
2194,0,0,0,1001.7,1.5,0,0.16
2195,0,0,0,1001.6,1.5,0,0.18
2196,0,0,0,1001.5,1.5,0,0.2
2197,0,0,0,1001.4,1.5,0,0.22
2198,0,0,0,1001.3,1.5,0,0.24
2199,0,0,0,1001.2,1.5,0,0.26
2200,0,0,0,1001.1,1.5,0,0.28
2201,0,0,0,1001,1.5,0,0.3
2202,0,0,0,1000.9,1.5,0,0.32
2203,0,0,0,1000.8,1.5,0,0.34
2204,0,0,0,1000.7,1.5,0,0.36
2205,0,0,0,1000.5,1.5,0,0.38
2206,0,0,0,1000.4,1.5,0,0.4
2207,0,0,0,1000.3,1.5,0,0.42
2208,0,0,0,1000.2,1.5,0,0.44
2209,0,0,0,1000.1,1.5,0,0.46
2210,0,0,0,1000,1.5,0,0.48
2211,0,0,0,1002.5,1.52,0,0.02
2212,0,0,0,1002.4,1.52,0,0.04
2213,0,0,0,1002.3,1.52,0,0.06
2214,0,0,0,1002.2,1.52,0,0.08
2215,0,0,0,1002.1,1.52,0,0.1
2216,0,0,0,1001.9,1.52,0,0.12
2217,0,0,0,1001.8,1.52,0,0.14
2218,0,0,0,1001.7,1.52,0,0.16
2219,0,0,0,1001.6,1.52,0,0.18
2220,0,0,0,1001.5,1.52,0,0.2
2221,0,0,0,1001.4,1.52,0,0.22
2222,0,0,0,1001.3,1.52,0,0.24
2223,0,0,0,1001.2,1.52,0,0.26
2224,0,0,0,1001.1,1.52,0,0.28
2225,0,0,0,1001,1.52,0,0.3
2226,0,0,0,1000.9,1.52,0,0.32
2227,0,0,0,1000.8,1.52,0,0.34
2228,0,0,0,1000.7,1.52,0,0.36
2229,0,0,0,1000.5,1.52,0,0.38
2230,0,0,0,1000.4,1.52,0,0.4
2231,0,0,0,1000.3,1.52,0,0.42
2232,0,0,0,1000.2,1.52,0,0.44
2233,0,0,0,1000.1,1.52,0,0.46
2234,0,0,0,1000,1.52,0,0.48
2235,0,0,0,1002.5,1.54,0,0.02
2236,0,0,0,1002.4,1.54,0,0.04
2237,0,0,0,1002.3,1.54,0,0.06
2238,0,0,0,1002.2,1.54,0,0.08
2239,0,0,0,1002.1,1.54,0,0.1
2240,0,0,0,1001.9,1.54,0,0.12
2241,0,0,0,1001.8,1.54,0,0.14
2242,0,0,0,1001.7,1.54,0,0.16
2243,0,0,0,1001.6,1.54,0,0.18
2244,0,0,0,1001.5,1.54,0,0.2
2245,0,0,0,1001.4,1.54,0,0.22
2246,0,0,0,1001.3,1.54,0,0.24
2247,0,0,0,1001.2,1.54,0,0.26
2248,0,0,0,1001.1,1.54,0,0.28
2249,0,0,0,1001,1.54,0,0.3
2250,0,0,0,1000.9,1.54,0,0.32
2251,0,0,0,1000.8,1.54,0,0.34
2252,0,0,0,1000.7,1.54,0,0.36
2253,0,0,0,1000.5,1.54,0,0.38
2254,0,0,0,1000.4,1.54,0,0.4
2255,0,0,0,1000.3,1.54,0,0.42
2256,0,0,0,1000.2,1.54,0,0.44
2257,0,0,0,1000.1,1.54,0,0.46
2258,0,0,0,1000,1.54,0,0.48
2259,0,0,0,1002.5,1.56,0,0.02
2260,0,0,0,1002.4,1.56,0,0.04
2261,0,0,0,1002.3,1.56,0,0.06
2262,0,0,0,1002.2,1.56,0,0.08
2263,0,0,0,1002.1,1.56,0,0.1
2264,0,0,0,1001.9,1.56,0,0.12
2265,0,0,0,1001.8,1.56,0,0.14
2266,0,0,0,1001.7,1.56,0,0.16
2267,0,0,0,1001.6,1.56,0,0.18
2268,0,0,0,1001.5,1.56,0,0.2
2269,0,0,0,1001.4,1.56,0,0.22
2270,0,0,0,1001.3,1.56,0,0.24
2271,0,0,0,1001.2,1.56,0,0.26
2272,0,0,0,1001.1,1.56,0,0.28
2273,0,0,0,1001,1.56,0,0.3
2274,0,0,0,1000.9,1.56,0,0.32
2275,0,0,0,1000.8,1.56,0,0.34
2276,0,0,0,1000.7,1.56,0,0.36
2277,0,0,0,1000.5,1.56,0,0.38
2278,0,0,0,1000.4,1.56,0,0.4
2279,0,0,0,1000.3,1.56,0,0.42
2280,0,0,0,1000.2,1.56,0,0.44
2281,0,0,0,1000.1,1.56,0,0.46
2282,0,0,0,1000,1.56,0,0.48
2283,0,0,0,1002.5,1.58,0,0.02
2284,0,0,0,1002.4,1.58,0,0.04
2285,0,0,0,1002.3,1.58,0,0.06
2286,0,0,0,1002.2,1.58,0,0.08
2287,0,0,0,1002.1,1.58,0,0.1
2288,0,0,0,1001.9,1.58,0,0.12
2289,0,0,0,1001.8,1.58,0,0.14
2290,0,0,0,1001.7,1.58,0,0.16
2291,0,0,0,1001.6,1.58,0,0.18
2292,0,0,0,1001.5,1.58,0,0.2
2293,0,0,0,1001.4,1.58,0,0.22
2294,0,0,0,1001.3,1.58,0,0.24
2295,0,0,0,1001.2,1.58,0,0.26
2296,0,0,0,1001.1,1.58,0,0.28
2297,0,0,0,1001,1.58,0,0.3
2298,0,0,0,1000.9,1.58,0,0.32
2299,0,0,0,1000.8,1.58,0,0.34
2300,0,0,0,1000.7,1.58,0,0.36
2301,0,0,0,1000.5,1.58,0,0.38
2302,0,0,0,1000.4,1.58,0,0.4
2303,0,0,0,1000.3,1.58,0,0.42
2304,0,0,0,1000.2,1.58,0,0.44
2305,0,0,0,1000.1,1.58,0,0.46
2306,0,0,0,1000,1.58,0,0.48
2307,0,0,0,1002.5,1.6,0,0.02
2308,0,0,0,1002.4,1.6,0,0.04
2309,0,0,0,1002.3,1.6,0,0.06
2310,0,0,0,1002.2,1.6,0,0.08
2311,0,0,0,1002.1,1.6,0,0.1
2312,0,0,0,1001.9,1.6,0,0.12
2313,0,0,0,1001.8,1.6,0,0.14
2314,0,0,0,1001.7,1.6,0,0.16
2315,0,0,0,1001.6,1.6,0,0.18
2316,0,0,0,1001.5,1.6,0,0.2
2317,0,0,0,1001.4,1.6,0,0.22
2318,0,0,0,1001.3,1.6,0,0.24
2319,0,0,0,1001.2,1.6,0,0.26
2320,0,0,0,1001.1,1.6,0,0.28
2321,0,0,0,1001,1.6,0,0.3
2322,0,0,0,1000.9,1.6,0,0.32
2323,0,0,0,1000.8,1.6,0,0.34
2324,0,0,0,1000.7,1.6,0,0.36
2325,0,0,0,1000.5,1.6,0,0.38
2326,0,0,0,1000.4,1.6,0,0.4
2327,0,0,0,1000.3,1.6,0,0.42
2328,0,0,0,1000.2,1.6,0,0.44
2329,0,0,0,1000.1,1.6,0,0.46
2330,0,0,0,1000,1.6,0,0.48
2331,0,0,0,1002.5,1.62,0,0.02
2332,0,0,0,1002.4,1.62,0,0.04
2333,0,0,0,1002.3,1.62,0,0.06
2334,0,0,0,1002.2,1.62,0,0.08
2335,0,0,0,1002.1,1.62,0,0.1
2336,0,0,0,1001.9,1.62,0,0.12
2337,0,0,0,1001.8,1.62,0,0.14
2338,0,0,0,1001.7,1.62,0,0.16
2339,0,0,0,1001.6,1.62,0,0.18
2340,0,0,0,1001.5,1.62,0,0.2
2341,0,0,0,1001.4,1.62,0,0.22
2342,0,0,0,1001.3,1.62,0,0.24
2343,0,0,0,1001.2,1.62,0,0.26
2344,0,0,0,1001.1,1.62,0,0.28
2345,0,0,0,1001,1.62,0,0.3
2346,0,0,0,1000.9,1.62,0,0.32
2347,0,0,0,1000.8,1.62,0,0.34
2348,0,0,0,1000.7,1.62,0,0.36
2349,0,0,0,1000.5,1.62,0,0.38
2350,0,0,0,1000.4,1.62,0,0.4
2351,0,0,0,1000.3,1.62,0,0.42
2352,0,0,0,1000.2,1.62,0,0.44
2353,0,0,0,1000.1,1.62,0,0.46
2354,0,0,0,1000,1.62,0,0.48
2355,0,0,0,1002.5,1.64,0,0.02
2356,0,0,0,1002.4,1.64,0,0.04
2357,0,0,0,1002.3,1.64,0,0.06
2358,0,0,0,1002.2,1.64,0,0.08
2359,0,0,0,1002.1,1.64,0,0.1
2360,0,0,0,1001.9,1.64,0,0.12
2361,0,0,0,1001.8,1.64,0,0.14
2362,0,0,0,1001.7,1.64,0,0.16
2363,0,0,0,1001.6,1.64,0,0.18
2364,0,0,0,1001.5,1.64,0,0.2
2365,0,0,0,1001.4,1.64,0,0.22
2366,0,0,0,1001.3,1.64,0,0.24
2367,0,0,0,1001.2,1.64,0,0.26
2368,0,0,0,1001.1,1.64,0,0.28
2369,0,0,0,1001,1.64,0,0.3
2370,0,0,0,1000.9,1.64,0,0.32
2371,0,0,0,1000.8,1.64,0,0.34
2372,0,0,0,1000.7,1.64,0,0.36
2373,0,0,0,1000.5,1.64,0,0.38
2374,0,0,0,1000.4,1.64,0,0.4
2375,0,0,0,1000.3,1.64,0,0.42
2376,0,0,0,1000.2,1.64,0,0.44
2377,0,0,0,1000.1,1.64,0,0.46
2378,0,0,0,1000,1.64,0,0.48
2379,0,0,0,1002.5,1.66,0,0.02
2380,0,0,0,1002.4,1.66,0,0.04
2381,0,0,0,1002.3,1.66,0,0.06
2382,0,0,0,1002.2,1.66,0,0.08
2383,0,0,0,1002.1,1.66,0,0.1
2384,0,0,0,1001.9,1.66,0,0.12
2385,0,0,0,1001.8,1.66,0,0.14
2386,0,0,0,1001.7,1.66,0,0.16
2387,0,0,0,1001.6,1.66,0,0.18
2388,0,0,0,1001.5,1.66,0,0.2
2389,0,0,0,1001.4,1.66,0,0.22
2390,0,0,0,1001.3,1.66,0,0.24
2391,0,0,0,1001.2,1.66,0,0.26
2392,0,0,0,1001.1,1.66,0,0.28
2393,0,0,0,1001,1.66,0,0.3
2394,0,0,0,1000.9,1.66,0,0.32
2395,0,0,0,1000.8,1.66,0,0.34
2396,0,0,0,1000.7,1.66,0,0.36
2397,0,0,0,1000.5,1.66,0,0.38
2398,0,0,0,1000.4,1.66,0,0.4
2399,0,0,0,1000.3,1.66,0,0.42
2400,0,0,0,1000.2,1.66,0,0.44
2401,0,0,0,1000.1,1.66,0,0.46
2402,0,0,0,1000,1.66,0,0.48
2403,0,0,0,1002.5,1.68,0,0.02
2404,0,0,0,1002.4,1.68,0,0.04
2405,0,0,0,1002.3,1.68,0,0.06
2406,0,0,0,1002.2,1.68,0,0.08
2407,0,0,0,1002.1,1.68,0,0.1
2408,0,0,0,1001.9,1.68,0,0.12
2409,0,0,0,1001.8,1.68,0,0.14
2410,0,0,0,1001.7,1.68,0,0.16
2411,0,0,0,1001.6,1.68,0,0.18
2412,0,0,0,1001.5,1.68,0,0.2
2413,0,0,0,1001.4,1.68,0,0.22
2414,0,0,0,1001.3,1.68,0,0.24
2415,0,0,0,1001.2,1.68,0,0.26
2416,0,0,0,1001.1,1.68,0,0.28
2417,0,0,0,1001,1.68,0,0.3
2418,0,0,0,1000.9,1.68,0,0.32
2419,0,0,0,1000.8,1.68,0,0.34
2420,0,0,0,1000.7,1.68,0,0.36
2421,0,0,0,1000.5,1.68,0,0.38
2422,0,0,0,1000.4,1.68,0,0.4
2423,0,0,0,1000.3,1.68,0,0.42
2424,0,0,0,1000.2,1.68,0,0.44
2425,0,0,0,1000.1,1.68,0,0.46
2426,0,0,0,1000,1.68,0,0.48
2427,0,0,0,1002.5,1.7,0,0.02
2428,0,0,0,1002.4,1.7,0,0.04
2429,0,0,0,1002.3,1.7,0,0.06
2430,0,0,0,1002.2,1.7,0,0.08
2431,0,0,0,1002.1,1.7,0,0.1
2432,0,0,0,1001.9,1.7,0,0.12
2433,0,0,0,1001.8,1.7,0,0.14
2434,0,0,0,1001.7,1.7,0,0.16
2435,0,0,0,1001.6,1.7,0,0.18
2436,0,0,0,1001.5,1.7,0,0.2
2437,0,0,0,1001.4,1.7,0,0.22
2438,0,0,0,1001.3,1.7,0,0.24
2439,0,0,0,1001.2,1.7,0,0.26
2440,0,0,0,1001.1,1.7,0,0.28
2441,0,0,0,1001,1.7,0,0.3
2442,0,0,0,1000.9,1.7,0,0.32
2443,0,0,0,1000.8,1.7,0,0.34
2444,0,0,0,1000.7,1.7,0,0.36
2445,0,0,0,1000.5,1.7,0,0.38
2446,0,0,0,1000.4,1.7,0,0.4
2447,0,0,0,1000.3,1.7,0,0.42
2448,0,0,0,1000.2,1.7,0,0.44
2449,0,0,0,1000.1,1.7,0,0.46
2450,0,0,0,1000,1.7,0,0.48
2451,0,0,0,1002.5,1.72,0,0.02
2452,0,0,0,1002.4,1.72,0,0.04
2453,0,0,0,1002.3,1.72,0,0.06
2454,0,0,0,1002.2,1.72,0,0.08
2455,0,0,0,1002.1,1.72,0,0.1
2456,0,0,0,1001.9,1.72,0,0.12
2457,0,0,0,1001.8,1.72,0,0.14
2458,0,0,0,1001.7,1.72,0,0.16
2459,0,0,0,1001.6,1.72,0,0.18
2460,0,0,0,1001.5,1.72,0,0.2
2461,0,0,0,1001.4,1.72,0,0.22
2462,0,0,0,1001.3,1.72,0,0.24
2463,0,0,0,1001.2,1.72,0,0.26
2464,0,0,0,1001.1,1.72,0,0.28
2465,0,0,0,1001,1.72,0,0.3
2466,0,0,0,1000.9,1.72,0,0.32
2467,0,0,0,1000.8,1.72,0,0.34
2468,0,0,0,1000.7,1.72,0,0.36
2469,0,0,0,1000.5,1.72,0,0.38
2470,0,0,0,1000.4,1.72,0,0.4
2471,0,0,0,1000.3,1.72,0,0.42
2472,0,0,0,1000.2,1.72,0,0.44
2473,0,0,0,1000.1,1.72,0,0.46
2474,0,0,0,1000,1.72,0,0.48
2475,0,0,0,1002.5,1.74,0,0.02
2476,0,0,0,1002.4,1.74,0,0.04
2477,0,0,0,1002.3,1.74,0,0.06
2478,0,0,0,1002.2,1.74,0,0.08
2479,0,0,0,1002.1,1.74,0,0.1
2480,0,0,0,1001.9,1.74,0,0.12
2481,0,0,0,1001.8,1.74,0,0.14
2482,0,0,0,1001.7,1.74,0,0.16
2483,0,0,0,1001.6,1.74,0,0.18
2484,0,0,0,1001.5,1.74,0,0.2
2485,0,0,0,1001.4,1.74,0,0.22
2486,0,0,0,1001.3,1.74,0,0.24
2487,0,0,0,1001.2,1.74,0,0.26
2488,0,0,0,1001.1,1.74,0,0.28
2489,0,0,0,1001,1.74,0,0.3
2490,0,0,0,1000.9,1.74,0,0.32
2491,0,0,0,1000.8,1.74,0,0.34
2492,0,0,0,1000.7,1.74,0,0.36
2493,0,0,0,1000.5,1.74,0,0.38
2494,0,0,0,1000.4,1.74,0,0.4
2495,0,0,0,1000.3,1.74,0,0.42
2496,0,0,0,1000.2,1.74,0,0.44
2497,0,0,0,1000.1,1.74,0,0.46
2498,0,0,0,1000,1.74,0,0.48
2499,0,0,0,1002.5,1.76,0,0.02
2500,0,0,0,1002.4,1.76,0,0.04
2501,0,0,0,1002.3,1.76,0,0.06
2502,0,0,0,1002.2,1.76,0,0.08
2503,0,0,0,1002.1,1.76,0,0.1
2504,0,0,0,1001.9,1.76,0,0.12
2505,0,0,0,1001.8,1.76,0,0.14
2506,0,0,0,1001.7,1.76,0,0.16
2507,0,0,0,1001.6,1.76,0,0.18
2508,0,0,0,1001.5,1.76,0,0.2
2509,0,0,0,1001.4,1.76,0,0.22
2510,0,0,0,1001.3,1.76,0,0.24
2511,0,0,0,1001.2,1.76,0,0.26
2512,0,0,0,1001.1,1.76,0,0.28
2513,0,0,0,1001,1.76,0,0.3
2514,0,0,0,1000.9,1.76,0,0.32
2515,0,0,0,1000.8,1.76,0,0.34
2516,0,0,0,1000.7,1.76,0,0.36
2517,0,0,0,1000.5,1.76,0,0.38
2518,0,0,0,1000.4,1.76,0,0.4
2519,0,0,0,1000.3,1.76,0,0.42
2520,0,0,0,1000.2,1.76,0,0.44
2521,0,0,0,1000.1,1.76,0,0.46
2522,0,0,0,1000,1.76,0,0.48
2523,0,0,0,1002.5,1.78,0,0.02
2524,0,0,0,1002.4,1.78,0,0.04
2525,0,0,0,1002.3,1.78,0,0.06
2526,0,0,0,1002.2,1.78,0,0.08
2527,0,0,0,1002.1,1.78,0,0.1
2528,0,0,0,1001.9,1.78,0,0.12
2529,0,0,0,1001.8,1.78,0,0.14
2530,0,0,0,1001.7,1.78,0,0.16
2531,0,0,0,1001.6,1.78,0,0.18
2532,0,0,0,1001.5,1.78,0,0.2
2533,0,0,0,1001.4,1.78,0,0.22
2534,0,0,0,1001.3,1.78,0,0.24
2535,0,0,0,1001.2,1.78,0,0.26
2536,0,0,0,1001.1,1.78,0,0.28
2537,0,0,0,1001,1.78,0,0.3
2538,0,0,0,1000.9,1.78,0,0.32
2539,0,0,0,1000.8,1.78,0,0.34
2540,0,0,0,1000.7,1.78,0,0.36
2541,0,0,0,1000.5,1.78,0,0.38
2542,0,0,0,1000.4,1.78,0,0.4
2543,0,0,0,1000.3,1.78,0,0.42
2544,0,0,0,1000.2,1.78,0,0.44
2545,0,0,0,1000.1,1.78,0,0.46
2546,0,0,0,1000,1.78,0,0.48
2547,0,0,0,1002.5,1.8,0,0.02
2548,0,0,0,1002.4,1.8,0,0.04
2549,0,0,0,1002.3,1.8,0,0.06
2550,0,0,0,1002.2,1.8,0,0.08
2551,0,0,0,1002.1,1.8,0,0.1
2552,0,0,0,1001.9,1.8,0,0.12
2553,0,0,0,1001.8,1.8,0,0.14
2554,0,0,0,1001.7,1.8,0,0.16
2555,0,0,0,1001.6,1.8,0,0.18
2556,0,0,0,1001.5,1.8,0,0.2
2557,0,0,0,1001.4,1.8,0,0.22
2558,0,0,0,1001.3,1.8,0,0.24
2559,0,0,0,1001.2,1.8,0,0.26
2560,0,0,0,1001.1,1.8,0,0.28
2561,0,0,0,1001,1.8,0,0.3
2562,0,0,0,1000.9,1.8,0,0.32
2563,0,0,0,1000.8,1.8,0,0.34
2564,0,0,0,1000.7,1.8,0,0.36
2565,0,0,0,1000.5,1.8,0,0.38
2566,0,0,0,1000.4,1.8,0,0.4
2567,0,0,0,1000.3,1.8,0,0.42
2568,0,0,0,1000.2,1.8,0,0.44
2569,0,0,0,1000.1,1.8,0,0.46
2570,0,0,0,1000,1.8,0,0.48
2571,0,0,0,1002.5,1.82,0,0.02
2572,0,0,0,1002.4,1.82,0,0.04
2573,0,0,0,1002.3,1.82,0,0.06
2574,0,0,0,1002.2,1.82,0,0.08
2575,0,0,0,1002.1,1.82,0,0.1
2576,0,0,0,1001.9,1.82,0,0.12
2577,0,0,0,1001.8,1.82,0,0.14
2578,0,0,0,1001.7,1.82,0,0.16
2579,0,0,0,1001.6,1.82,0,0.18
2580,0,0,0,1001.5,1.82,0,0.2
2581,0,0,0,1001.4,1.82,0,0.22
2582,0,0,0,1001.3,1.82,0,0.24
2583,0,0,0,1001.2,1.82,0,0.26
2584,0,0,0,1001.1,1.82,0,0.28
2585,0,0,0,1001,1.82,0,0.3
2586,0,0,0,1000.9,1.82,0,0.32
2587,0,0,0,1000.8,1.82,0,0.34
2588,0,0,0,1000.7,1.82,0,0.36
2589,0,0,0,1000.5,1.82,0,0.38
2590,0,0,0,1000.4,1.82,0,0.4
2591,0,0,0,1000.3,1.82,0,0.42
2592,0,0,0,1000.2,1.82,0,0.44
2593,0,0,0,1000.1,1.82,0,0.46
2594,0,0,0,1000,1.82,0,0.48
2595,0,0,0,1002.5,1.84,0,0.02
2596,0,0,0,1002.4,1.84,0,0.04
2597,0,0,0,1002.3,1.84,0,0.06
2598,0,0,0,1002.2,1.84,0,0.08
2599,0,0,0,1002.1,1.84,0,0.1
2600,0,0,0,1001.9,1.84,0,0.12
2601,0,0,0,1001.8,1.84,0,0.14
2602,0,0,0,1001.7,1.84,0,0.16
2603,0,0,0,1001.6,1.84,0,0.18
2604,0,0,0,1001.5,1.84,0,0.2
2605,0,0,0,1001.4,1.84,0,0.22
2606,0,0,0,1001.3,1.84,0,0.24
2607,0,0,0,1001.2,1.84,0,0.26
2608,0,0,0,1001.1,1.84,0,0.28
2609,0,0,0,1001,1.84,0,0.3
2610,0,0,0,1000.9,1.84,0,0.32
2611,0,0,0,1000.8,1.84,0,0.34
2612,0,0,0,1000.7,1.84,0,0.36
2613,0,0,0,1000.5,1.84,0,0.38
2614,0,0,0,1000.4,1.84,0,0.4
2615,0,0,0,1000.3,1.84,0,0.42
2616,0,0,0,1000.2,1.84,0,0.44
2617,0,0,0,1000.1,1.84,0,0.46
2618,0,0,0,1000,1.84,0,0.48
2619,0,0,0,1002.5,1.86,0,0.02
2620,0,0,0,1002.4,1.86,0,0.04
2621,0,0,0,1002.3,1.86,0,0.06
2622,0,0,0,1002.2,1.86,0,0.08
2623,0,0,0,1002.1,1.86,0,0.1
2624,0,0,0,1001.9,1.86,0,0.12
2625,0,0,0,1001.8,1.86,0,0.14
2626,0,0,0,1001.7,1.86,0,0.16
2627,0,0,0,1001.6,1.86,0,0.18
2628,0,0,0,1001.5,1.86,0,0.2
2629,0,0,0,1001.4,1.86,0,0.22
2630,0,0,0,1001.3,1.86,0,0.24
2631,0,0,0,1001.2,1.86,0,0.26
2632,0,0,0,1001.1,1.86,0,0.28
2633,0,0,0,1001,1.86,0,0.3
2634,0,0,0,1000.9,1.86,0,0.32
2635,0,0,0,1000.8,1.86,0,0.34
2636,0,0,0,1000.7,1.86,0,0.36
2637,0,0,0,1000.5,1.86,0,0.38
2638,0,0,0,1000.4,1.86,0,0.4
2639,0,0,0,1000.3,1.86,0,0.42
2640,0,0,0,1000.2,1.86,0,0.44
2641,0,0,0,1000.1,1.86,0,0.46
2642,0,0,0,1000,1.86,0,0.48
2643,0,0,0,1002.5,1.88,0,0.02
2644,0,0,0,1002.4,1.88,0,0.04
2645,0,0,0,1002.3,1.88,0,0.06
2646,0,0,0,1002.2,1.88,0,0.08
2647,0,0,0,1002.1,1.88,0,0.1
2648,0,0,0,1001.9,1.88,0,0.12
2649,0,0,0,1001.8,1.88,0,0.14
2650,0,0,0,1001.7,1.88,0,0.16
2651,0,0,0,1001.6,1.88,0,0.18
2652,0,0,0,1001.5,1.88,0,0.2
2653,0,0,0,1001.4,1.88,0,0.22
2654,0,0,0,1001.3,1.88,0,0.24
2655,0,0,0,1001.2,1.88,0,0.26
2656,0,0,0,1001.1,1.88,0,0.28
2657,0,0,0,1001,1.88,0,0.3
2658,0,0,0,1000.9,1.88,0,0.32
2659,0,0,0,1000.8,1.88,0,0.34
2660,0,0,0,1000.7,1.88,0,0.36
2661,0,0,0,1000.5,1.88,0,0.38
2662,0,0,0,1000.4,1.88,0,0.4
2663,0,0,0,1000.3,1.88,0,0.42
2664,0,0,0,1000.2,1.88,0,0.44
2665,0,0,0,1000.1,1.88,0,0.46
2666,0,0,0,1000,1.88,0,0.48
2667,0,0,0,1002.5,1.9,0,0.02
2668,0,0,0,1002.4,1.9,0,0.04
2669,0,0,0,1002.3,1.9,0,0.06
2670,0,0,0,1002.2,1.9,0,0.08
2671,0,0,0,1002.1,1.9,0,0.1
2672,0,0,0,1001.9,1.9,0,0.12
2673,0,0,0,1001.8,1.9,0,0.14
2674,0,0,0,1001.7,1.9,0,0.16
2675,0,0,0,1001.6,1.9,0,0.18
2676,0,0,0,1001.5,1.9,0,0.2
2677,0,0,0,1001.4,1.9,0,0.22
2678,0,0,0,1001.3,1.9,0,0.24
2679,0,0,0,1001.2,1.9,0,0.26
2680,0,0,0,1001.1,1.9,0,0.28
2681,0,0,0,1001,1.9,0,0.3
2682,0,0,0,1000.9,1.9,0,0.32
2683,0,0,0,1000.8,1.9,0,0.34
2684,0,0,0,1000.7,1.9,0,0.36
2685,0,0,0,1000.5,1.9,0,0.38
2686,0,0,0,1000.4,1.9,0,0.4
2687,0,0,0,1000.3,1.9,0,0.42
2688,0,0,0,1000.2,1.9,0,0.44
2689,0,0,0,1000.1,1.9,0,0.46
2690,0,0,0,1000,1.9,0,0.48
2691,0,0,0,1002.5,1.92,0,0.02
2692,0,0,0,1002.4,1.92,0,0.04
2693,0,0,0,1002.3,1.92,0,0.06
2694,0,0,0,1002.2,1.92,0,0.08
2695,0,0,0,1002.1,1.92,0,0.1
2696,0,0,0,1001.9,1.92,0,0.12
2697,0,0,0,1001.8,1.92,0,0.14
2698,0,0,0,1001.7,1.92,0,0.16
2699,0,0,0,1001.6,1.92,0,0.18
2700,0,0,0,1001.5,1.92,0,0.2
2701,0,0,0,1001.4,1.92,0,0.22
2702,0,0,0,1001.3,1.92,0,0.24
2703,0,0,0,1001.2,1.92,0,0.26
2704,0,0,0,1001.1,1.92,0,0.28
2705,0,0,0,1001,1.92,0,0.3
2706,0,0,0,1000.9,1.92,0,0.32
2707,0,0,0,1000.8,1.92,0,0.34
2708,0,0,0,1000.7,1.92,0,0.36
2709,0,0,0,1000.5,1.92,0,0.38
2710,0,0,0,1000.4,1.92,0,0.4
2711,0,0,0,1000.3,1.92,0,0.42
2712,0,0,0,1000.2,1.92,0,0.44
2713,0,0,0,1000.1,1.92,0,0.46
2714,0,0,0,1000,1.92,0,0.48
2715,0,0,0,1002.5,1.94,0,0.02
2716,0,0,0,1002.4,1.94,0,0.04
2717,0,0,0,1002.3,1.94,0,0.06
2718,0,0,0,1002.2,1.94,0,0.08
2719,0,0,0,1002.1,1.94,0,0.1
2720,0,0,0,1001.9,1.94,0,0.12
2721,0,0,0,1001.8,1.94,0,0.14
2722,0,0,0,1001.7,1.94,0,0.16
2723,0,0,0,1001.6,1.94,0,0.18
2724,0,0,0,1001.5,1.94,0,0.2
2725,0,0,0,1001.4,1.94,0,0.22
2726,0,0,0,1001.3,1.94,0,0.24
2727,0,0,0,1001.2,1.94,0,0.26
2728,0,0,0,1001.1,1.94,0,0.28
2729,0,0,0,1001,1.94,0,0.3
2730,0,0,0,1000.9,1.94,0,0.32
2731,0,0,0,1000.8,1.94,0,0.34
2732,0,0,0,1000.7,1.94,0,0.36
2733,0,0,0,1000.5,1.94,0,0.38
2734,0,0,0,1000.4,1.94,0,0.4
2735,0,0,0,1000.3,1.94,0,0.42
2736,0,0,0,1000.2,1.94,0,0.44
2737,0,0,0,1000.1,1.94,0,0.46
2738,0,0,0,1000,1.94,0,0.48
2739,0,0,0,1002.5,1.96,0,0.02
2740,0,0,0,1002.4,1.96,0,0.04
2741,0,0,0,1002.3,1.96,0,0.06
2742,0,0,0,1002.2,1.96,0,0.08
2743,0,0,0,1002.1,1.96,0,0.1
2744,0,0,0,1001.9,1.96,0,0.12
2745,0,0,0,1001.8,1.96,0,0.14
2746,0,0,0,1001.7,1.96,0,0.16
2747,0,0,0,1001.6,1.96,0,0.18
2748,0,0,0,1001.5,1.96,0,0.2
2749,0,0,0,1001.4,1.96,0,0.22
2750,0,0,0,1001.3,1.96,0,0.24
2751,0,0,0,1001.2,1.96,0,0.26
2752,0,0,0,1001.1,1.96,0,0.28
2753,0,0,0,1001,1.96,0,0.3
2754,0,0,0,1000.9,1.96,0,0.32
2755,0,0,0,1000.8,1.96,0,0.34
2756,0,0,0,1000.7,1.96,0,0.36
2757,0,0,0,1000.5,1.96,0,0.38
2758,0,0,0,1000.4,1.96,0,0.4
2759,0,0,0,1000.3,1.96,0,0.42
2760,0,0,0,1000.2,1.96,0,0.44
2761,0,0,0,1000.1,1.96,0,0.46
2762,0,0,0,1000,1.96,0,0.48
2763,0,0,0,1002.5,1.98,0,0.02
2764,0,0,0,1002.4,1.98,0,0.04
2765,0,0,0,1002.3,1.98,0,0.06
2766,0,0,0,1002.2,1.98,0,0.08
2767,0,0,0,1002.1,1.98,0,0.1
2768,0,0,0,1001.9,1.98,0,0.12
2769,0,0,0,1001.8,1.98,0,0.14
2770,0,0,0,1001.7,1.98,0,0.16
2771,0,0,0,1001.6,1.98,0,0.18
2772,0,0,0,1001.5,1.98,0,0.2
2773,0,0,0,1001.4,1.98,0,0.22
2774,0,0,0,1001.3,1.98,0,0.24
2775,0,0,0,1001.2,1.98,0,0.26
2776,0,0,0,1001.1,1.98,0,0.28
2777,0,0,0,1001,1.98,0,0.3
2778,0,0,0,1000.9,1.98,0,0.32
2779,0,0,0,1000.8,1.98,0,0.34
2780,0,0,0,1000.7,1.98,0,0.36
2781,0,0,0,1000.5,1.98,0,0.38
2782,0,0,0,1000.4,1.98,0,0.4
2783,0,0,0,1000.3,1.98,0,0.42
2784,0,0,0,1000.2,1.98,0,0.44
2785,0,0,0,1000.1,1.98,0,0.46
2786,0,0,0,1000,1.98,0,0.48
2787,0,0,0,1002.5,2,0,0.02
2788,0,0,0,1002.4,2,0,0.04
2789,0,0,0,1002.3,2,0,0.06
2790,0,0,0,1002.2,2,0,0.08
2791,0,0,0,1002.1,2,0,0.1
2792,0,0,0,1001.9,2,0,0.12
2793,0,0,0,1001.8,2,0,0.14
2794,0,0,0,1001.7,2,0,0.16
2795,0,0,0,1001.6,2,0,0.18
2796,0,0,0,1001.5,2,0,0.2
2797,0,0,0,1001.4,2,0,0.22
2798,0,0,0,1001.3,2,0,0.24
2799,0,0,0,1001.2,2,0,0.26
2800,0,0,0,1001.1,2,0,0.28
2801,0,0,0,1001,2,0,0.3
2802,0,0,0,1000.9,2,0,0.32
2803,0,0,0,1000.8,2,0,0.34
2804,0,0,0,1000.7,2,0,0.36
2805,0,0,0,1000.5,2,0,0.38
2806,0,0,0,1000.4,2,0,0.4
2807,0,0,0,1000.3,2,0,0.42
2808,0,0,0,1000.2,2,0,0.44
2809,0,0,0,1000.1,2,0,0.46
2810,0,0,0,1000,2,0,0.48
2811,0,0,0,1002.5,2.02,0,0.02
2812,0,0,0,1002.4,2.02,0,0.04
2813,0,0,0,1002.3,2.02,0,0.06
2814,0,0,0,1002.2,2.02,0,0.08
2815,0,0,0,1002.1,2.02,0,0.1
2816,0,0,0,1001.9,2.02,0,0.12
2817,0,0,0,1001.8,2.02,0,0.14
2818,0,0,0,1001.7,2.02,0,0.16
2819,0,0,0,1001.6,2.02,0,0.18
2820,0,0,0,1001.5,2.02,0,0.2
2821,0,0,0,1001.4,2.02,0,0.22
2822,0,0,0,1001.3,2.02,0,0.24
2823,0,0,0,1001.2,2.02,0,0.26
2824,0,0,0,1001.1,2.02,0,0.28
2825,0,0,0,1001,2.02,0,0.3
2826,0,0,0,1000.9,2.02,0,0.32
2827,0,0,0,1000.8,2.02,0,0.34
2828,0,0,0,1000.7,2.02,0,0.36
2829,0,0,0,1000.5,2.02,0,0.38
2830,0,0,0,1000.4,2.02,0,0.4
2831,0,0,0,1000.3,2.02,0,0.42
2832,0,0,0,1000.2,2.02,0,0.44
2833,0,0,0,1000.1,2.02,0,0.46
2834,0,0,0,1000,2.02,0,0.48
2835,0,0,0,1002.5,2.04,0,0.02
2836,0,0,0,1002.4,2.04,0,0.04
2837,0,0,0,1002.3,2.04,0,0.06
2838,0,0,0,1002.2,2.04,0,0.08
2839,0,0,0,1002.1,2.04,0,0.1
2840,0,0,0,1001.9,2.04,0,0.12
2841,0,0,0,1001.8,2.04,0,0.14
2842,0,0,0,1001.7,2.04,0,0.16
2843,0,0,0,1001.6,2.04,0,0.18
2844,0,0,0,1001.5,2.04,0,0.2
2845,0,0,0,1001.4,2.04,0,0.22
2846,0,0,0,1001.3,2.04,0,0.24
2847,0,0,0,1001.2,2.04,0,0.26
2848,0,0,0,1001.1,2.04,0,0.28
2849,0,0,0,1001,2.04,0,0.3
2850,0,0,0,1000.9,2.04,0,0.32
2851,0,0,0,1000.8,2.04,0,0.34
2852,0,0,0,1000.7,2.04,0,0.36
2853,0,0,0,1000.5,2.04,0,0.38
2854,0,0,0,1000.4,2.04,0,0.4
2855,0,0,0,1000.3,2.04,0,0.42
2856,0,0,0,1000.2,2.04,0,0.44
2857,0,0,0,1000.1,2.04,0,0.46
2858,0,0,0,1000,2.04,0,0.48
2859,0,0,0,1002.5,2.06,0,0.02
2860,0,0,0,1002.4,2.06,0,0.04
2861,0,0,0,1002.3,2.06,0,0.06
2862,0,0,0,1002.2,2.06,0,0.08
2863,0,0,0,1002.1,2.06,0,0.1
2864,0,0,0,1001.9,2.06,0,0.12
2865,0,0,0,1001.8,2.06,0,0.14
2866,0,0,0,1001.7,2.06,0,0.16
2867,0,0,0,1001.6,2.06,0,0.18
2868,0,0,0,1001.5,2.06,0,0.2
2869,0,0,0,1001.4,2.06,0,0.22
2870,0,0,0,1001.3,2.06,0,0.24
2871,0,0,0,1001.2,2.06,0,0.26
2872,0,0,0,1001.1,2.06,0,0.28
2873,0,0,0,1001,2.06,0,0.3
2874,0,0,0,1000.9,2.06,0,0.32
2875,0,0,0,1000.8,2.06,0,0.34
2876,0,0,0,1000.7,2.06,0,0.36
2877,0,0,0,1000.5,2.06,0,0.38
2878,0,0,0,1000.4,2.06,0,0.4
2879,0,0,0,1000.3,2.06,0,0.42
2880,0,0,0,1000.2,2.06,0,0.44
2881,0,0,0,1000.1,2.06,0,0.46
2882,0,0,0,1000,2.06,0,0.48
2883,0,0,0,1002.5,2.08,0,0.02
2884,0,0,0,1002.4,2.08,0,0.04
2885,0,0,0,1002.3,2.08,0,0.06
2886,0,0,0,1002.2,2.08,0,0.08
2887,0,0,0,1002.1,2.08,0,0.1
2888,0,0,0,1001.9,2.08,0,0.12
2889,0,0,0,1001.8,2.08,0,0.14
2890,0,0,0,1001.7,2.08,0,0.16
2891,0,0,0,1001.6,2.08,0,0.18
2892,0,0,0,1001.5,2.08,0,0.2
2893,0,0,0,1001.4,2.08,0,0.22
2894,0,0,0,1001.3,2.08,0,0.24
2895,0,0,0,1001.2,2.08,0,0.26
2896,0,0,0,1001.1,2.08,0,0.28
2897,0,0,0,1001,2.08,0,0.3
2898,0,0,0,1000.9,2.08,0,0.32
2899,0,0,0,1000.8,2.08,0,0.34
2900,0,0,0,1000.7,2.08,0,0.36
2901,0,0,0,1000.5,2.08,0,0.38
2902,0,0,0,1000.4,2.08,0,0.4
2903,0,0,0,1000.3,2.08,0,0.42
2904,0,0,0,1000.2,2.08,0,0.44
2905,0,0,0,1000.1,2.08,0,0.46
2906,0,0,0,1000,2.08,0,0.48
2907,0,0,0,1002.5,2.1,0,0.02
2908,0,0,0,1002.4,2.1,0,0.04
2909,0,0,0,1002.3,2.1,0,0.06
2910,0,0,0,1002.2,2.1,0,0.08
2911,0,0,0,1002.1,2.1,0,0.1
2912,0,0,0,1001.9,2.1,0,0.12
2913,0,0,0,1001.8,2.1,0,0.14
2914,0,0,0,1001.7,2.1,0,0.16
2915,0,0,0,1001.6,2.1,0,0.18
2916,0,0,0,1001.5,2.1,0,0.2
2917,0,0,0,1001.4,2.1,0,0.22
2918,0,0,0,1001.3,2.1,0,0.24
2919,0,0,0,1001.2,2.1,0,0.26
2920,0,0,0,1001.1,2.1,0,0.28
2921,0,0,0,1001,2.1,0,0.3
2922,0,0,0,1000.9,2.1,0,0.32
2923,0,0,0,1000.8,2.1,0,0.34
2924,0,0,0,1000.7,2.1,0,0.36
2925,0,0,0,1000.5,2.1,0,0.38
2926,0,0,0,1000.4,2.1,0,0.4
2927,0,0,0,1000.3,2.1,0,0.42
2928,0,0,0,1000.2,2.1,0,0.44
2929,0,0,0,1000.1,2.1,0,0.46
2930,0,0,0,1000,2.1,0,0.48
2931,0,0,0,1002.5,2.12,0,0.02
2932,0,0,0,1002.4,2.12,0,0.04
2933,0,0,0,1002.3,2.12,0,0.06
2934,0,0,0,1002.2,2.12,0,0.08
2935,0,0,0,1002.1,2.12,0,0.1
2936,0,0,0,1001.9,2.12,0,0.12
2937,0,0,0,1001.8,2.12,0,0.14
2938,0,0,0,1001.7,2.12,0,0.16
2939,0,0,0,1001.6,2.12,0,0.18
2940,0,0,0,1001.5,2.12,0,0.2
2941,0,0,0,1001.4,2.12,0,0.22
2942,0,0,0,1001.3,2.12,0,0.24
2943,0,0,0,1001.2,2.12,0,0.26
2944,0,0,0,1001.1,2.12,0,0.28
2945,0,0,0,1001,2.12,0,0.3
2946,0,0,0,1000.9,2.12,0,0.32
2947,0,0,0,1000.8,2.12,0,0.34
2948,0,0,0,1000.7,2.12,0,0.36
2949,0,0,0,1000.5,2.12,0,0.38
2950,0,0,0,1000.4,2.12,0,0.4
2951,0,0,0,1000.3,2.12,0,0.42
2952,0,0,0,1000.2,2.12,0,0.44
2953,0,0,0,1000.1,2.12,0,0.46
2954,0,0,0,1000,2.12,0,0.48
2955,0,0,0,1002.5,2.14,0,0.02
2956,0,0,0,1002.4,2.14,0,0.04
2957,0,0,0,1002.3,2.14,0,0.06
2958,0,0,0,1002.2,2.14,0,0.08
2959,0,0,0,1002.1,2.14,0,0.1
2960,0,0,0,1001.9,2.14,0,0.12
2961,0,0,0,1001.8,2.14,0,0.14
2962,0,0,0,1001.7,2.14,0,0.16
2963,0,0,0,1001.6,2.14,0,0.18
2964,0,0,0,1001.5,2.14,0,0.2
2965,0,0,0,1001.4,2.14,0,0.22
2966,0,0,0,1001.3,2.14,0,0.24
2967,0,0,0,1001.2,2.14,0,0.26
2968,0,0,0,1001.1,2.14,0,0.28
2969,0,0,0,1001,2.14,0,0.3
2970,0,0,0,1000.9,2.14,0,0.32
2971,0,0,0,1000.8,2.14,0,0.34
2972,0,0,0,1000.7,2.14,0,0.36
2973,0,0,0,1000.5,2.14,0,0.38
2974,0,0,0,1000.4,2.14,0,0.4
2975,0,0,0,1000.3,2.14,0,0.42
2976,0,0,0,1000.2,2.14,0,0.44
2977,0,0,0,1000.1,2.14,0,0.46
2978,0,0,0,1000,2.14,0,0.48
2979,0,0,0,1002.5,2.16,0,0.02
2980,0,0,0,1002.4,2.16,0,0.04
2981,0,0,0,1002.3,2.16,0,0.06
2982,0,0,0,1002.2,2.16,0,0.08
2983,0,0,0,1002.1,2.16,0,0.1
2984,0,0,0,1001.9,2.16,0,0.12
2985,0,0,0,1001.8,2.16,0,0.14
2986,0,0,0,1001.7,2.16,0,0.16
2987,0,0,0,1001.6,2.16,0,0.18
2988,0,0,0,1001.5,2.16,0,0.2
2989,0,0,0,1001.4,2.16,0,0.22
2990,0,0,0,1001.3,2.16,0,0.24
2991,0,0,0,1001.2,2.16,0,0.26
2992,0,0,0,1001.1,2.16,0,0.28
2993,0,0,0,1001,2.16,0,0.3
2994,0,0,0,1000.9,2.16,0,0.32
2995,0,0,0,1000.8,2.16,0,0.34
2996,0,0,0,1000.7,2.16,0,0.36
2997,0,0,0,1000.5,2.16,0,0.38
2998,0,0,0,1000.4,2.16,0,0.4
2999,0,0,0,1000.3,2.16,0,0.42
3000,0,0,0,1000.2,2.16,0,0.44
3001,0,0,0,1000.1,2.16,0,0.46
3002,0,0,0,1000,2.16,0,0.48
3003,0,0,0,1002.5,2.18,0,0.02
3004,0,0,0,1002.4,2.18,0,0.04
3005,0,0,0,1002.3,2.18,0,0.06
3006,0,0,0,1002.2,2.18,0,0.08
3007,0,0,0,1002.1,2.18,0,0.1
3008,0,0,0,1001.9,2.18,0,0.12
3009,0,0,0,1001.8,2.18,0,0.14
3010,0,0,0,1001.7,2.18,0,0.16
3011,0,0,0,1001.6,2.18,0,0.18
3012,0,0,0,1001.5,2.18,0,0.2
3013,0,0,0,1001.4,2.18,0,0.22
3014,0,0,0,1001.3,2.18,0,0.24
3015,0,0,0,1001.2,2.18,0,0.26
3016,0,0,0,1001.1,2.18,0,0.28
3017,0,0,0,1001,2.18,0,0.3
3018,0,0,0,1000.9,2.18,0,0.32
3019,0,0,0,1000.8,2.18,0,0.34
3020,0,0,0,1000.7,2.18,0,0.36
3021,0,0,0,1000.5,2.18,0,0.38
3022,0,0,0,1000.4,2.18,0,0.4
3023,0,0,0,1000.3,2.18,0,0.42
3024,0,0,0,1000.2,2.18,0,0.44
3025,0,0,0,1000.1,2.18,0,0.46
3026,0,0,0,1000,2.18,0,0.48
