"Idp","Mk","Normal:0","Normal:1","Normal:2","NormalSize","Points:0","Points:1","Points:2"
0,10,0.1,0,0.1,0.14142,-0.06,0,-0.06
1,10,0.1,0,0.06,0.11662,-0.06,0,-0.04
2,10,0.1,0,0.02,0.10198,-0.06,0,-0.02
3,10,0.1,0,0,0.1,-0.06,0,0
4,10,0.1,0,0,0.1,-0.06,0,0.02
5,10,0.1,0,0,0.1,-0.06,0,0.04
6,10,0.1,0,0,0.1,-0.06,0,0.06
7,10,0.1,0,0,0.1,-0.06,0,0.08
8,10,0.1,0,0,0.1,-0.06,0,0.1
9,10,0.1,0,0,0.1,-0.06,0,0.12
10,10,0.1,0,0,0.1,-0.06,0,0.14
11,10,0.1,0,0,0.1,-0.06,0,0.16
12,10,0.1,0,0,0.1,-0.06,0,0.18
13,10,0.1,0,0,0.1,-0.06,0,0.2
14,10,0.1,0,0,0.1,-0.06,0,0.22
15,10,0.1,0,0,0.1,-0.06,0,0.24
16,10,0.1,0,0,0.1,-0.06,0,0.26
17,10,0.1,0,0,0.1,-0.06,0,0.28
18,10,0.1,0,0,0.1,-0.06,0,0.3
19,10,0.1,0,0,0.1,-0.06,0,0.32
20,10,0.1,0,0,0.1,-0.06,0,0.34
21,10,0.1,0,0,0.1,-0.06,0,0.36
22,10,0.1,0,0,0.1,-0.06,0,0.38
23,10,0.1,0,0,0.1,-0.06,0,0.4
24,10,0.1,0,0,0.1,-0.06,0,0.42
25,10,0.1,0,0,0.1,-0.06,0,0.44
26,10,0.1,0,0,0.1,-0.06,0,0.46
27,10,0.1,0,0,0.1,-0.06,0,0.48
28,10,0.1,0,0,0.1,-0.06,0,0.5
29,10,0.1,0,0,0.1,-0.06,0,0.52
30,10,0.1,0,0,0.1,-0.06,0,0.54
31,10,0.1,0,0,0.1,-0.06,0,0.56
32,10,0.1,0,0,0.1,-0.06,0,0.58
33,10,0.1,0,0,0.1,-0.06,0,0.6
34,10,0.1,0,0,0.1,-0.06,0,0.62
35,10,0.1,0,0,0.1,-0.06,0,0.64
36,10,0.1,0,0,0.1,-0.06,0,0.66
37,10,0.1,0,0,0.1,-0.06,0,0.68
38,10,0.1,0,0,0.1,-0.06,0,0.7
39,10,0.1,0,0,0.1,-0.06,0,0.72
40,10,0.1,0,0,0.1,-0.06,0,0.74
41,10,0.1,0,0,0.1,-0.06,0,0.76
42,10,0.1,0,0,0.1,-0.06,0,0.78
43,10,0.1,0,0,0.1,-0.06,0,0.8
44,10,0.1,0,0,0.1,-0.06,0,0.82
45,10,0.1,0,0,0.1,-0.06,0,0.84
46,10,0.1,0,0,0.1,-0.06,0,0.86
47,10,0.1,0,0,0.1,-0.06,0,0.88
48,10,0.1,0,0,0.1,-0.06,0,0.9
49,10,0.1,0,0,0.1,-0.06,0,0.92
50,10,0.1,0,0,0.1,-0.06,0,0.94
51,10,0.1,0,0,0.1,-0.06,0,0.96
52,10,0.1,0,0,0.1,-0.06,0,0.98
53,10,0.1,0,0,0.1,-0.06,0,1
54,10,0.1,0,0,0.1,-0.06,0,1.02
55,10,0.1,0,0,0.1,-0.06,0,1.04
56,10,0.1,0,0,0.1,-0.06,0,1.06
57,10,0.1,0,0,0.1,-0.06,0,1.08
58,10,0.1,0,0,0.1,-0.06,0,1.1
59,10,0.1,0,0,0.1,-0.06,0,1.12
60,10,0.1,0,0,0.1,-0.06,0,1.14
61,10,0.1,0,0,0.1,-0.06,0,1.16
62,10,0.1,0,0,0.1,-0.06,0,1.18
63,10,0.1,0,0,0.1,-0.06,0,1.2
64,10,0.1,0,0,0.1,-0.06,0,1.22
65,10,0.1,0,0,0.1,-0.06,0,1.24
66,10,0.1,0,0,0.1,-0.06,0,1.26
67,10,0.1,0,0,0.1,-0.06,0,1.28
68,10,0.1,0,0,0.1,-0.06,0,1.3
69,10,0.1,0,0,0.1,-0.06,0,1.32
70,10,0.1,0,0,0.1,-0.06,0,1.34
71,10,0.1,0,0,0.1,-0.06,0,1.36
72,10,0.1,0,0,0.1,-0.06,0,1.38
73,10,0.1,0,0,0.1,-0.06,0,1.4
74,10,0.1,0,0,0.1,-0.06,0,1.42
75,10,0.1,0,0,0.1,-0.06,0,1.44
76,10,0.1,0,0,0.1,-0.06,0,1.46
77,10,0.1,0,0,0.1,-0.06,0,1.48
78,10,0.1,0,0,0.1,-0.06,0,1.5
79,10,0.1,0,0,0.1,-0.06,0,1.52
80,10,0.1,0,0,0.1,-0.06,0,1.54
81,10,0.1,0,0,0.1,-0.06,0,1.56
82,10,0.1,0,0,0.1,-0.06,0,1.58
83,10,0.1,0,0,0.1,-0.06,0,1.6
84,10,0.1,0,0,0.1,-0.06,0,1.62
85,10,0.1,0,0,0.1,-0.06,0,1.64
86,10,0.1,0,0,0.1,-0.06,0,1.66
87,10,0.1,0,0,0.1,-0.06,0,1.68
88,10,0.1,0,0,0.1,-0.06,0,1.7
89,10,0.1,0,0,0.1,-0.06,0,1.72
90,10,0.1,0,0,0.1,-0.06,0,1.74
91,10,0.1,0,0,0.1,-0.06,0,1.76
92,10,0.1,0,0,0.1,-0.06,0,1.78
93,10,0.1,0,0,0.1,-0.06,0,1.8
94,10,0.1,0,0,0.1,-0.06,0,1.82
95,10,0.1,0,0,0.1,-0.06,0,1.84
96,10,0.1,0,0,0.1,-0.06,0,1.86
97,10,0.1,0,0,0.1,-0.06,0,1.88
98,10,0.1,0,0,0.1,-0.06,0,1.9
99,10,0.1,0,0,0.1,-0.06,0,1.92
100,10,0.1,0,0,0.1,-0.06,0,1.94
101,10,0.1,0,0,0.1,-0.06,0,1.96
102,10,0.1,0,0,0.1,-0.06,0,1.98
103,10,0.1,0,0,0.1,-0.06,0,2
104,10,0.1,0,0,0.1,-0.06,0,2.02
105,10,0.1,0,0,0.1,-0.06,0,2.04
106,10,0.1,0,0,0.1,-0.06,0,2.06
107,10,0.1,0,0,0.1,-0.06,0,2.08
108,10,0.1,0,0,0.1,-0.06,0,2.1
109,10,0.1,0,0,0.1,-0.06,0,2.12
110,10,0.1,0,0,0.1,-0.06,0,2.14
111,10,0.1,0,0,0.1,-0.06,0,2.16
112,10,0.1,0,0,0.1,-0.06,0,2.18
113,10,0.1,0,0,0.1,-0.06,0,2.2
114,10,0.1,0,0,0.1,-0.06,0,2.22
115,10,0.1,0,0,0.1,-0.06,0,2.24
116,10,0.1,0,0,0.1,-0.06,0,2.26
117,10,0.1,0,0,0.1,-0.06,0,2.28
118,10,0.1,0,0,0.1,-0.06,0,2.3
119,10,0.1,0,0,0.1,-0.06,0,2.32
120,10,0.1,0,0,0.1,-0.06,0,2.34
121,10,0.1,0,0,0.1,-0.06,0,2.36
122,10,0.1,0,0,0.1,-0.06,0,2.38
123,10,0.1,0,0,0.1,-0.06,0,2.4
124,10,0.1,0,0,0.1,-0.06,0,2.42
125,10,0.1,0,0,0.1,-0.06,0,2.44
126,10,0.1,0,0,0.1,-0.06,0,2.46
127,10,0.1,0,0,0.1,-0.06,0,2.48
128,10,0.1,0,0,0.1,-0.06,0,2.5
129,10,0.1,0,0,0.1,-0.06,0,2.52
130,10,0.1,0,0,0.1,-0.06,0,2.54
131,10,0.1,0,0,0.1,-0.06,0,2.56
132,10,0.1,0,0,0.1,-0.06,0,2.58
133,10,0.1,0,0,0.1,-0.06,0,2.6
134,10,0.1,0,0,0.1,-0.06,0,2.62
135,10,0.1,0,0,0.1,-0.06,0,2.64
136,10,0.1,0,0,0.1,-0.06,0,2.66
137,10,0.1,0,0,0.1,-0.06,0,2.68
138,10,0.1,0,0,0.1,-0.06,0,2.7
139,10,0.1,0,0,0.1,-0.06,0,2.72
140,10,0.1,0,0,0.1,-0.06,0,2.74
141,10,0.1,0,0,0.1,-0.06,0,2.76
142,10,0.1,0,0,0.1,-0.06,0,2.78
143,10,0.1,0,0,0.1,-0.06,0,2.8
144,10,0.1,0,0,0.1,-0.06,0,2.82
145,10,0.1,0,0,0.1,-0.06,0,2.84
146,10,0.1,0,0,0.1,-0.06,0,2.86
147,10,0.1,0,0,0.1,-0.06,0,2.88
148,10,0.1,0,0,0.1,-0.06,0,2.9
149,10,0.1,0,0,0.1,-0.06,0,2.92
150,10,0.1,0,0,0.1,-0.06,0,2.94
151,10,0.1,0,0,0.1,-0.06,0,2.96
152,10,0.1,0,0,0.1,-0.06,0,2.98
153,10,0.1,0,0,0.1,-0.06,0,3
154,10,0.06,0,0.1,0.11662,-0.04,0,-0.06
155,10,0.06,0,0.06,0.084853,-0.04,0,-0.04
156,10,0.06,0,0.02,0.063246,-0.04,0,-0.02
157,10,0.06,0,0,0.06,-0.04,0,0
158,10,0.06,0,0,0.06,-0.04,0,0.02
159,10,0.06,0,0,0.06,-0.04,0,0.04
160,10,0.06,0,0,0.06,-0.04,0,0.06
161,10,0.06,0,0,0.06,-0.04,0,0.08
162,10,0.06,0,0,0.06,-0.04,0,0.1
163,10,0.06,0,0,0.06,-0.04,0,0.12
164,10,0.06,0,0,0.06,-0.04,0,0.14
165,10,0.06,0,0,0.06,-0.04,0,0.16
166,10,0.06,0,0,0.06,-0.04,0,0.18
167,10,0.06,0,0,0.06,-0.04,0,0.2
168,10,0.06,0,0,0.06,-0.04,0,0.22
169,10,0.06,0,0,0.06,-0.04,0,0.24
170,10,0.06,0,0,0.06,-0.04,0,0.26
171,10,0.06,0,0,0.06,-0.04,0,0.28
172,10,0.06,0,0,0.06,-0.04,0,0.3
173,10,0.06,0,0,0.06,-0.04,0,0.32
174,10,0.06,0,0,0.06,-0.04,0,0.34
175,10,0.06,0,0,0.06,-0.04,0,0.36
176,10,0.06,0,0,0.06,-0.04,0,0.38
177,10,0.06,0,0,0.06,-0.04,0,0.4
178,10,0.06,0,0,0.06,-0.04,0,0.42
179,10,0.06,0,0,0.06,-0.04,0,0.44
180,10,0.06,0,0,0.06,-0.04,0,0.46
181,10,0.06,0,0,0.06,-0.04,0,0.48
182,10,0.06,0,0,0.06,-0.04,0,0.5
183,10,0.06,0,0,0.06,-0.04,0,0.52
184,10,0.06,0,0,0.06,-0.04,0,0.54
185,10,0.06,0,0,0.06,-0.04,0,0.56
186,10,0.06,0,0,0.06,-0.04,0,0.58
187,10,0.06,0,0,0.06,-0.04,0,0.6
188,10,0.06,0,0,0.06,-0.04,0,0.62
189,10,0.06,0,0,0.06,-0.04,0,0.64
190,10,0.06,0,0,0.06,-0.04,0,0.66
191,10,0.06,0,0,0.06,-0.04,0,0.68
192,10,0.06,0,0,0.06,-0.04,0,0.7
193,10,0.06,0,0,0.06,-0.04,0,0.72
194,10,0.06,0,0,0.06,-0.04,0,0.74
195,10,0.06,0,0,0.06,-0.04,0,0.76
196,10,0.06,0,0,0.06,-0.04,0,0.78
197,10,0.06,0,0,0.06,-0.04,0,0.8
198,10,0.06,0,0,0.06,-0.04,0,0.82
199,10,0.06,0,0,0.06,-0.04,0,0.84
200,10,0.06,0,0,0.06,-0.04,0,0.86
201,10,0.06,0,0,0.06,-0.04,0,0.88
202,10,0.06,0,0,0.06,-0.04,0,0.9
203,10,0.06,0,0,0.06,-0.04,0,0.92
204,10,0.06,0,0,0.06,-0.04,0,0.94
205,10,0.06,0,0,0.06,-0.04,0,0.96
206,10,0.06,0,0,0.06,-0.04,0,0.98
207,10,0.06,0,0,0.06,-0.04,0,1
208,10,0.06,0,0,0.06,-0.04,0,1.02
209,10,0.06,0,0,0.06,-0.04,0,1.04
210,10,0.06,0,0,0.06,-0.04,0,1.06
211,10,0.06,0,0,0.06,-0.04,0,1.08
212,10,0.06,0,0,0.06,-0.04,0,1.1
213,10,0.06,0,0,0.06,-0.04,0,1.12
214,10,0.06,0,0,0.06,-0.04,0,1.14
215,10,0.06,0,0,0.06,-0.04,0,1.16
216,10,0.06,0,0,0.06,-0.04,0,1.18
217,10,0.06,0,0,0.06,-0.04,0,1.2
218,10,0.06,0,0,0.06,-0.04,0,1.22
219,10,0.06,0,0,0.06,-0.04,0,1.24
220,10,0.06,0,0,0.06,-0.04,0,1.26
221,10,0.06,0,0,0.06,-0.04,0,1.28
222,10,0.06,0,0,0.06,-0.04,0,1.3
223,10,0.06,0,0,0.06,-0.04,0,1.32
224,10,0.06,0,0,0.06,-0.04,0,1.34
225,10,0.06,0,0,0.06,-0.04,0,1.36
226,10,0.06,0,0,0.06,-0.04,0,1.38
227,10,0.06,0,0,0.06,-0.04,0,1.4
228,10,0.06,0,0,0.06,-0.04,0,1.42
229,10,0.06,0,0,0.06,-0.04,0,1.44
230,10,0.06,0,0,0.06,-0.04,0,1.46
231,10,0.06,0,0,0.06,-0.04,0,1.48
232,10,0.06,0,0,0.06,-0.04,0,1.5
233,10,0.06,0,0,0.06,-0.04,0,1.52
234,10,0.06,0,0,0.06,-0.04,0,1.54
235,10,0.06,0,0,0.06,-0.04,0,1.56
236,10,0.06,0,0,0.06,-0.04,0,1.58
237,10,0.06,0,0,0.06,-0.04,0,1.6
238,10,0.06,0,0,0.06,-0.04,0,1.62
239,10,0.06,0,0,0.06,-0.04,0,1.64
240,10,0.06,0,0,0.06,-0.04,0,1.66
241,10,0.06,0,0,0.06,-0.04,0,1.68
242,10,0.06,0,0,0.06,-0.04,0,1.7
243,10,0.06,0,0,0.06,-0.04,0,1.72
244,10,0.06,0,0,0.06,-0.04,0,1.74
245,10,0.06,0,0,0.06,-0.04,0,1.76
246,10,0.06,0,0,0.06,-0.04,0,1.78
247,10,0.06,0,0,0.06,-0.04,0,1.8
248,10,0.06,0,0,0.06,-0.04,0,1.82
249,10,0.06,0,0,0.06,-0.04,0,1.84
250,10,0.06,0,0,0.06,-0.04,0,1.86
251,10,0.06,0,0,0.06,-0.04,0,1.88
252,10,0.06,0,0,0.06,-0.04,0,1.9
253,10,0.06,0,0,0.06,-0.04,0,1.92
254,10,0.06,0,0,0.06,-0.04,0,1.94
255,10,0.06,0,0,0.06,-0.04,0,1.96
256,10,0.06,0,0,0.06,-0.04,0,1.98
257,10,0.06,0,0,0.06,-0.04,0,2
258,10,0.06,0,0,0.06,-0.04,0,2.02
259,10,0.06,0,0,0.06,-0.04,0,2.04
260,10,0.06,0,0,0.06,-0.04,0,2.06
261,10,0.06,0,0,0.06,-0.04,0,2.08
262,10,0.06,0,0,0.06,-0.04,0,2.1
263,10,0.06,0,0,0.06,-0.04,0,2.12
264,10,0.06,0,0,0.06,-0.04,0,2.14
265,10,0.06,0,0,0.06,-0.04,0,2.16
266,10,0.06,0,0,0.06,-0.04,0,2.18
267,10,0.06,0,0,0.06,-0.04,0,2.2
268,10,0.06,0,0,0.06,-0.04,0,2.22
269,10,0.06,0,0,0.06,-0.04,0,2.24
270,10,0.06,0,0,0.06,-0.04,0,2.26
271,10,0.06,0,0,0.06,-0.04,0,2.28
272,10,0.06,0,0,0.06,-0.04,0,2.3
273,10,0.06,0,0,0.06,-0.04,0,2.32
274,10,0.06,0,0,0.06,-0.04,0,2.34
275,10,0.06,0,0,0.06,-0.04,0,2.36
276,10,0.06,0,0,0.06,-0.04,0,2.38
277,10,0.06,0,0,0.06,-0.04,0,2.4
278,10,0.06,0,0,0.06,-0.04,0,2.42
279,10,0.06,0,0,0.06,-0.04,0,2.44
280,10,0.06,0,0,0.06,-0.04,0,2.46
281,10,0.06,0,0,0.06,-0.04,0,2.48
282,10,0.06,0,0,0.06,-0.04,0,2.5
283,10,0.06,0,0,0.06,-0.04,0,2.52
284,10,0.06,0,0,0.06,-0.04,0,2.54
285,10,0.06,0,0,0.06,-0.04,0,2.56
286,10,0.06,0,0,0.06,-0.04,0,2.58
287,10,0.06,0,0,0.06,-0.04,0,2.6
288,10,0.06,0,0,0.06,-0.04,0,2.62
289,10,0.06,0,0,0.06,-0.04,0,2.64
290,10,0.06,0,0,0.06,-0.04,0,2.66
291,10,0.06,0,0,0.06,-0.04,0,2.68
292,10,0.06,0,0,0.06,-0.04,0,2.7
293,10,0.06,0,0,0.06,-0.04,0,2.72
294,10,0.06,0,0,0.06,-0.04,0,2.74
295,10,0.06,0,0,0.06,-0.04,0,2.76
296,10,0.06,0,0,0.06,-0.04,0,2.78
297,10,0.06,0,0,0.06,-0.04,0,2.8
298,10,0.06,0,0,0.06,-0.04,0,2.82
299,10,0.06,0,0,0.06,-0.04,0,2.84
300,10,0.06,0,0,0.06,-0.04,0,2.86
301,10,0.06,0,0,0.06,-0.04,0,2.88
302,10,0.06,0,0,0.06,-0.04,0,2.9
303,10,0.06,0,0,0.06,-0.04,0,2.92
304,10,0.06,0,0,0.06,-0.04,0,2.94
305,10,0.06,0,0,0.06,-0.04,0,2.96
306,10,0.06,0,0,0.06,-0.04,0,2.98
307,10,0.06,0,0,0.06,-0.04,0,3
308,10,0.02,0,0.1,0.10198,-0.02,0,-0.06
309,10,0.02,0,0.06,0.063246,-0.02,0,-0.04
310,10,0.02,0,0.02,0.028284,-0.02,0,-0.02
311,10,0.02,0,0,0.02,-0.02,0,0
312,10,0.02,0,0,0.02,-0.02,0,0.02
313,10,0.02,0,0,0.02,-0.02,0,0.04
314,10,0.02,0,0,0.02,-0.02,0,0.06
315,10,0.02,0,0,0.02,-0.02,0,0.08
316,10,0.02,0,0,0.02,-0.02,0,0.1
317,10,0.02,0,0,0.02,-0.02,0,0.12
318,10,0.02,0,0,0.02,-0.02,0,0.14
319,10,0.02,0,0,0.02,-0.02,0,0.16
320,10,0.02,0,0,0.02,-0.02,0,0.18
321,10,0.02,0,0,0.02,-0.02,0,0.2
322,10,0.02,0,0,0.02,-0.02,0,0.22
323,10,0.02,0,0,0.02,-0.02,0,0.24
324,10,0.02,0,0,0.02,-0.02,0,0.26
325,10,0.02,0,0,0.02,-0.02,0,0.28
326,10,0.02,0,0,0.02,-0.02,0,0.3
327,10,0.02,0,0,0.02,-0.02,0,0.32
328,10,0.02,0,0,0.02,-0.02,0,0.34
329,10,0.02,0,0,0.02,-0.02,0,0.36
330,10,0.02,0,0,0.02,-0.02,0,0.38
331,10,0.02,0,0,0.02,-0.02,0,0.4
332,10,0.02,0,0,0.02,-0.02,0,0.42
333,10,0.02,0,0,0.02,-0.02,0,0.44
334,10,0.02,0,0,0.02,-0.02,0,0.46
335,10,0.02,0,0,0.02,-0.02,0,0.48
336,10,0.02,0,0,0.02,-0.02,0,0.5
337,10,0.02,0,0,0.02,-0.02,0,0.52
338,10,0.02,0,0,0.02,-0.02,0,0.54
339,10,0.02,0,0,0.02,-0.02,0,0.56
340,10,0.02,0,0,0.02,-0.02,0,0.58
341,10,0.02,0,0,0.02,-0.02,0,0.6
342,10,0.02,0,0,0.02,-0.02,0,0.62
343,10,0.02,0,0,0.02,-0.02,0,0.64
344,10,0.02,0,0,0.02,-0.02,0,0.66
345,10,0.02,0,0,0.02,-0.02,0,0.68
346,10,0.02,0,0,0.02,-0.02,0,0.7
347,10,0.02,0,0,0.02,-0.02,0,0.72
348,10,0.02,0,0,0.02,-0.02,0,0.74
349,10,0.02,0,0,0.02,-0.02,0,0.76
350,10,0.02,0,0,0.02,-0.02,0,0.78
351,10,0.02,0,0,0.02,-0.02,0,0.8
352,10,0.02,0,0,0.02,-0.02,0,0.82
353,10,0.02,0,0,0.02,-0.02,0,0.84
354,10,0.02,0,0,0.02,-0.02,0,0.86
355,10,0.02,0,0,0.02,-0.02,0,0.88
356,10,0.02,0,0,0.02,-0.02,0,0.9
357,10,0.02,0,0,0.02,-0.02,0,0.92
358,10,0.02,0,0,0.02,-0.02,0,0.94
359,10,0.02,0,0,0.02,-0.02,0,0.96
360,10,0.02,0,0,0.02,-0.02,0,0.98
361,10,0.02,0,0,0.02,-0.02,0,1
362,10,0.02,0,0,0.02,-0.02,0,1.02
363,10,0.02,0,0,0.02,-0.02,0,1.04
364,10,0.02,0,0,0.02,-0.02,0,1.06
365,10,0.02,0,0,0.02,-0.02,0,1.08
366,10,0.02,0,0,0.02,-0.02,0,1.1
367,10,0.02,0,0,0.02,-0.02,0,1.12
368,10,0.02,0,0,0.02,-0.02,0,1.14
369,10,0.02,0,0,0.02,-0.02,0,1.16
370,10,0.02,0,0,0.02,-0.02,0,1.18
371,10,0.02,0,0,0.02,-0.02,0,1.2
372,10,0.02,0,0,0.02,-0.02,0,1.22
373,10,0.02,0,0,0.02,-0.02,0,1.24
374,10,0.02,0,0,0.02,-0.02,0,1.26
375,10,0.02,0,0,0.02,-0.02,0,1.28
376,10,0.02,0,0,0.02,-0.02,0,1.3
377,10,0.02,0,0,0.02,-0.02,0,1.32
378,10,0.02,0,0,0.02,-0.02,0,1.34
379,10,0.02,0,0,0.02,-0.02,0,1.36
380,10,0.02,0,0,0.02,-0.02,0,1.38
381,10,0.02,0,0,0.02,-0.02,0,1.4
382,10,0.02,0,0,0.02,-0.02,0,1.42
383,10,0.02,0,0,0.02,-0.02,0,1.44
384,10,0.02,0,0,0.02,-0.02,0,1.46
385,10,0.02,0,0,0.02,-0.02,0,1.48
386,10,0.02,0,0,0.02,-0.02,0,1.5
387,10,0.02,0,0,0.02,-0.02,0,1.52
388,10,0.02,0,0,0.02,-0.02,0,1.54
389,10,0.02,0,0,0.02,-0.02,0,1.56
390,10,0.02,0,0,0.02,-0.02,0,1.58
391,10,0.02,0,0,0.02,-0.02,0,1.6
392,10,0.02,0,0,0.02,-0.02,0,1.62
393,10,0.02,0,0,0.02,-0.02,0,1.64
394,10,0.02,0,0,0.02,-0.02,0,1.66
395,10,0.02,0,0,0.02,-0.02,0,1.68
396,10,0.02,0,0,0.02,-0.02,0,1.7
397,10,0.02,0,0,0.02,-0.02,0,1.72
398,10,0.02,0,0,0.02,-0.02,0,1.74
399,10,0.02,0,0,0.02,-0.02,0,1.76
400,10,0.02,0,0,0.02,-0.02,0,1.78
401,10,0.02,0,0,0.02,-0.02,0,1.8
402,10,0.02,0,0,0.02,-0.02,0,1.82
403,10,0.02,0,0,0.02,-0.02,0,1.84
404,10,0.02,0,0,0.02,-0.02,0,1.86
405,10,0.02,0,0,0.02,-0.02,0,1.88
406,10,0.02,0,0,0.02,-0.02,0,1.9
407,10,0.02,0,0,0.02,-0.02,0,1.92
408,10,0.02,0,0,0.02,-0.02,0,1.94
409,10,0.02,0,0,0.02,-0.02,0,1.96
410,10,0.02,0,0,0.02,-0.02,0,1.98
411,10,0.02,0,0,0.02,-0.02,0,2
412,10,0.02,0,0,0.02,-0.02,0,2.02
413,10,0.02,0,0,0.02,-0.02,0,2.04
414,10,0.02,0,0,0.02,-0.02,0,2.06
415,10,0.02,0,0,0.02,-0.02,0,2.08
416,10,0.02,0,0,0.02,-0.02,0,2.1
417,10,0.02,0,0,0.02,-0.02,0,2.12
418,10,0.02,0,0,0.02,-0.02,0,2.14
419,10,0.02,0,0,0.02,-0.02,0,2.16
420,10,0.02,0,0,0.02,-0.02,0,2.18
421,10,0.02,0,0,0.02,-0.02,0,2.2
422,10,0.02,0,0,0.02,-0.02,0,2.22
423,10,0.02,0,0,0.02,-0.02,0,2.24
424,10,0.02,0,0,0.02,-0.02,0,2.26
425,10,0.02,0,0,0.02,-0.02,0,2.28
426,10,0.02,0,0,0.02,-0.02,0,2.3
427,10,0.02,0,0,0.02,-0.02,0,2.32
428,10,0.02,0,0,0.02,-0.02,0,2.34
429,10,0.02,0,0,0.02,-0.02,0,2.36
430,10,0.02,0,0,0.02,-0.02,0,2.38
431,10,0.02,0,0,0.02,-0.02,0,2.4
432,10,0.02,0,0,0.02,-0.02,0,2.42
433,10,0.02,0,0,0.02,-0.02,0,2.44
434,10,0.02,0,0,0.02,-0.02,0,2.46
435,10,0.02,0,0,0.02,-0.02,0,2.48
436,10,0.02,0,0,0.02,-0.02,0,2.5
437,10,0.02,0,0,0.02,-0.02,0,2.52
438,10,0.02,0,0,0.02,-0.02,0,2.54
439,10,0.02,0,0,0.02,-0.02,0,2.56
440,10,0.02,0,0,0.02,-0.02,0,2.58
441,10,0.02,0,0,0.02,-0.02,0,2.6
442,10,0.02,0,0,0.02,-0.02,0,2.62
443,10,0.02,0,0,0.02,-0.02,0,2.64
444,10,0.02,0,0,0.02,-0.02,0,2.66
445,10,0.02,0,0,0.02,-0.02,0,2.68
446,10,0.02,0,0,0.02,-0.02,0,2.7
447,10,0.02,0,0,0.02,-0.02,0,2.72
448,10,0.02,0,0,0.02,-0.02,0,2.74
449,10,0.02,0,0,0.02,-0.02,0,2.76
450,10,0.02,0,0,0.02,-0.02,0,2.78
451,10,0.02,0,0,0.02,-0.02,0,2.8
452,10,0.02,0,0,0.02,-0.02,0,2.82
453,10,0.02,0,0,0.02,-0.02,0,2.84
454,10,0.02,0,0,0.02,-0.02,0,2.86
455,10,0.02,0,0,0.02,-0.02,0,2.88
456,10,0.02,0,0,0.02,-0.02,0,2.9
457,10,0.02,0,0,0.02,-0.02,0,2.92
458,10,0.02,0,0,0.02,-0.02,0,2.94
459,10,0.02,0,0,0.02,-0.02,0,2.96
460,10,0.02,0,0,0.02,-0.02,0,2.98
461,10,0.02,0,0,0.02,-0.02,0,3
462,10,0,0,0.1,0.1,0,0,-0.06
463,10,0,0,0.06,0.06,0,0,-0.04
464,10,0,0,0.02,0.02,0,0,-0.02
465,10,0,0,0.1,0.1,0.02,0,-0.06
466,10,0,0,0.06,0.06,0.02,0,-0.04
467,10,0,0,0.02,0.02,0.02,0,-0.02
468,10,0,0,0.1,0.1,0.04,0,-0.06
469,10,0,0,0.06,0.06,0.04,0,-0.04
470,10,0,0,0.02,0.02,0.04,0,-0.02
471,10,0,0,0.1,0.1,0.06,0,-0.06
472,10,0,0,0.06,0.06,0.06,0,-0.04
473,10,0,0,0.02,0.02,0.06,0,-0.02
474,10,0,0,0.1,0.1,0.08,0,-0.06
475,10,0,0,0.06,0.06,0.08,0,-0.04
476,10,0,0,0.02,0.02,0.08,0,-0.02
477,10,0,0,0.1,0.1,0.1,0,-0.06
478,10,0,0,0.06,0.06,0.1,0,-0.04
479,10,0,0,0.02,0.02,0.1,0,-0.02
480,10,0,0,0.1,0.1,0.12,0,-0.06
481,10,0,0,0.06,0.06,0.12,0,-0.04
482,10,0,0,0.02,0.02,0.12,0,-0.02
483,10,0,0,0.1,0.1,0.14,0,-0.06
484,10,0,0,0.06,0.06,0.14,0,-0.04
485,10,0,0,0.02,0.02,0.14,0,-0.02
486,10,0,0,0.1,0.1,0.16,0,-0.06
487,10,0,0,0.06,0.06,0.16,0,-0.04
488,10,0,0,0.02,0.02,0.16,0,-0.02
489,10,0,0,0.1,0.1,0.18,0,-0.06
490,10,0,0,0.06,0.06,0.18,0,-0.04
491,10,0,0,0.02,0.02,0.18,0,-0.02
492,10,0,0,0.1,0.1,0.2,0,-0.06
493,10,0,0,0.06,0.06,0.2,0,-0.04
494,10,0,0,0.02,0.02,0.2,0,-0.02
495,10,0,0,0.1,0.1,0.22,0,-0.06
496,10,0,0,0.06,0.06,0.22,0,-0.04
497,10,0,0,0.02,0.02,0.22,0,-0.02
498,10,0,0,0.1,0.1,0.24,0,-0.06
499,10,0,0,0.06,0.06,0.24,0,-0.04
500,10,0,0,0.02,0.02,0.24,0,-0.02
501,10,0,0,0.1,0.1,0.26,0,-0.06
502,10,0,0,0.06,0.06,0.26,0,-0.04
503,10,0,0,0.02,0.02,0.26,0,-0.02
504,10,0,0,0.1,0.1,0.28,0,-0.06
505,10,0,0,0.06,0.06,0.28,0,-0.04
506,10,0,0,0.02,0.02,0.28,0,-0.02
507,10,0,0,0.1,0.1,0.3,0,-0.06
508,10,0,0,0.06,0.06,0.3,0,-0.04
509,10,0,0,0.02,0.02,0.3,0,-0.02
510,10,0,0,0.1,0.1,0.32,0,-0.06
511,10,0,0,0.06,0.06,0.32,0,-0.04
512,10,0,0,0.02,0.02,0.32,0,-0.02
513,10,0,0,0.1,0.1,0.34,0,-0.06
514,10,0,0,0.06,0.06,0.34,0,-0.04
515,10,0,0,0.02,0.02,0.34,0,-0.02
516,10,0,0,0.1,0.1,0.36,0,-0.06
517,10,0,0,0.06,0.06,0.36,0,-0.04
518,10,0,0,0.02,0.02,0.36,0,-0.02
519,10,0,0,0.1,0.1,0.38,0,-0.06
520,10,0,0,0.06,0.06,0.38,0,-0.04
521,10,0,0,0.02,0.02,0.38,0,-0.02
522,10,0,0,0.1,0.1,0.4,0,-0.06
523,10,0,0,0.06,0.06,0.4,0,-0.04
524,10,0,0,0.02,0.02,0.4,0,-0.02
525,10,0,0,0.1,0.1,0.42,0,-0.06
526,10,0,0,0.06,0.06,0.42,0,-0.04
527,10,0,0,0.02,0.02,0.42,0,-0.02
528,10,0,0,0.1,0.1,0.44,0,-0.06
529,10,0,0,0.06,0.06,0.44,0,-0.04
530,10,0,0,0.02,0.02,0.44,0,-0.02
531,10,0,0,0.1,0.1,0.46,0,-0.06
532,10,0,0,0.06,0.06,0.46,0,-0.04
533,10,0,0,0.02,0.02,0.46,0,-0.02
534,10,0,0,0.1,0.1,0.48,0,-0.06
535,10,0,0,0.06,0.06,0.48,0,-0.04
536,10,0,0,0.02,0.02,0.48,0,-0.02
537,10,0,0,0.1,0.1,0.5,0,-0.06
538,10,0,0,0.06,0.06,0.5,0,-0.04
539,10,0,0,0.02,0.02,0.5,0,-0.02
540,10,0,0,0.1,0.1,0.52,0,-0.06
541,10,0,0,0.06,0.06,0.52,0,-0.04
542,10,0,0,0.02,0.02,0.52,0,-0.02
543,10,0,0,0.1,0.1,0.54,0,-0.06
544,10,0,0,0.06,0.06,0.54,0,-0.04
545,10,0,0,0.02,0.02,0.54,0,-0.02
546,10,0,0,0.1,0.1,0.56,0,-0.06
547,10,0,0,0.06,0.06,0.56,0,-0.04
548,10,0,0,0.02,0.02,0.56,0,-0.02
549,10,0,0,0.1,0.1,0.58,0,-0.06
550,10,0,0,0.06,0.06,0.58,0,-0.04
551,10,0,0,0.02,0.02,0.58,0,-0.02
552,10,0,0,0.1,0.1,0.6,0,-0.06
553,10,0,0,0.06,0.06,0.6,0,-0.04
554,10,0,0,0.02,0.02,0.6,0,-0.02
555,10,0,0,0.1,0.1,0.62,0,-0.06
556,10,0,0,0.06,0.06,0.62,0,-0.04
557,10,0,0,0.02,0.02,0.62,0,-0.02
558,10,0,0,0.1,0.1,0.64,0,-0.06
559,10,0,0,0.06,0.06,0.64,0,-0.04
560,10,0,0,0.02,0.02,0.64,0,-0.02
561,10,0,0,0.1,0.1,0.66,0,-0.06
562,10,0,0,0.06,0.06,0.66,0,-0.04
563,10,0,0,0.02,0.02,0.66,0,-0.02
564,10,0,0,0.1,0.1,0.68,0,-0.06
565,10,0,0,0.06,0.06,0.68,0,-0.04
566,10,0,0,0.02,0.02,0.68,0,-0.02
567,10,0,0,0.1,0.1,0.7,0,-0.06
568,10,0,0,0.06,0.06,0.7,0,-0.04
569,10,0,0,0.02,0.02,0.7,0,-0.02
570,10,0,0,0.1,0.1,0.72,0,-0.06
571,10,0,0,0.06,0.06,0.72,0,-0.04
572,10,0,0,0.02,0.02,0.72,0,-0.02
573,10,0,0,0.1,0.1,0.74,0,-0.06
574,10,0,0,0.06,0.06,0.74,0,-0.04
575,10,0,0,0.02,0.02,0.74,0,-0.02
576,10,0,0,0.1,0.1,0.76,0,-0.06
577,10,0,0,0.06,0.06,0.76,0,-0.04
578,10,0,0,0.02,0.02,0.76,0,-0.02
579,10,0,0,0.1,0.1,0.78,0,-0.06
580,10,0,0,0.06,0.06,0.78,0,-0.04
581,10,0,0,0.02,0.02,0.78,0,-0.02
582,10,0,0,0.1,0.1,0.8,0,-0.06
583,10,0,0,0.06,0.06,0.8,0,-0.04
584,10,0,0,0.02,0.02,0.8,0,-0.02
585,10,0,0,0.1,0.1,0.82,0,-0.06
586,10,0,0,0.06,0.06,0.82,0,-0.04
587,10,0,0,0.02,0.02,0.82,0,-0.02
588,10,0,0,0.1,0.1,0.84,0,-0.06
589,10,0,0,0.06,0.06,0.84,0,-0.04
590,10,0,0,0.02,0.02,0.84,0,-0.02
591,10,0,0,0.1,0.1,0.86,0,-0.06
592,10,0,0,0.06,0.06,0.86,0,-0.04
593,10,0,0,0.02,0.02,0.86,0,-0.02
594,10,0,0,0.1,0.1,0.88,0,-0.06
595,10,0,0,0.06,0.06,0.88,0,-0.04
596,10,0,0,0.02,0.02,0.88,0,-0.02
597,10,0,0,0.1,0.1,0.9,0,-0.06
598,10,0,0,0.06,0.06,0.9,0,-0.04
599,10,0,0,0.02,0.02,0.9,0,-0.02
600,10,0,0,0.1,0.1,0.92,0,-0.06
601,10,0,0,0.06,0.06,0.92,0,-0.04
602,10,0,0,0.02,0.02,0.92,0,-0.02
603,10,0,0,0.1,0.1,0.94,0,-0.06
604,10,0,0,0.06,0.06,0.94,0,-0.04
605,10,0,0,0.02,0.02,0.94,0,-0.02
606,10,0,0,0.1,0.1,0.96,0,-0.06
607,10,0,0,0.06,0.06,0.96,0,-0.04
608,10,0,0,0.02,0.02,0.96,0,-0.02
609,10,0,0,0.1,0.1,0.98,0,-0.06
610,10,0,0,0.06,0.06,0.98,0,-0.04
611,10,0,0,0.02,0.02,0.98,0,-0.02
612,10,0,0,0.1,0.1,1,0,-0.06
613,10,0,0,0.06,0.06,1,0,-0.04
614,10,0,0,0.02,0.02,1,0,-0.02
615,10,0,0,0.1,0.1,1.02,0,-0.06
616,10,0,0,0.06,0.06,1.02,0,-0.04
617,10,0,0,0.02,0.02,1.02,0,-0.02
618,10,0,0,0.1,0.1,1.04,0,-0.06
619,10,0,0,0.06,0.06,1.04,0,-0.04
620,10,0,0,0.02,0.02,1.04,0,-0.02
621,10,0,0,0.1,0.1,1.06,0,-0.06
622,10,0,0,0.06,0.06,1.06,0,-0.04
623,10,0,0,0.02,0.02,1.06,0,-0.02
624,10,0,0,0.1,0.1,1.08,0,-0.06
625,10,0,0,0.06,0.06,1.08,0,-0.04
626,10,0,0,0.02,0.02,1.08,0,-0.02
627,10,0,0,0.1,0.1,1.1,0,-0.06
628,10,0,0,0.06,0.06,1.1,0,-0.04
629,10,0,0,0.02,0.02,1.1,0,-0.02
630,10,0,0,0.1,0.1,1.12,0,-0.06
631,10,0,0,0.06,0.06,1.12,0,-0.04
632,10,0,0,0.02,0.02,1.12,0,-0.02
633,10,0,0,0.1,0.1,1.14,0,-0.06
634,10,0,0,0.06,0.06,1.14,0,-0.04
635,10,0,0,0.02,0.02,1.14,0,-0.02
636,10,0,0,0.1,0.1,1.16,0,-0.06
637,10,0,0,0.06,0.06,1.16,0,-0.04
638,10,0,0,0.02,0.02,1.16,0,-0.02
639,10,0,0,0.1,0.1,1.18,0,-0.06
640,10,0,0,0.06,0.06,1.18,0,-0.04
641,10,0,0,0.02,0.02,1.18,0,-0.02
642,10,0,0,0.1,0.1,1.2,0,-0.06
643,10,0,0,0.06,0.06,1.2,0,-0.04
644,10,0,0,0.02,0.02,1.2,0,-0.02
645,10,0,0,0.1,0.1,1.22,0,-0.06
646,10,0,0,0.06,0.06,1.22,0,-0.04
647,10,0,0,0.02,0.02,1.22,0,-0.02
648,10,0,0,0.1,0.1,1.24,0,-0.06
649,10,0,0,0.06,0.06,1.24,0,-0.04
650,10,0,0,0.02,0.02,1.24,0,-0.02
651,10,0,0,0.1,0.1,1.26,0,-0.06
652,10,0,0,0.06,0.06,1.26,0,-0.04
653,10,0,0,0.02,0.02,1.26,0,-0.02
654,10,0,0,0.1,0.1,1.28,0,-0.06
655,10,0,0,0.06,0.06,1.28,0,-0.04
656,10,0,0,0.02,0.02,1.28,0,-0.02
657,10,0,0,0.1,0.1,1.3,0,-0.06
658,10,0,0,0.06,0.06,1.3,0,-0.04
659,10,0,0,0.02,0.02,1.3,0,-0.02
660,10,0,0,0.1,0.1,1.32,0,-0.06
661,10,0,0,0.06,0.06,1.32,0,-0.04
662,10,0,0,0.02,0.02,1.32,0,-0.02
663,10,0,0,0.1,0.1,1.34,0,-0.06
664,10,0,0,0.06,0.06,1.34,0,-0.04
665,10,0,0,0.02,0.02,1.34,0,-0.02
666,10,0,0,0.1,0.1,1.36,0,-0.06
667,10,0,0,0.06,0.06,1.36,0,-0.04
668,10,0,0,0.02,0.02,1.36,0,-0.02
669,10,0,0,0.1,0.1,1.38,0,-0.06
670,10,0,0,0.06,0.06,1.38,0,-0.04
671,10,0,0,0.02,0.02,1.38,0,-0.02
672,10,0,0,0.1,0.1,1.4,0,-0.06
673,10,0,0,0.06,0.06,1.4,0,-0.04
674,10,0,0,0.02,0.02,1.4,0,-0.02
675,10,0,0,0.1,0.1,1.42,0,-0.06
676,10,0,0,0.06,0.06,1.42,0,-0.04
677,10,0,0,0.02,0.02,1.42,0,-0.02
678,10,0,0,0.1,0.1,1.44,0,-0.06
679,10,0,0,0.06,0.06,1.44,0,-0.04
680,10,0,0,0.02,0.02,1.44,0,-0.02
681,10,0,0,0.1,0.1,1.46,0,-0.06
682,10,0,0,0.06,0.06,1.46,0,-0.04
683,10,0,0,0.02,0.02,1.46,0,-0.02
684,10,0,0,0.1,0.1,1.48,0,-0.06
685,10,0,0,0.06,0.06,1.48,0,-0.04
686,10,0,0,0.02,0.02,1.48,0,-0.02
687,10,0,0,0.1,0.1,1.5,0,-0.06
688,10,0,0,0.06,0.06,1.5,0,-0.04
689,10,0,0,0.02,0.02,1.5,0,-0.02
690,10,0,0,0.1,0.1,1.52,0,-0.06
691,10,0,0,0.06,0.06,1.52,0,-0.04
692,10,0,0,0.02,0.02,1.52,0,-0.02
693,10,0,0,0.1,0.1,1.54,0,-0.06
694,10,0,0,0.06,0.06,1.54,0,-0.04
695,10,0,0,0.02,0.02,1.54,0,-0.02
696,10,0,0,0.1,0.1,1.56,0,-0.06
697,10,0,0,0.06,0.06,1.56,0,-0.04
698,10,0,0,0.02,0.02,1.56,0,-0.02
699,10,0,0,0.1,0.1,1.58,0,-0.06
700,10,0,0,0.06,0.06,1.58,0,-0.04
701,10,0,0,0.02,0.02,1.58,0,-0.02
702,10,0,0,0.1,0.1,1.6,0,-0.06
703,10,0,0,0.06,0.06,1.6,0,-0.04
704,10,0,0,0.02,0.02,1.6,0,-0.02
705,10,0,0,0.1,0.1,1.62,0,-0.06
706,10,0,0,0.06,0.06,1.62,0,-0.04
707,10,0,0,0.02,0.02,1.62,0,-0.02
708,10,0,0,0.1,0.1,1.64,0,-0.06
709,10,0,0,0.06,0.06,1.64,0,-0.04
710,10,0,0,0.02,0.02,1.64,0,-0.02
711,10,0,0,0.1,0.1,1.66,0,-0.06
712,10,0,0,0.06,0.06,1.66,0,-0.04
713,10,0,0,0.02,0.02,1.66,0,-0.02
714,10,0,0,0.1,0.1,1.68,0,-0.06
715,10,0,0,0.06,0.06,1.68,0,-0.04
716,10,0,0,0.02,0.02,1.68,0,-0.02
717,10,0,0,0.1,0.1,1.7,0,-0.06
718,10,0,0,0.06,0.06,1.7,0,-0.04
719,10,0,0,0.02,0.02,1.7,0,-0.02
720,10,0,0,0.1,0.1,1.72,0,-0.06
721,10,0,0,0.06,0.06,1.72,0,-0.04
722,10,0,0,0.02,0.02,1.72,0,-0.02
723,10,0,0,0.1,0.1,1.74,0,-0.06
724,10,0,0,0.06,0.06,1.74,0,-0.04
725,10,0,0,0.02,0.02,1.74,0,-0.02
726,10,0,0,0.1,0.1,1.76,0,-0.06
727,10,0,0,0.06,0.06,1.76,0,-0.04
728,10,0,0,0.02,0.02,1.76,0,-0.02
729,10,0,0,0.1,0.1,1.78,0,-0.06
730,10,0,0,0.06,0.06,1.78,0,-0.04
731,10,0,0,0.02,0.02,1.78,0,-0.02
732,10,0,0,0.1,0.1,1.8,0,-0.06
733,10,0,0,0.06,0.06,1.8,0,-0.04
734,10,0,0,0.02,0.02,1.8,0,-0.02
735,10,0,0,0.1,0.1,1.82,0,-0.06
736,10,0,0,0.06,0.06,1.82,0,-0.04
737,10,0,0,0.02,0.02,1.82,0,-0.02
738,10,0,0,0.1,0.1,1.84,0,-0.06
739,10,0,0,0.06,0.06,1.84,0,-0.04
740,10,0,0,0.02,0.02,1.84,0,-0.02
741,10,0,0,0.1,0.1,1.86,0,-0.06
742,10,0,0,0.06,0.06,1.86,0,-0.04
743,10,0,0,0.02,0.02,1.86,0,-0.02
744,10,0,0,0.1,0.1,1.88,0,-0.06
745,10,0,0,0.06,0.06,1.88,0,-0.04
746,10,0,0,0.02,0.02,1.88,0,-0.02
747,10,0,0,0.1,0.1,1.9,0,-0.06
748,10,0,0,0.06,0.06,1.9,0,-0.04
749,10,0,0,0.02,0.02,1.9,0,-0.02
750,10,0,0,0.1,0.1,1.92,0,-0.06
751,10,0,0,0.06,0.06,1.92,0,-0.04
752,10,0,0,0.02,0.02,1.92,0,-0.02
753,10,0,0,0.1,0.1,1.94,0,-0.06
754,10,0,0,0.06,0.06,1.94,0,-0.04
755,10,0,0,0.02,0.02,1.94,0,-0.02
756,10,0,0,0.1,0.1,1.96,0,-0.06
757,10,0,0,0.06,0.06,1.96,0,-0.04
758,10,0,0,0.02,0.02,1.96,0,-0.02
759,10,0,0,0.1,0.1,1.98,0,-0.06
760,10,0,0,0.06,0.06,1.98,0,-0.04
761,10,0,0,0.02,0.02,1.98,0,-0.02
762,10,0,0,0.1,0.1,2,0,-0.06
763,10,0,0,0.06,0.06,2,0,-0.04
764,10,0,0,0.02,0.02,2,0,-0.02
765,10,0,0,0.1,0.1,2.02,0,-0.06
766,10,0,0,0.06,0.06,2.02,0,-0.04
767,10,0,0,0.02,0.02,2.02,0,-0.02
768,10,0,0,0.1,0.1,2.04,0,-0.06
769,10,0,0,0.06,0.06,2.04,0,-0.04
770,10,0,0,0.02,0.02,2.04,0,-0.02
771,10,0,0,0.1,0.1,2.06,0,-0.06
772,10,0,0,0.06,0.06,2.06,0,-0.04
773,10,0,0,0.02,0.02,2.06,0,-0.02
774,10,0,0,0.1,0.1,2.08,0,-0.06
775,10,0,0,0.06,0.06,2.08,0,-0.04
776,10,0,0,0.02,0.02,2.08,0,-0.02
777,10,0,0,0.1,0.1,2.1,0,-0.06
778,10,0,0,0.06,0.06,2.1,0,-0.04
779,10,0,0,0.02,0.02,2.1,0,-0.02
780,10,0,0,0.1,0.1,2.12,0,-0.06
781,10,0,0,0.06,0.06,2.12,0,-0.04
782,10,0,0,0.02,0.02,2.12,0,-0.02
783,10,0,0,0.1,0.1,2.14,0,-0.06
784,10,0,0,0.06,0.06,2.14,0,-0.04
785,10,0,0,0.02,0.02,2.14,0,-0.02
786,10,0,0,0.1,0.1,2.16,0,-0.06
787,10,0,0,0.06,0.06,2.16,0,-0.04
788,10,0,0,0.02,0.02,2.16,0,-0.02
789,10,0,0,0.1,0.1,2.18,0,-0.06
790,10,0,0,0.06,0.06,2.18,0,-0.04
791,10,0,0,0.02,0.02,2.18,0,-0.02
792,10,0,0,0.1,0.1,2.2,0,-0.06
793,10,0,0,0.06,0.06,2.2,0,-0.04
794,10,0,0,0.02,0.02,2.2,0,-0.02
795,10,0,0,0.1,0.1,2.22,0,-0.06
796,10,0,0,0.06,0.06,2.22,0,-0.04
797,10,0,0,0.02,0.02,2.22,0,-0.02
798,10,0,0,0.1,0.1,2.24,0,-0.06
799,10,0,0,0.06,0.06,2.24,0,-0.04
800,10,0,0,0.02,0.02,2.24,0,-0.02
801,10,0,0,0.1,0.1,2.26,0,-0.06
802,10,0,0,0.06,0.06,2.26,0,-0.04
803,10,0,0,0.02,0.02,2.26,0,-0.02
804,10,0,0,0.1,0.1,2.28,0,-0.06
805,10,0,0,0.06,0.06,2.28,0,-0.04
806,10,0,0,0.02,0.02,2.28,0,-0.02
807,10,0,0,0.1,0.1,2.3,0,-0.06
808,10,0,0,0.06,0.06,2.3,0,-0.04
809,10,0,0,0.02,0.02,2.3,0,-0.02
810,10,0,0,0.1,0.1,2.32,0,-0.06
811,10,0,0,0.06,0.06,2.32,0,-0.04
812,10,0,0,0.02,0.02,2.32,0,-0.02
813,10,0,0,0.1,0.1,2.34,0,-0.06
814,10,0,0,0.06,0.06,2.34,0,-0.04
815,10,0,0,0.02,0.02,2.34,0,-0.02
816,10,0,0,0.1,0.1,2.36,0,-0.06
817,10,0,0,0.06,0.06,2.36,0,-0.04
818,10,0,0,0.02,0.02,2.36,0,-0.02
819,10,0,0,0.1,0.1,2.38,0,-0.06
820,10,0,0,0.06,0.06,2.38,0,-0.04
821,10,0,0,0.02,0.02,2.38,0,-0.02
822,10,0,0,0.1,0.1,2.4,0,-0.06
823,10,0,0,0.06,0.06,2.4,0,-0.04
824,10,0,0,0.02,0.02,2.4,0,-0.02
825,10,0,0,0.1,0.1,2.42,0,-0.06
826,10,0,0,0.06,0.06,2.42,0,-0.04
827,10,0,0,0.02,0.02,2.42,0,-0.02
828,10,0,0,0.1,0.1,2.44,0,-0.06
829,10,0,0,0.06,0.06,2.44,0,-0.04
830,10,0,0,0.02,0.02,2.44,0,-0.02
831,10,0,0,0.1,0.1,2.46,0,-0.06
832,10,0,0,0.06,0.06,2.46,0,-0.04
833,10,0,0,0.02,0.02,2.46,0,-0.02
834,10,0,0,0.1,0.1,2.48,0,-0.06
835,10,0,0,0.06,0.06,2.48,0,-0.04
836,10,0,0,0.02,0.02,2.48,0,-0.02
837,10,0,0,0.1,0.1,2.5,0,-0.06
838,10,0,0,0.06,0.06,2.5,0,-0.04
839,10,0,0,0.02,0.02,2.5,0,-0.02
840,10,0,0,0.1,0.1,2.52,0,-0.06
841,10,0,0,0.06,0.06,2.52,0,-0.04
842,10,0,0,0.02,0.02,2.52,0,-0.02
843,10,0,0,0.1,0.1,2.54,0,-0.06
844,10,0,0,0.06,0.06,2.54,0,-0.04
845,10,0,0,0.02,0.02,2.54,0,-0.02
846,10,0,0,0.1,0.1,2.56,0,-0.06
847,10,0,0,0.06,0.06,2.56,0,-0.04
848,10,0,0,0.02,0.02,2.56,0,-0.02
849,10,0,0,0.1,0.1,2.58,0,-0.06
850,10,0,0,0.06,0.06,2.58,0,-0.04
851,10,0,0,0.02,0.02,2.58,0,-0.02
852,10,0,0,0.1,0.1,2.6,0,-0.06
853,10,0,0,0.06,0.06,2.6,0,-0.04
854,10,0,0,0.02,0.02,2.6,0,-0.02
855,10,0,0,0.1,0.1,2.62,0,-0.06
856,10,0,0,0.06,0.06,2.62,0,-0.04
857,10,0,0,0.02,0.02,2.62,0,-0.02
858,10,0,0,0.1,0.1,2.64,0,-0.06
859,10,0,0,0.06,0.06,2.64,0,-0.04
860,10,0,0,0.02,0.02,2.64,0,-0.02
861,10,0,0,0.1,0.1,2.66,0,-0.06
862,10,0,0,0.06,0.06,2.66,0,-0.04
863,10,0,0,0.02,0.02,2.66,0,-0.02
864,10,0,0,0.1,0.1,2.68,0,-0.06
865,10,0,0,0.06,0.06,2.68,0,-0.04
866,10,0,0,0.02,0.02,2.68,0,-0.02
867,10,0,0,0.1,0.1,2.7,0,-0.06
868,10,0,0,0.06,0.06,2.7,0,-0.04
869,10,0,0,0.02,0.02,2.7,0,-0.02
870,10,0,0,0.1,0.1,2.72,0,-0.06
871,10,0,0,0.06,0.06,2.72,0,-0.04
872,10,0,0,0.02,0.02,2.72,0,-0.02
873,10,0,0,0.1,0.1,2.74,0,-0.06
874,10,0,0,0.06,0.06,2.74,0,-0.04
875,10,0,0,0.02,0.02,2.74,0,-0.02
876,10,0,0,0.1,0.1,2.76,0,-0.06
877,10,0,0,0.06,0.06,2.76,0,-0.04
878,10,0,0,0.02,0.02,2.76,0,-0.02
879,10,0,0,0.1,0.1,2.78,0,-0.06
880,10,0,0,0.06,0.06,2.78,0,-0.04
881,10,0,0,0.02,0.02,2.78,0,-0.02
882,10,0,0,0.1,0.1,2.8,0,-0.06
883,10,0,0,0.06,0.06,2.8,0,-0.04
884,10,0,0,0.02,0.02,2.8,0,-0.02
885,10,0,0,0.1,0.1,2.82,0,-0.06
886,10,0,0,0.06,0.06,2.82,0,-0.04
887,10,0,0,0.02,0.02,2.82,0,-0.02
888,10,0,0,0.1,0.1,2.84,0,-0.06
889,10,0,0,0.06,0.06,2.84,0,-0.04
890,10,0,0,0.02,0.02,2.84,0,-0.02
891,10,0,0,0.1,0.1,2.86,0,-0.06
892,10,0,0,0.06,0.06,2.86,0,-0.04
893,10,0,0,0.02,0.02,2.86,0,-0.02
894,10,0,0,0.1,0.1,2.88,0,-0.06
895,10,0,0,0.06,0.06,2.88,0,-0.04
896,10,0,0,0.02,0.02,2.88,0,-0.02
897,10,0,0,0.1,0.1,2.9,0,-0.06
898,10,0,0,0.06,0.06,2.9,0,-0.04
899,10,0,0,0.02,0.02,2.9,0,-0.02
900,10,0,0,0.1,0.1,2.92,0,-0.06
901,10,0,0,0.06,0.06,2.92,0,-0.04
902,10,0,0,0.02,0.02,2.92,0,-0.02
903,10,0,0,0.1,0.1,2.94,0,-0.06
904,10,0,0,0.06,0.06,2.94,0,-0.04
905,10,0,0,0.02,0.02,2.94,0,-0.02
906,10,0,0,0.1,0.1,2.96,0,-0.06
907,10,0,0,0.06,0.06,2.96,0,-0.04
908,10,0,0,0.02,0.02,2.96,0,-0.02
909,10,0,0,0.1,0.1,2.98,0,-0.06
910,10,0,0,0.06,0.06,2.98,0,-0.04
911,10,0,0,0.02,0.02,2.98,0,-0.02
912,10,0,0,0.1,0.1,3,0,-0.06
913,10,0,0,0.06,0.06,3,0,-0.04
914,10,0,0,0.02,0.02,3,0,-0.02
915,10,0,0,0.1,0.1,3.02,0,-0.06
916,10,0,0,0.06,0.06,3.02,0,-0.04
917,10,0,0,0.02,0.02,3.02,0,-0.02
918,10,0,0,0.1,0.1,3.04,0,-0.06
919,10,0,0,0.06,0.06,3.04,0,-0.04
920,10,0,0,0.02,0.02,3.04,0,-0.02
921,10,0,0,0.1,0.1,3.06,0,-0.06
922,10,0,0,0.06,0.06,3.06,0,-0.04
923,10,0,0,0.02,0.02,3.06,0,-0.02
924,10,0,0,0.1,0.1,3.08,0,-0.06
925,10,0,0,0.06,0.06,3.08,0,-0.04
926,10,0,0,0.02,0.02,3.08,0,-0.02
927,10,0,0,0.1,0.1,3.1,0,-0.06
928,10,0,0,0.06,0.06,3.1,0,-0.04
929,10,0,0,0.02,0.02,3.1,0,-0.02
930,10,0,0,0.1,0.1,3.12,0,-0.06
931,10,0,0,0.06,0.06,3.12,0,-0.04
932,10,0,0,0.02,0.02,3.12,0,-0.02
933,10,0,0,0.1,0.1,3.14,0,-0.06
934,10,0,0,0.06,0.06,3.14,0,-0.04
935,10,0,0,0.02,0.02,3.14,0,-0.02
936,10,0,0,0.1,0.1,3.16,0,-0.06
937,10,0,0,0.06,0.06,3.16,0,-0.04
938,10,0,0,0.02,0.02,3.16,0,-0.02
939,10,0,0,0.1,0.1,3.18,0,-0.06
940,10,0,0,0.06,0.06,3.18,0,-0.04
941,10,0,0,0.02,0.02,3.18,0,-0.02
942,10,0,0,0.1,0.1,3.2,0,-0.06
943,10,0,0,0.06,0.06,3.2,0,-0.04
944,10,0,0,0.02,0.02,3.2,0,-0.02
945,10,0,0,0.1,0.1,3.22,0,-0.06
946,10,0,0,0.06,0.06,3.22,0,-0.04
947,10,0,0,0.02,0.02,3.22,0,-0.02
948,10,0,0,0.1,0.1,3.24,0,-0.06
949,10,0,0,0.06,0.06,3.24,0,-0.04
950,10,0,0,0.02,0.02,3.24,0,-0.02
951,10,0,0,0.1,0.1,3.26,0,-0.06
952,10,0,0,0.06,0.06,3.26,0,-0.04
953,10,0,0,0.02,0.02,3.26,0,-0.02
954,10,0,0,0.1,0.1,3.28,0,-0.06
955,10,0,0,0.06,0.06,3.28,0,-0.04
956,10,0,0,0.02,0.02,3.28,0,-0.02
957,10,0,0,0.1,0.1,3.3,0,-0.06
958,10,0,0,0.06,0.06,3.3,0,-0.04
959,10,0,0,0.02,0.02,3.3,0,-0.02
960,10,0,0,0.1,0.1,3.32,0,-0.06
961,10,0,0,0.06,0.06,3.32,0,-0.04
962,10,0,0,0.02,0.02,3.32,0,-0.02
963,10,0,0,0.1,0.1,3.34,0,-0.06
964,10,0,0,0.06,0.06,3.34,0,-0.04
965,10,0,0,0.02,0.02,3.34,0,-0.02
966,10,0,0,0.1,0.1,3.36,0,-0.06
967,10,0,0,0.06,0.06,3.36,0,-0.04
968,10,0,0,0.02,0.02,3.36,0,-0.02
969,10,0,0,0.1,0.1,3.38,0,-0.06
970,10,0,0,0.06,0.06,3.38,0,-0.04
971,10,0,0,0.02,0.02,3.38,0,-0.02
972,10,0,0,0.1,0.1,3.4,0,-0.06
973,10,0,0,0.06,0.06,3.4,0,-0.04
974,10,0,0,0.02,0.02,3.4,0,-0.02
975,10,0,0,0.1,0.1,3.42,0,-0.06
976,10,0,0,0.06,0.06,3.42,0,-0.04
977,10,0,0,0.02,0.02,3.42,0,-0.02
978,10,0,0,0.1,0.1,3.44,0,-0.06
979,10,0,0,0.06,0.06,3.44,0,-0.04
980,10,0,0,0.02,0.02,3.44,0,-0.02
981,10,0,0,0.1,0.1,3.46,0,-0.06
982,10,0,0,0.06,0.06,3.46,0,-0.04
983,10,0,0,0.02,0.02,3.46,0,-0.02
984,10,0,0,0.1,0.1,3.48,0,-0.06
985,10,0,0,0.06,0.06,3.48,0,-0.04
986,10,0,0,0.02,0.02,3.48,0,-0.02
987,10,0,0,0.1,0.1,3.5,0,-0.06
988,10,0,0,0.06,0.06,3.5,0,-0.04
989,10,0,0,0.02,0.02,3.5,0,-0.02
990,10,0,0,0.1,0.1,3.52,0,-0.06
991,10,0,0,0.06,0.06,3.52,0,-0.04
992,10,0,0,0.02,0.02,3.52,0,-0.02
993,10,0,0,0.1,0.1,3.54,0,-0.06
994,10,0,0,0.06,0.06,3.54,0,-0.04
995,10,0,0,0.02,0.02,3.54,0,-0.02
996,10,0,0,0.1,0.1,3.56,0,-0.06
997,10,0,0,0.06,0.06,3.56,0,-0.04
998,10,0,0,0.02,0.02,3.56,0,-0.02
999,10,0,0,0.1,0.1,3.58,0,-0.06
1000,10,0,0,0.06,0.06,3.58,0,-0.04
1001,10,0,0,0.02,0.02,3.58,0,-0.02
1002,10,0,0,0.1,0.1,3.6,0,-0.06
1003,10,0,0,0.06,0.06,3.6,0,-0.04
1004,10,0,0,0.02,0.02,3.6,0,-0.02
1005,10,0,0,0.1,0.1,3.62,0,-0.06
1006,10,0,0,0.06,0.06,3.62,0,-0.04
1007,10,0,0,0.02,0.02,3.62,0,-0.02
1008,10,0,0,0.1,0.1,3.64,0,-0.06
1009,10,0,0,0.06,0.06,3.64,0,-0.04
1010,10,0,0,0.02,0.02,3.64,0,-0.02
1011,10,0,0,0.1,0.1,3.66,0,-0.06
1012,10,0,0,0.06,0.06,3.66,0,-0.04
1013,10,0,0,0.02,0.02,3.66,0,-0.02
1014,10,0,0,0.1,0.1,3.68,0,-0.06
1015,10,0,0,0.06,0.06,3.68,0,-0.04
1016,10,0,0,0.02,0.02,3.68,0,-0.02
1017,10,0,0,0.1,0.1,3.7,0,-0.06
1018,10,0,0,0.06,0.06,3.7,0,-0.04
1019,10,0,0,0.02,0.02,3.7,0,-0.02
1020,10,0,0,0.1,0.1,3.72,0,-0.06
1021,10,0,0,0.06,0.06,3.72,0,-0.04
1022,10,0,0,0.02,0.02,3.72,0,-0.02
1023,10,0,0,0.1,0.1,3.74,0,-0.06
1024,10,0,0,0.06,0.06,3.74,0,-0.04
1025,10,0,0,0.02,0.02,3.74,0,-0.02
1026,10,0,0,0.1,0.1,3.76,0,-0.06
1027,10,0,0,0.06,0.06,3.76,0,-0.04
1028,10,0,0,0.02,0.02,3.76,0,-0.02
1029,10,0,0,0.1,0.1,3.78,0,-0.06
1030,10,0,0,0.06,0.06,3.78,0,-0.04
1031,10,0,0,0.02,0.02,3.78,0,-0.02
1032,10,0,0,0.1,0.1,3.8,0,-0.06
1033,10,0,0,0.06,0.06,3.8,0,-0.04
1034,10,0,0,0.02,0.02,3.8,0,-0.02
1035,10,0,0,0.1,0.1,3.82,0,-0.06
1036,10,0,0,0.06,0.06,3.82,0,-0.04
1037,10,0,0,0.02,0.02,3.82,0,-0.02
1038,10,0,0,0.1,0.1,3.84,0,-0.06
1039,10,0,0,0.06,0.06,3.84,0,-0.04
1040,10,0,0,0.02,0.02,3.84,0,-0.02
1041,10,0,0,0.1,0.1,3.86,0,-0.06
1042,10,0,0,0.06,0.06,3.86,0,-0.04
1043,10,0,0,0.02,0.02,3.86,0,-0.02
1044,10,0,0,0.1,0.1,3.88,0,-0.06
1045,10,0,0,0.06,0.06,3.88,0,-0.04
1046,10,0,0,0.02,0.02,3.88,0,-0.02
1047,10,0,0,0.1,0.1,3.9,0,-0.06
1048,10,0,0,0.06,0.06,3.9,0,-0.04
1049,10,0,0,0.02,0.02,3.9,0,-0.02
1050,10,0,0,0.1,0.1,3.92,0,-0.06
1051,10,0,0,0.06,0.06,3.92,0,-0.04
1052,10,0,0,0.02,0.02,3.92,0,-0.02
1053,10,0,0,0.1,0.1,3.94,0,-0.06
1054,10,0,0,0.06,0.06,3.94,0,-0.04
1055,10,0,0,0.02,0.02,3.94,0,-0.02
1056,10,0,0,0.1,0.1,3.96,0,-0.06
1057,10,0,0,0.06,0.06,3.96,0,-0.04
1058,10,0,0,0.02,0.02,3.96,0,-0.02
1059,10,0,0,0.1,0.1,3.98,0,-0.06
1060,10,0,0,0.06,0.06,3.98,0,-0.04
1061,10,0,0,0.02,0.02,3.98,0,-0.02
1062,10,0,0,0.1,0.1,4,0,-0.06
1063,10,0,0,0.06,0.06,4,0,-0.04
1064,10,0,0,0.02,0.02,4,0,-0.02
1065,10,-0.02,0,0.1,0.10198,4.02,0,-0.06
1066,10,-0.02,0,0.06,0.063245,4.02,0,-0.04
1067,10,-0.02,0,0.02,0.028284,4.02,0,-0.02
1068,10,-0.02,0,0,0.02,4.02,0,0
1069,10,-0.02,0,0,0.02,4.02,0,0.02
1070,10,-0.02,0,0,0.02,4.02,0,0.04
1071,10,-0.02,0,0,0.02,4.02,0,0.06
1072,10,-0.02,0,0,0.02,4.02,0,0.08
1073,10,-0.02,0,0,0.02,4.02,0,0.1
1074,10,-0.02,0,0,0.02,4.02,0,0.12
1075,10,-0.02,0,0,0.02,4.02,0,0.14
1076,10,-0.02,0,0,0.02,4.02,0,0.16
1077,10,-0.02,0,0,0.02,4.02,0,0.18
1078,10,-0.02,0,0,0.02,4.02,0,0.2
1079,10,-0.02,0,0,0.02,4.02,0,0.22
1080,10,-0.02,0,0,0.02,4.02,0,0.24
1081,10,-0.02,0,0,0.02,4.02,0,0.26
1082,10,-0.02,0,0,0.02,4.02,0,0.28
1083,10,-0.02,0,0,0.02,4.02,0,0.3
1084,10,-0.02,0,0,0.02,4.02,0,0.32
1085,10,-0.02,0,0,0.02,4.02,0,0.34
1086,10,-0.02,0,0,0.02,4.02,0,0.36
1087,10,-0.02,0,0,0.02,4.02,0,0.38
1088,10,-0.02,0,0,0.02,4.02,0,0.4
1089,10,-0.02,0,0,0.02,4.02,0,0.42
1090,10,-0.02,0,0,0.02,4.02,0,0.44
1091,10,-0.02,0,0,0.02,4.02,0,0.46
1092,10,-0.02,0,0,0.02,4.02,0,0.48
1093,10,-0.02,0,0,0.02,4.02,0,0.5
1094,10,-0.02,0,0,0.02,4.02,0,0.52
1095,10,-0.02,0,0,0.02,4.02,0,0.54
1096,10,-0.02,0,0,0.02,4.02,0,0.56
1097,10,-0.02,0,0,0.02,4.02,0,0.58
1098,10,-0.02,0,0,0.02,4.02,0,0.6
1099,10,-0.02,0,0,0.02,4.02,0,0.62
1100,10,-0.02,0,0,0.02,4.02,0,0.64
1101,10,-0.02,0,0,0.02,4.02,0,0.66
1102,10,-0.02,0,0,0.02,4.02,0,0.68
1103,10,-0.02,0,0,0.02,4.02,0,0.7
1104,10,-0.02,0,0,0.02,4.02,0,0.72
1105,10,-0.02,0,0,0.02,4.02,0,0.74
1106,10,-0.02,0,0,0.02,4.02,0,0.76
1107,10,-0.02,0,0,0.02,4.02,0,0.78
1108,10,-0.02,0,0,0.02,4.02,0,0.8
1109,10,-0.02,0,0,0.02,4.02,0,0.82
1110,10,-0.02,0,0,0.02,4.02,0,0.84
1111,10,-0.02,0,0,0.02,4.02,0,0.86
1112,10,-0.02,0,0,0.02,4.02,0,0.88
1113,10,-0.02,0,0,0.02,4.02,0,0.9
1114,10,-0.02,0,0,0.02,4.02,0,0.92
1115,10,-0.02,0,0,0.02,4.02,0,0.94
1116,10,-0.02,0,0,0.02,4.02,0,0.96
1117,10,-0.02,0,0,0.02,4.02,0,0.98
1118,10,-0.02,0,0,0.02,4.02,0,1
1119,10,-0.02,0,0,0.02,4.02,0,1.02
1120,10,-0.02,0,0,0.02,4.02,0,1.04
1121,10,-0.02,0,0,0.02,4.02,0,1.06
1122,10,-0.02,0,0,0.02,4.02,0,1.08
1123,10,-0.02,0,0,0.02,4.02,0,1.1
1124,10,-0.02,0,0,0.02,4.02,0,1.12
1125,10,-0.02,0,0,0.02,4.02,0,1.14
1126,10,-0.02,0,0,0.02,4.02,0,1.16
1127,10,-0.02,0,0,0.02,4.02,0,1.18
1128,10,-0.02,0,0,0.02,4.02,0,1.2
1129,10,-0.02,0,0,0.02,4.02,0,1.22
1130,10,-0.02,0,0,0.02,4.02,0,1.24
1131,10,-0.02,0,0,0.02,4.02,0,1.26
1132,10,-0.02,0,0,0.02,4.02,0,1.28
1133,10,-0.02,0,0,0.02,4.02,0,1.3
1134,10,-0.02,0,0,0.02,4.02,0,1.32
1135,10,-0.02,0,0,0.02,4.02,0,1.34
1136,10,-0.02,0,0,0.02,4.02,0,1.36
1137,10,-0.02,0,0,0.02,4.02,0,1.38
1138,10,-0.02,0,0,0.02,4.02,0,1.4
1139,10,-0.02,0,0,0.02,4.02,0,1.42
1140,10,-0.02,0,0,0.02,4.02,0,1.44
1141,10,-0.02,0,0,0.02,4.02,0,1.46
1142,10,-0.02,0,0,0.02,4.02,0,1.48
1143,10,-0.02,0,0,0.02,4.02,0,1.5
1144,10,-0.02,0,0,0.02,4.02,0,1.52
1145,10,-0.02,0,0,0.02,4.02,0,1.54
1146,10,-0.02,0,0,0.02,4.02,0,1.56
1147,10,-0.02,0,0,0.02,4.02,0,1.58
1148,10,-0.02,0,0,0.02,4.02,0,1.6
1149,10,-0.02,0,0,0.02,4.02,0,1.62
1150,10,-0.02,0,0,0.02,4.02,0,1.64
1151,10,-0.02,0,0,0.02,4.02,0,1.66
1152,10,-0.02,0,0,0.02,4.02,0,1.68
1153,10,-0.02,0,0,0.02,4.02,0,1.7
1154,10,-0.02,0,0,0.02,4.02,0,1.72
1155,10,-0.02,0,0,0.02,4.02,0,1.74
1156,10,-0.02,0,0,0.02,4.02,0,1.76
1157,10,-0.02,0,0,0.02,4.02,0,1.78
1158,10,-0.02,0,0,0.02,4.02,0,1.8
1159,10,-0.02,0,0,0.02,4.02,0,1.82
1160,10,-0.02,0,0,0.02,4.02,0,1.84
1161,10,-0.02,0,0,0.02,4.02,0,1.86
1162,10,-0.02,0,0,0.02,4.02,0,1.88
1163,10,-0.02,0,0,0.02,4.02,0,1.9
1164,10,-0.02,0,0,0.02,4.02,0,1.92
1165,10,-0.02,0,0,0.02,4.02,0,1.94
1166,10,-0.02,0,0,0.02,4.02,0,1.96
1167,10,-0.02,0,0,0.02,4.02,0,1.98
1168,10,-0.02,0,0,0.02,4.02,0,2
1169,10,-0.02,0,0,0.02,4.02,0,2.02
1170,10,-0.02,0,0,0.02,4.02,0,2.04
1171,10,-0.02,0,0,0.02,4.02,0,2.06
1172,10,-0.02,0,0,0.02,4.02,0,2.08
1173,10,-0.02,0,0,0.02,4.02,0,2.1
1174,10,-0.02,0,0,0.02,4.02,0,2.12
1175,10,-0.02,0,0,0.02,4.02,0,2.14
1176,10,-0.02,0,0,0.02,4.02,0,2.16
1177,10,-0.02,0,0,0.02,4.02,0,2.18
1178,10,-0.02,0,0,0.02,4.02,0,2.2
1179,10,-0.02,0,0,0.02,4.02,0,2.22
1180,10,-0.02,0,0,0.02,4.02,0,2.24
1181,10,-0.02,0,0,0.02,4.02,0,2.26
1182,10,-0.02,0,0,0.02,4.02,0,2.28
1183,10,-0.02,0,0,0.02,4.02,0,2.3
1184,10,-0.02,0,0,0.02,4.02,0,2.32
1185,10,-0.02,0,0,0.02,4.02,0,2.34
1186,10,-0.02,0,0,0.02,4.02,0,2.36
1187,10,-0.02,0,0,0.02,4.02,0,2.38
1188,10,-0.02,0,0,0.02,4.02,0,2.4
1189,10,-0.02,0,0,0.02,4.02,0,2.42
1190,10,-0.02,0,0,0.02,4.02,0,2.44
1191,10,-0.02,0,0,0.02,4.02,0,2.46
1192,10,-0.02,0,0,0.02,4.02,0,2.48
1193,10,-0.02,0,0,0.02,4.02,0,2.5
1194,10,-0.02,0,0,0.02,4.02,0,2.52
1195,10,-0.02,0,0,0.02,4.02,0,2.54
1196,10,-0.02,0,0,0.02,4.02,0,2.56
1197,10,-0.02,0,0,0.02,4.02,0,2.58
1198,10,-0.02,0,0,0.02,4.02,0,2.6
1199,10,-0.02,0,0,0.02,4.02,0,2.62
1200,10,-0.02,0,0,0.02,4.02,0,2.64
1201,10,-0.02,0,0,0.02,4.02,0,2.66
1202,10,-0.02,0,0,0.02,4.02,0,2.68
1203,10,-0.02,0,0,0.02,4.02,0,2.7
1204,10,-0.02,0,0,0.02,4.02,0,2.72
1205,10,-0.02,0,0,0.02,4.02,0,2.74
1206,10,-0.02,0,0,0.02,4.02,0,2.76
1207,10,-0.02,0,0,0.02,4.02,0,2.78
1208,10,-0.02,0,0,0.02,4.02,0,2.8
1209,10,-0.02,0,0,0.02,4.02,0,2.82
1210,10,-0.02,0,0,0.02,4.02,0,2.84
1211,10,-0.02,0,0,0.02,4.02,0,2.86
1212,10,-0.02,0,0,0.02,4.02,0,2.88
1213,10,-0.02,0,0,0.02,4.02,0,2.9
1214,10,-0.02,0,0,0.02,4.02,0,2.92
1215,10,-0.02,0,0,0.02,4.02,0,2.94
1216,10,-0.02,0,0,0.02,4.02,0,2.96
1217,10,-0.02,0,0,0.02,4.02,0,2.98
1218,10,-0.02,0,0,0.02,4.02,0,3
1219,10,-0.06,0,0.1,0.11662,4.04,0,-0.06
1220,10,-0.06,0,0.06,0.084852,4.04,0,-0.04
1221,10,-0.06,0,0.02,0.063245,4.04,0,-0.02
1222,10,-0.06,0,0,0.06,4.04,0,0
1223,10,-0.06,0,0,0.06,4.04,0,0.02
1224,10,-0.06,0,0,0.06,4.04,0,0.04
1225,10,-0.06,0,0,0.06,4.04,0,0.06
1226,10,-0.06,0,0,0.06,4.04,0,0.08
1227,10,-0.06,0,0,0.06,4.04,0,0.1
1228,10,-0.06,0,0,0.06,4.04,0,0.12
1229,10,-0.06,0,0,0.06,4.04,0,0.14
1230,10,-0.06,0,0,0.06,4.04,0,0.16
1231,10,-0.06,0,0,0.06,4.04,0,0.18
1232,10,-0.06,0,0,0.06,4.04,0,0.2
1233,10,-0.06,0,0,0.06,4.04,0,0.22
1234,10,-0.06,0,0,0.06,4.04,0,0.24
1235,10,-0.06,0,0,0.06,4.04,0,0.26
1236,10,-0.06,0,0,0.06,4.04,0,0.28
1237,10,-0.06,0,0,0.06,4.04,0,0.3
1238,10,-0.06,0,0,0.06,4.04,0,0.32
1239,10,-0.06,0,0,0.06,4.04,0,0.34
1240,10,-0.06,0,0,0.06,4.04,0,0.36
1241,10,-0.06,0,0,0.06,4.04,0,0.38
1242,10,-0.06,0,0,0.06,4.04,0,0.4
1243,10,-0.06,0,0,0.06,4.04,0,0.42
1244,10,-0.06,0,0,0.06,4.04,0,0.44
1245,10,-0.06,0,0,0.06,4.04,0,0.46
1246,10,-0.06,0,0,0.06,4.04,0,0.48
1247,10,-0.06,0,0,0.06,4.04,0,0.5
1248,10,-0.06,0,0,0.06,4.04,0,0.52
1249,10,-0.06,0,0,0.06,4.04,0,0.54
1250,10,-0.06,0,0,0.06,4.04,0,0.56
1251,10,-0.06,0,0,0.06,4.04,0,0.58
1252,10,-0.06,0,0,0.06,4.04,0,0.6
1253,10,-0.06,0,0,0.06,4.04,0,0.62
1254,10,-0.06,0,0,0.06,4.04,0,0.64
1255,10,-0.06,0,0,0.06,4.04,0,0.66
1256,10,-0.06,0,0,0.06,4.04,0,0.68
1257,10,-0.06,0,0,0.06,4.04,0,0.7
1258,10,-0.06,0,0,0.06,4.04,0,0.72
1259,10,-0.06,0,0,0.06,4.04,0,0.74
1260,10,-0.06,0,0,0.06,4.04,0,0.76
1261,10,-0.06,0,0,0.06,4.04,0,0.78
1262,10,-0.06,0,0,0.06,4.04,0,0.8
1263,10,-0.06,0,0,0.06,4.04,0,0.82
1264,10,-0.06,0,0,0.06,4.04,0,0.84
1265,10,-0.06,0,0,0.06,4.04,0,0.86
1266,10,-0.06,0,0,0.06,4.04,0,0.88
1267,10,-0.06,0,0,0.06,4.04,0,0.9
1268,10,-0.06,0,0,0.06,4.04,0,0.92
1269,10,-0.06,0,0,0.06,4.04,0,0.94
1270,10,-0.06,0,0,0.06,4.04,0,0.96
1271,10,-0.06,0,0,0.06,4.04,0,0.98
1272,10,-0.06,0,0,0.06,4.04,0,1
1273,10,-0.06,0,0,0.06,4.04,0,1.02
1274,10,-0.06,0,0,0.06,4.04,0,1.04
1275,10,-0.06,0,0,0.06,4.04,0,1.06
1276,10,-0.06,0,0,0.06,4.04,0,1.08
1277,10,-0.06,0,0,0.06,4.04,0,1.1
1278,10,-0.06,0,0,0.06,4.04,0,1.12
1279,10,-0.06,0,0,0.06,4.04,0,1.14
1280,10,-0.06,0,0,0.06,4.04,0,1.16
1281,10,-0.06,0,0,0.06,4.04,0,1.18
1282,10,-0.06,0,0,0.06,4.04,0,1.2
1283,10,-0.06,0,0,0.06,4.04,0,1.22
1284,10,-0.06,0,0,0.06,4.04,0,1.24
1285,10,-0.06,0,0,0.06,4.04,0,1.26
1286,10,-0.06,0,0,0.06,4.04,0,1.28
1287,10,-0.06,0,0,0.06,4.04,0,1.3
1288,10,-0.06,0,0,0.06,4.04,0,1.32
1289,10,-0.06,0,0,0.06,4.04,0,1.34
1290,10,-0.06,0,0,0.06,4.04,0,1.36
1291,10,-0.06,0,0,0.06,4.04,0,1.38
1292,10,-0.06,0,0,0.06,4.04,0,1.4
1293,10,-0.06,0,0,0.06,4.04,0,1.42
1294,10,-0.06,0,0,0.06,4.04,0,1.44
1295,10,-0.06,0,0,0.06,4.04,0,1.46
1296,10,-0.06,0,0,0.06,4.04,0,1.48
1297,10,-0.06,0,0,0.06,4.04,0,1.5
1298,10,-0.06,0,0,0.06,4.04,0,1.52
1299,10,-0.06,0,0,0.06,4.04,0,1.54
1300,10,-0.06,0,0,0.06,4.04,0,1.56
1301,10,-0.06,0,0,0.06,4.04,0,1.58
1302,10,-0.06,0,0,0.06,4.04,0,1.6
1303,10,-0.06,0,0,0.06,4.04,0,1.62
1304,10,-0.06,0,0,0.06,4.04,0,1.64
1305,10,-0.06,0,0,0.06,4.04,0,1.66
1306,10,-0.06,0,0,0.06,4.04,0,1.68
1307,10,-0.06,0,0,0.06,4.04,0,1.7
1308,10,-0.06,0,0,0.06,4.04,0,1.72
1309,10,-0.06,0,0,0.06,4.04,0,1.74
1310,10,-0.06,0,0,0.06,4.04,0,1.76
1311,10,-0.06,0,0,0.06,4.04,0,1.78
1312,10,-0.06,0,0,0.06,4.04,0,1.8
1313,10,-0.06,0,0,0.06,4.04,0,1.82
1314,10,-0.06,0,0,0.06,4.04,0,1.84
1315,10,-0.06,0,0,0.06,4.04,0,1.86
1316,10,-0.06,0,0,0.06,4.04,0,1.88
1317,10,-0.06,0,0,0.06,4.04,0,1.9
1318,10,-0.06,0,0,0.06,4.04,0,1.92
1319,10,-0.06,0,0,0.06,4.04,0,1.94
1320,10,-0.06,0,0,0.06,4.04,0,1.96
1321,10,-0.06,0,0,0.06,4.04,0,1.98
1322,10,-0.06,0,0,0.06,4.04,0,2
1323,10,-0.06,0,0,0.06,4.04,0,2.02
1324,10,-0.06,0,0,0.06,4.04,0,2.04
1325,10,-0.06,0,0,0.06,4.04,0,2.06
1326,10,-0.06,0,0,0.06,4.04,0,2.08
1327,10,-0.06,0,0,0.06,4.04,0,2.1
1328,10,-0.06,0,0,0.06,4.04,0,2.12
1329,10,-0.06,0,0,0.06,4.04,0,2.14
1330,10,-0.06,0,0,0.06,4.04,0,2.16
1331,10,-0.06,0,0,0.06,4.04,0,2.18
1332,10,-0.06,0,0,0.06,4.04,0,2.2
1333,10,-0.06,0,0,0.06,4.04,0,2.22
1334,10,-0.06,0,0,0.06,4.04,0,2.24
1335,10,-0.06,0,0,0.06,4.04,0,2.26
1336,10,-0.06,0,0,0.06,4.04,0,2.28
1337,10,-0.06,0,0,0.06,4.04,0,2.3
1338,10,-0.06,0,0,0.06,4.04,0,2.32
1339,10,-0.06,0,0,0.06,4.04,0,2.34
1340,10,-0.06,0,0,0.06,4.04,0,2.36
1341,10,-0.06,0,0,0.06,4.04,0,2.38
1342,10,-0.06,0,0,0.06,4.04,0,2.4
1343,10,-0.06,0,0,0.06,4.04,0,2.42
1344,10,-0.06,0,0,0.06,4.04,0,2.44
1345,10,-0.06,0,0,0.06,4.04,0,2.46
1346,10,-0.06,0,0,0.06,4.04,0,2.48
1347,10,-0.06,0,0,0.06,4.04,0,2.5
1348,10,-0.06,0,0,0.06,4.04,0,2.52
1349,10,-0.06,0,0,0.06,4.04,0,2.54
1350,10,-0.06,0,0,0.06,4.04,0,2.56
1351,10,-0.06,0,0,0.06,4.04,0,2.58
1352,10,-0.06,0,0,0.06,4.04,0,2.6
1353,10,-0.06,0,0,0.06,4.04,0,2.62
1354,10,-0.06,0,0,0.06,4.04,0,2.64
1355,10,-0.06,0,0,0.06,4.04,0,2.66
1356,10,-0.06,0,0,0.06,4.04,0,2.68
1357,10,-0.06,0,0,0.06,4.04,0,2.7
1358,10,-0.06,0,0,0.06,4.04,0,2.72
1359,10,-0.06,0,0,0.06,4.04,0,2.74
1360,10,-0.06,0,0,0.06,4.04,0,2.76
1361,10,-0.06,0,0,0.06,4.04,0,2.78
1362,10,-0.06,0,0,0.06,4.04,0,2.8
1363,10,-0.06,0,0,0.06,4.04,0,2.82
1364,10,-0.06,0,0,0.06,4.04,0,2.84
1365,10,-0.06,0,0,0.06,4.04,0,2.86
1366,10,-0.06,0,0,0.06,4.04,0,2.88
1367,10,-0.06,0,0,0.06,4.04,0,2.9
1368,10,-0.06,0,0,0.06,4.04,0,2.92
1369,10,-0.06,0,0,0.06,4.04,0,2.94
1370,10,-0.06,0,0,0.06,4.04,0,2.96
1371,10,-0.06,0,0,0.06,4.04,0,2.98
1372,10,-0.06,0,0,0.06,4.04,0,3
1373,10,-0.1,0,0.1,0.14142,4.06,0,-0.06
1374,10,-0.1,0,0.06,0.11662,4.06,0,-0.04
1375,10,-0.1,0,0.02,0.10198,4.06,0,-0.02
1376,10,-0.1,0,0,0.1,4.06,0,0
1377,10,-0.1,0,0,0.1,4.06,0,0.02
1378,10,-0.1,0,0,0.1,4.06,0,0.04
1379,10,-0.1,0,0,0.1,4.06,0,0.06
1380,10,-0.1,0,0,0.1,4.06,0,0.08
1381,10,-0.1,0,0,0.1,4.06,0,0.1
1382,10,-0.1,0,0,0.1,4.06,0,0.12
1383,10,-0.1,0,0,0.1,4.06,0,0.14
1384,10,-0.1,0,0,0.1,4.06,0,0.16
1385,10,-0.1,0,0,0.1,4.06,0,0.18
1386,10,-0.1,0,0,0.1,4.06,0,0.2
1387,10,-0.1,0,0,0.1,4.06,0,0.22
1388,10,-0.1,0,0,0.1,4.06,0,0.24
1389,10,-0.1,0,0,0.1,4.06,0,0.26
1390,10,-0.1,0,0,0.1,4.06,0,0.28
1391,10,-0.1,0,0,0.1,4.06,0,0.3
1392,10,-0.1,0,0,0.1,4.06,0,0.32
1393,10,-0.1,0,0,0.1,4.06,0,0.34
1394,10,-0.1,0,0,0.1,4.06,0,0.36
1395,10,-0.1,0,0,0.1,4.06,0,0.38
1396,10,-0.1,0,0,0.1,4.06,0,0.4
1397,10,-0.1,0,0,0.1,4.06,0,0.42
1398,10,-0.1,0,0,0.1,4.06,0,0.44
1399,10,-0.1,0,0,0.1,4.06,0,0.46
1400,10,-0.1,0,0,0.1,4.06,0,0.48
1401,10,-0.1,0,0,0.1,4.06,0,0.5
1402,10,-0.1,0,0,0.1,4.06,0,0.52
1403,10,-0.1,0,0,0.1,4.06,0,0.54
1404,10,-0.1,0,0,0.1,4.06,0,0.56
1405,10,-0.1,0,0,0.1,4.06,0,0.58
1406,10,-0.1,0,0,0.1,4.06,0,0.6
1407,10,-0.1,0,0,0.1,4.06,0,0.62
1408,10,-0.1,0,0,0.1,4.06,0,0.64
1409,10,-0.1,0,0,0.1,4.06,0,0.66
1410,10,-0.1,0,0,0.1,4.06,0,0.68
1411,10,-0.1,0,0,0.1,4.06,0,0.7
1412,10,-0.1,0,0,0.1,4.06,0,0.72
1413,10,-0.1,0,0,0.1,4.06,0,0.74
1414,10,-0.1,0,0,0.1,4.06,0,0.76
1415,10,-0.1,0,0,0.1,4.06,0,0.78
1416,10,-0.1,0,0,0.1,4.06,0,0.8
1417,10,-0.1,0,0,0.1,4.06,0,0.82
1418,10,-0.1,0,0,0.1,4.06,0,0.84
1419,10,-0.1,0,0,0.1,4.06,0,0.86
1420,10,-0.1,0,0,0.1,4.06,0,0.88
1421,10,-0.1,0,0,0.1,4.06,0,0.9
1422,10,-0.1,0,0,0.1,4.06,0,0.92
1423,10,-0.1,0,0,0.1,4.06,0,0.94
1424,10,-0.1,0,0,0.1,4.06,0,0.96
1425,10,-0.1,0,0,0.1,4.06,0,0.98
1426,10,-0.1,0,0,0.1,4.06,0,1
1427,10,-0.1,0,0,0.1,4.06,0,1.02
1428,10,-0.1,0,0,0.1,4.06,0,1.04
1429,10,-0.1,0,0,0.1,4.06,0,1.06
1430,10,-0.1,0,0,0.1,4.06,0,1.08
1431,10,-0.1,0,0,0.1,4.06,0,1.1
1432,10,-0.1,0,0,0.1,4.06,0,1.12
1433,10,-0.1,0,0,0.1,4.06,0,1.14
1434,10,-0.1,0,0,0.1,4.06,0,1.16
1435,10,-0.1,0,0,0.1,4.06,0,1.18
1436,10,-0.1,0,0,0.1,4.06,0,1.2
1437,10,-0.1,0,0,0.1,4.06,0,1.22
1438,10,-0.1,0,0,0.1,4.06,0,1.24
1439,10,-0.1,0,0,0.1,4.06,0,1.26
1440,10,-0.1,0,0,0.1,4.06,0,1.28
1441,10,-0.1,0,0,0.1,4.06,0,1.3
1442,10,-0.1,0,0,0.1,4.06,0,1.32
1443,10,-0.1,0,0,0.1,4.06,0,1.34
1444,10,-0.1,0,0,0.1,4.06,0,1.36
1445,10,-0.1,0,0,0.1,4.06,0,1.38
1446,10,-0.1,0,0,0.1,4.06,0,1.4
1447,10,-0.1,0,0,0.1,4.06,0,1.42
1448,10,-0.1,0,0,0.1,4.06,0,1.44
1449,10,-0.1,0,0,0.1,4.06,0,1.46
1450,10,-0.1,0,0,0.1,4.06,0,1.48
1451,10,-0.1,0,0,0.1,4.06,0,1.5
1452,10,-0.1,0,0,0.1,4.06,0,1.52
1453,10,-0.1,0,0,0.1,4.06,0,1.54
1454,10,-0.1,0,0,0.1,4.06,0,1.56
1455,10,-0.1,0,0,0.1,4.06,0,1.58
1456,10,-0.1,0,0,0.1,4.06,0,1.6
1457,10,-0.1,0,0,0.1,4.06,0,1.62
1458,10,-0.1,0,0,0.1,4.06,0,1.64
1459,10,-0.1,0,0,0.1,4.06,0,1.66
1460,10,-0.1,0,0,0.1,4.06,0,1.68
1461,10,-0.1,0,0,0.1,4.06,0,1.7
1462,10,-0.1,0,0,0.1,4.06,0,1.72
1463,10,-0.1,0,0,0.1,4.06,0,1.74
1464,10,-0.1,0,0,0.1,4.06,0,1.76
1465,10,-0.1,0,0,0.1,4.06,0,1.78
1466,10,-0.1,0,0,0.1,4.06,0,1.8
1467,10,-0.1,0,0,0.1,4.06,0,1.82
1468,10,-0.1,0,0,0.1,4.06,0,1.84
1469,10,-0.1,0,0,0.1,4.06,0,1.86
1470,10,-0.1,0,0,0.1,4.06,0,1.88
1471,10,-0.1,0,0,0.1,4.06,0,1.9
1472,10,-0.1,0,0,0.1,4.06,0,1.92
1473,10,-0.1,0,0,0.1,4.06,0,1.94
1474,10,-0.1,0,0,0.1,4.06,0,1.96
1475,10,-0.1,0,0,0.1,4.06,0,1.98
1476,10,-0.1,0,0,0.1,4.06,0,2
1477,10,-0.1,0,0,0.1,4.06,0,2.02
1478,10,-0.1,0,0,0.1,4.06,0,2.04
1479,10,-0.1,0,0,0.1,4.06,0,2.06
1480,10,-0.1,0,0,0.1,4.06,0,2.08
1481,10,-0.1,0,0,0.1,4.06,0,2.1
1482,10,-0.1,0,0,0.1,4.06,0,2.12
1483,10,-0.1,0,0,0.1,4.06,0,2.14
1484,10,-0.1,0,0,0.1,4.06,0,2.16
1485,10,-0.1,0,0,0.1,4.06,0,2.18
1486,10,-0.1,0,0,0.1,4.06,0,2.2
1487,10,-0.1,0,0,0.1,4.06,0,2.22
1488,10,-0.1,0,0,0.1,4.06,0,2.24
1489,10,-0.1,0,0,0.1,4.06,0,2.26
1490,10,-0.1,0,0,0.1,4.06,0,2.28
1491,10,-0.1,0,0,0.1,4.06,0,2.3
1492,10,-0.1,0,0,0.1,4.06,0,2.32
1493,10,-0.1,0,0,0.1,4.06,0,2.34
1494,10,-0.1,0,0,0.1,4.06,0,2.36
1495,10,-0.1,0,0,0.1,4.06,0,2.38
1496,10,-0.1,0,0,0.1,4.06,0,2.4
1497,10,-0.1,0,0,0.1,4.06,0,2.42
1498,10,-0.1,0,0,0.1,4.06,0,2.44
1499,10,-0.1,0,0,0.1,4.06,0,2.46
1500,10,-0.1,0,0,0.1,4.06,0,2.48
1501,10,-0.1,0,0,0.1,4.06,0,2.5
1502,10,-0.1,0,0,0.1,4.06,0,2.52
1503,10,-0.1,0,0,0.1,4.06,0,2.54
1504,10,-0.1,0,0,0.1,4.06,0,2.56
1505,10,-0.1,0,0,0.1,4.06,0,2.58
1506,10,-0.1,0,0,0.1,4.06,0,2.6
1507,10,-0.1,0,0,0.1,4.06,0,2.62
1508,10,-0.1,0,0,0.1,4.06,0,2.64
1509,10,-0.1,0,0,0.1,4.06,0,2.66
1510,10,-0.1,0,0,0.1,4.06,0,2.68
1511,10,-0.1,0,0,0.1,4.06,0,2.7
1512,10,-0.1,0,0,0.1,4.06,0,2.72
1513,10,-0.1,0,0,0.1,4.06,0,2.74
1514,10,-0.1,0,0,0.1,4.06,0,2.76
1515,10,-0.1,0,0,0.1,4.06,0,2.78
1516,10,-0.1,0,0,0.1,4.06,0,2.8
1517,10,-0.1,0,0,0.1,4.06,0,2.82
1518,10,-0.1,0,0,0.1,4.06,0,2.84
1519,10,-0.1,0,0,0.1,4.06,0,2.86
1520,10,-0.1,0,0,0.1,4.06,0,2.88
1521,10,-0.1,0,0,0.1,4.06,0,2.9
1522,10,-0.1,0,0,0.1,4.06,0,2.92
1523,10,-0.1,0,0,0.1,4.06,0,2.94
1524,10,-0.1,0,0,0.1,4.06,0,2.96
1525,10,-0.1,0,0,0.1,4.06,0,2.98
1526,10,-0.1,0,0,0.1,4.06,0,3
